"FullName","Length","LastWriteTime"
"C:\Users\user\AppData\Local\CapCut Drafts\0113",,"2024-01-13 오후 9:12:04"
"C:\Users\user\AppData\Local\CapCut Drafts\0113 (1)",,"2024-01-13 오후 9:43:57"
"C:\Users\user\AppData\Local\CapCut Drafts\0220",,"2024-02-20 오후 7:54:55"
"C:\Users\user\AppData\Local\CapCut Drafts\0406",,"2025-04-06 오후 4:36:49"
"C:\Users\user\AppData\Local\CapCut Drafts\0608",,"2026-06-08 오후 11:49:01"
"C:\Users\user\AppData\Local\CapCut Drafts\0609",,"2026-06-09 오전 1:31:41"
"C:\Users\user\AppData\Local\CapCut Drafts\0609 (1)",,"2026-06-09 오전 3:09:51"
"C:\Users\user\AppData\Local\CapCut Drafts\0609 (2)",,"2026-06-09 오후 8:40:44"
"C:\Users\user\AppData\Local\CapCut Drafts\0609 (3)",,"2026-06-10 오전 2:06:51"
"C:\Users\user\AppData\Local\CapCut Drafts\0610",,"2026-06-11 오전 12:07:40"
"C:\Users\user\AppData\Local\CapCut Drafts\0611",,"2026-06-11 오전 2:47:28"
"C:\Users\user\AppData\Local\CapCut Drafts\0613",,"2026-06-14 오전 4:33:14"
"C:\Users\user\AppData\Local\CapCut Drafts\0614",,"2026-06-15 오전 2:20:09"
"C:\Users\user\AppData\Local\CapCut Drafts\0615",,"2026-06-15 오전 2:39:54"
"C:\Users\user\AppData\Local\CapCut Drafts\0615 (1)",,"2026-06-16 오전 2:22:45"
"C:\Users\user\AppData\Local\CapCut Drafts\0616",,"2026-06-16 오전 2:57:52"
"C:\Users\user\AppData\Local\CapCut Drafts\0616 (1)",,"2026-06-16 오전 3:11:13"
"C:\Users\user\AppData\Local\CapCut Drafts\0616 (2)",,"2026-06-17 오전 12:13:36"
"C:\Users\user\AppData\Local\CapCut Drafts\0617",,"2026-06-18 오전 1:42:07"
"C:\Users\user\AppData\Local\CapCut Drafts\0618",,"2026-06-18 오전 2:58:49"
"C:\Users\user\AppData\Local\CapCut Drafts\0620",,"2026-06-21 오전 4:07:53"
"C:\Users\user\AppData\Local\CapCut Drafts\0621",,"2026-06-21 오후 8:04:07"
"C:\Users\user\AppData\Local\CapCut Drafts\0622",,"2026-06-24 오전 2:58:53"
"C:\Users\user\AppData\Local\CapCut Drafts\0625",,"2026-06-25 오전 4:40:30"
"C:\Users\user\AppData\Local\CapCut Drafts\0628",,"2026-06-29 오전 12:56:37"
"C:\Users\user\AppData\Local\CapCut Drafts\0705",,"2026-07-07 오전 1:31:35"
"C:\Users\user\AppData\Local\CapCut Drafts\0707",,"2026-07-07 오전 1:38:17"
"C:\Users\user\AppData\Local\CapCut Drafts\0707 (1)",,"2026-07-07 오후 9:13:00"
"C:\Users\user\AppData\Local\CapCut Drafts\0707 (2)",,"2026-07-07 오후 10:28:00"
"C:\Users\user\AppData\Local\CapCut Drafts\0707 (3)",,"2026-07-07 오후 10:43:16"
"C:\Users\user\AppData\Local\CapCut Drafts\3_capcut_project_20260707_223642",,"2026-07-07 오후 10:36:42"
"C:\Users\user\AppData\Local\CapCut Drafts\차량용(유튜브)",,"2026-06-24 오전 2:59:36"
"C:\Users\user\AppData\Local\CapCut Drafts\휴대용선풍기",,"2026-06-19 오전 4:26:28"
"C:\Users\user\AppData\Local\CapCut Drafts\0113\common_attachment",,"2024-01-13 오후 9:11:46"
"C:\Users\user\AppData\Local\CapCut Drafts\0113\matting",,"2024-01-13 오후 9:11:46"
"C:\Users\user\AppData\Local\CapCut Drafts\0113\Resources",,"2024-01-13 오후 9:11:46"
"C:\Users\user\AppData\Local\CapCut Drafts\0113\smart_crop",,"2024-01-13 오후 9:11:46"
"C:\Users\user\AppData\Local\CapCut Drafts\0113\attachment_pc_common.json","262","2024-01-13 오후 9:12:03"
"C:\Users\user\AppData\Local\CapCut Drafts\0113\draft_agency_config.json","64","2024-01-13 오후 9:11:46"
"C:\Users\user\AppData\Local\CapCut Drafts\0113\draft_content.json","2420","2024-01-13 오후 9:12:03"
"C:\Users\user\AppData\Local\CapCut Drafts\0113\draft_content.json.bak","2420","2024-01-13 오후 9:11:49"
"C:\Users\user\AppData\Local\CapCut Drafts\0113\draft_cover.jpg","5307","2024-01-13 오후 9:12:03"
"C:\Users\user\AppData\Local\CapCut Drafts\0113\draft_meta_info.json","1778","2024-01-13 오후 9:12:04"
"C:\Users\user\AppData\Local\CapCut Drafts\0113\draft_settings","114","2024-01-13 오후 9:12:03"
"C:\Users\user\AppData\Local\CapCut Drafts\0113\draft_virtual_store.json","306","2024-01-13 오후 9:11:49"
"C:\Users\user\AppData\Local\CapCut Drafts\0113\template-2.tmp","2420","2024-01-13 오후 9:12:03"
"C:\Users\user\AppData\Local\CapCut Drafts\0113\template.tmp","2099","2024-01-13 오후 9:11:46"
"C:\Users\user\AppData\Local\CapCut Drafts\0113\Resources\audioAlg",,"2024-01-13 오후 9:11:46"
"C:\Users\user\AppData\Local\CapCut Drafts\0113\Resources\videoAlg",,"2024-01-13 오후 9:11:46"
"C:\Users\user\AppData\Local\CapCut Drafts\0113 (1)\common_attachment",,"2024-01-13 오후 9:32:29"
"C:\Users\user\AppData\Local\CapCut Drafts\0113 (1)\matting",,"2024-01-13 오후 9:32:29"
"C:\Users\user\AppData\Local\CapCut Drafts\0113 (1)\Resources",,"2024-01-13 오후 9:32:29"
"C:\Users\user\AppData\Local\CapCut Drafts\0113 (1)\smart_crop",,"2024-01-13 오후 9:32:29"
"C:\Users\user\AppData\Local\CapCut Drafts\0113 (1)\attachment_pc_common.json","262","2024-01-13 오후 9:43:56"
"C:\Users\user\AppData\Local\CapCut Drafts\0113 (1)\draft_agency_config.json","64","2024-01-13 오후 9:32:29"
"C:\Users\user\AppData\Local\CapCut Drafts\0113 (1)\draft_content.json","5923","2024-01-13 오후 9:43:56"
"C:\Users\user\AppData\Local\CapCut Drafts\0113 (1)\draft_content.json.bak","5923","2024-01-13 오후 9:37:21"
"C:\Users\user\AppData\Local\CapCut Drafts\0113 (1)\draft_cover.jpg","27331","2024-01-13 오후 9:43:56"
"C:\Users\user\AppData\Local\CapCut Drafts\0113 (1)\draft_meta_info.json","1784","2024-01-13 오후 9:43:57"
"C:\Users\user\AppData\Local\CapCut Drafts\0113 (1)\draft_settings","151","2024-01-13 오후 9:43:56"
"C:\Users\user\AppData\Local\CapCut Drafts\0113 (1)\draft_virtual_store.json","306","2024-01-13 오후 9:32:40"
"C:\Users\user\AppData\Local\CapCut Drafts\0113 (1)\key_value.json","1508","2024-01-13 오후 9:43:57"
"C:\Users\user\AppData\Local\CapCut Drafts\0113 (1)\template-2.tmp","5923","2024-01-13 오후 9:43:56"
"C:\Users\user\AppData\Local\CapCut Drafts\0113 (1)\template.tmp","2099","2024-01-13 오후 9:34:53"
"C:\Users\user\AppData\Local\CapCut Drafts\0113 (1)\Resources\audioAlg",,"2024-01-13 오후 9:32:29"
"C:\Users\user\AppData\Local\CapCut Drafts\0113 (1)\Resources\videoAlg",,"2024-01-13 오후 9:32:29"
"C:\Users\user\AppData\Local\CapCut Drafts\0220\common_attachment",,"2024-02-20 오후 7:52:40"
"C:\Users\user\AppData\Local\CapCut Drafts\0220\matting",,"2024-02-20 오후 7:52:39"
"C:\Users\user\AppData\Local\CapCut Drafts\0220\Resources",,"2024-02-20 오후 7:52:39"
"C:\Users\user\AppData\Local\CapCut Drafts\0220\smart_crop",,"2024-02-20 오후 7:52:39"
"C:\Users\user\AppData\Local\CapCut Drafts\0220\attachment_pc_common.json","262","2024-02-20 오후 7:54:54"
"C:\Users\user\AppData\Local\CapCut Drafts\0220\draft.extra","26","2024-02-20 오후 7:53:33"
"C:\Users\user\AppData\Local\CapCut Drafts\0220\draft_agency_config.json","64","2024-02-20 오후 7:52:39"
"C:\Users\user\AppData\Local\CapCut Drafts\0220\draft_content.json","9212","2024-02-20 오후 7:54:54"
"C:\Users\user\AppData\Local\CapCut Drafts\0220\draft_content.json.bak","9212","2024-02-20 오후 7:54:54"
"C:\Users\user\AppData\Local\CapCut Drafts\0220\draft_cover.jpg","58023","2024-02-20 오후 7:54:54"
"C:\Users\user\AppData\Local\CapCut Drafts\0220\draft_meta_info.json","2203","2024-02-20 오후 7:54:55"
"C:\Users\user\AppData\Local\CapCut Drafts\0220\draft_settings","115","2024-02-20 오후 7:54:54"
"C:\Users\user\AppData\Local\CapCut Drafts\0220\draft_virtual_store.json","373","2024-02-20 오후 7:53:08"
"C:\Users\user\AppData\Local\CapCut Drafts\0220\key_value.json","2403","2024-02-20 오후 7:54:55"
"C:\Users\user\AppData\Local\CapCut Drafts\0220\template-2.tmp","9212","2024-02-20 오후 7:54:54"
"C:\Users\user\AppData\Local\CapCut Drafts\0220\template.tmp","2099","2024-02-20 오후 7:52:40"
"C:\Users\user\AppData\Local\CapCut Drafts\0220\Resources\audioAlg",,"2024-02-20 오후 7:52:39"
"C:\Users\user\AppData\Local\CapCut Drafts\0220\Resources\videoAlg",,"2024-02-20 오후 7:52:39"
"C:\Users\user\AppData\Local\CapCut Drafts\0406\common_attachment",,"2025-04-06 오후 4:19:31"
"C:\Users\user\AppData\Local\CapCut Drafts\0406\matting",,"2025-04-06 오후 4:19:30"
"C:\Users\user\AppData\Local\CapCut Drafts\0406\Resources",,"2025-04-06 오후 4:19:30"
"C:\Users\user\AppData\Local\CapCut Drafts\0406\smart_crop",,"2025-04-06 오후 4:19:30"
"C:\Users\user\AppData\Local\CapCut Drafts\0406\attachment_pc_common.json","262","2025-04-06 오후 4:36:49"
"C:\Users\user\AppData\Local\CapCut Drafts\0406\draft.extra","26","2025-04-06 오후 4:21:04"
"C:\Users\user\AppData\Local\CapCut Drafts\0406\draft_agency_config.json","64","2025-04-06 오후 4:19:30"
"C:\Users\user\AppData\Local\CapCut Drafts\0406\draft_content.json","5806","2025-04-06 오후 4:36:49"
"C:\Users\user\AppData\Local\CapCut Drafts\0406\draft_content.json.bak","5806","2025-04-06 오후 4:21:28"
"C:\Users\user\AppData\Local\CapCut Drafts\0406\draft_cover.jpg","28578","2025-04-06 오후 4:36:49"
"C:\Users\user\AppData\Local\CapCut Drafts\0406\draft_meta_info.json","1773","2025-04-06 오후 4:36:49"
"C:\Users\user\AppData\Local\CapCut Drafts\0406\draft_settings","116","2025-04-06 오후 4:36:49"
"C:\Users\user\AppData\Local\CapCut Drafts\0406\draft_virtual_store.json","306","2025-04-06 오후 4:19:39"
"C:\Users\user\AppData\Local\CapCut Drafts\0406\key_value.json","1508","2025-04-06 오후 4:36:49"
"C:\Users\user\AppData\Local\CapCut Drafts\0406\template-2.tmp","5806","2025-04-06 오후 4:36:49"
"C:\Users\user\AppData\Local\CapCut Drafts\0406\template.tmp","2099","2025-04-06 오후 4:19:31"
"C:\Users\user\AppData\Local\CapCut Drafts\0406\Resources\audioAlg",,"2025-04-06 오후 4:19:30"
"C:\Users\user\AppData\Local\CapCut Drafts\0406\Resources\videoAlg",,"2025-04-06 오후 4:19:30"
"C:\Users\user\AppData\Local\CapCut Drafts\0608\adjust_mask",,"2026-06-08 오후 11:48:55"
"C:\Users\user\AppData\Local\CapCut Drafts\0608\common_attachment",,"2026-06-08 오후 11:48:55"
"C:\Users\user\AppData\Local\CapCut Drafts\0608\matting",,"2026-06-08 오후 11:48:55"
"C:\Users\user\AppData\Local\CapCut Drafts\0608\qr_upload",,"2026-06-08 오후 11:48:55"
"C:\Users\user\AppData\Local\CapCut Drafts\0608\Resources",,"2026-06-08 오후 11:48:54"
"C:\Users\user\AppData\Local\CapCut Drafts\0608\smart_crop",,"2026-06-08 오후 11:48:55"
"C:\Users\user\AppData\Local\CapCut Drafts\0608\subdraft",,"2026-06-08 오후 11:48:55"
"C:\Users\user\AppData\Local\CapCut Drafts\0608\Timelines",,"2026-06-08 오후 11:48:55"
"C:\Users\user\AppData\Local\CapCut Drafts\0608\.locked","0","2026-06-08 오후 11:48:54"
"C:\Users\user\AppData\Local\CapCut Drafts\0608\draft_agency_config.json","154","2026-06-08 오후 11:48:54"
"C:\Users\user\AppData\Local\CapCut Drafts\0608\draft_biz_config.json","0","2026-06-08 오후 11:48:54"
"C:\Users\user\AppData\Local\CapCut Drafts\0608\draft_content.json","12163","2026-06-08 오후 11:49:12"
"C:\Users\user\AppData\Local\CapCut Drafts\0608\draft_content.json.bak","9899","2026-06-08 오후 11:49:05"
"C:\Users\user\AppData\Local\CapCut Drafts\0608\draft_meta_info.json","2577","2026-06-08 오후 11:49:12"
"C:\Users\user\AppData\Local\CapCut Drafts\0608\draft_settings","113","2026-06-08 오후 11:48:54"
"C:\Users\user\AppData\Local\CapCut Drafts\0608\draft_virtual_store.json","398","2026-06-08 오후 11:49:01"
"C:\Users\user\AppData\Local\CapCut Drafts\0608\template-2.tmp","12163","2026-06-08 오후 11:49:12"
"C:\Users\user\AppData\Local\CapCut Drafts\0608\timeline_layout.json","154","2026-06-08 오후 11:48:55"
"C:\Users\user\AppData\Local\CapCut Drafts\0608\Resources\audioAlg",,"2026-06-08 오후 11:48:54"
"C:\Users\user\AppData\Local\CapCut Drafts\0608\Resources\videoAlg",,"2026-06-08 오후 11:48:54"
"C:\Users\user\AppData\Local\CapCut Drafts\0608\Timelines\3EF53A96-0464-4512-916D-92073DE03FC8",,"2026-06-08 오후 11:49:01"
"C:\Users\user\AppData\Local\CapCut Drafts\0608\Timelines\project.json","437","2026-06-08 오후 11:48:55"
"C:\Users\user\AppData\Local\CapCut Drafts\0608\Timelines\project.json.bak","437","2026-06-08 오후 11:48:55"
"C:\Users\user\AppData\Local\CapCut Drafts\0608\Timelines\3EF53A96-0464-4512-916D-92073DE03FC8\attachment",,"2026-06-08 오후 11:48:55"
"C:\Users\user\AppData\Local\CapCut Drafts\0608\Timelines\3EF53A96-0464-4512-916D-92073DE03FC8\common_attachment",,"2026-06-08 오후 11:48:55"
"C:\Users\user\AppData\Local\CapCut Drafts\0608\Timelines\3EF53A96-0464-4512-916D-92073DE03FC8\draft_content.json","12163","2026-06-08 오후 11:49:12"
"C:\Users\user\AppData\Local\CapCut Drafts\0608\Timelines\3EF53A96-0464-4512-916D-92073DE03FC8\draft_content.json.bak","9899","2026-06-08 오후 11:49:05"
"C:\Users\user\AppData\Local\CapCut Drafts\0608\Timelines\3EF53A96-0464-4512-916D-92073DE03FC8\template-2.tmp","12163","2026-06-08 오후 11:49:12"
"C:\Users\user\AppData\Local\CapCut Drafts\0608\Timelines\3EF53A96-0464-4512-916D-92073DE03FC8\template.tmp","3892","2026-06-08 오후 11:48:55"
"C:\Users\user\AppData\Local\CapCut Drafts\0608\Timelines\3EF53A96-0464-4512-916D-92073DE03FC8\attachment\patch",,"2026-06-08 오후 11:48:55"
"C:\Users\user\AppData\Local\CapCut Drafts\0609\adjust_mask",,"2026-06-09 오전 1:19:44"
"C:\Users\user\AppData\Local\CapCut Drafts\0609\common_attachment",,"2026-06-09 오전 1:19:45"
"C:\Users\user\AppData\Local\CapCut Drafts\0609\matting",,"2026-06-09 오전 1:19:44"
"C:\Users\user\AppData\Local\CapCut Drafts\0609\qr_upload",,"2026-06-09 오전 1:19:45"
"C:\Users\user\AppData\Local\CapCut Drafts\0609\Resources",,"2026-06-09 오전 1:19:44"
"C:\Users\user\AppData\Local\CapCut Drafts\0609\smart_crop",,"2026-06-09 오전 1:19:44"
"C:\Users\user\AppData\Local\CapCut Drafts\0609\Timelines",,"2026-06-09 오전 1:19:44"
"C:\Users\user\AppData\Local\CapCut Drafts\0609\.locked","0","2026-06-09 오전 1:19:44"
"C:\Users\user\AppData\Local\CapCut Drafts\0609\draft_agency_config.json","1426","2026-06-09 오전 1:31:41"
"C:\Users\user\AppData\Local\CapCut Drafts\0609\draft_biz_config.json","0","2026-06-09 오전 1:19:44"
"C:\Users\user\AppData\Local\CapCut Drafts\0609\draft_content.json","42887","2026-06-09 오전 1:31:52"
"C:\Users\user\AppData\Local\CapCut Drafts\0609\draft_content.json.bak","42887","2026-06-09 오전 1:31:41"
"C:\Users\user\AppData\Local\CapCut Drafts\0609\draft_meta_info.json","6075","2026-06-09 오전 1:31:52"
"C:\Users\user\AppData\Local\CapCut Drafts\0609\draft_settings","113","2026-06-09 오전 1:19:44"
"C:\Users\user\AppData\Local\CapCut Drafts\0609\draft_virtual_store.json","934","2026-06-09 오전 1:31:52"
"C:\Users\user\AppData\Local\CapCut Drafts\0609\template-2.tmp","42887","2026-06-09 오전 1:31:52"
"C:\Users\user\AppData\Local\CapCut Drafts\0609\timeline_layout.json","154","2026-06-09 오전 1:19:45"
"C:\Users\user\AppData\Local\CapCut Drafts\0609\Resources\audioAlg",,"2026-06-09 오전 1:19:44"
"C:\Users\user\AppData\Local\CapCut Drafts\0609\Resources\videoAlg",,"2026-06-09 오전 1:19:44"
"C:\Users\user\AppData\Local\CapCut Drafts\0609\Timelines\D1EDA17C-BA22-4a52-99D8-FCBDE163229C",,"2026-06-09 오전 1:21:50"
"C:\Users\user\AppData\Local\CapCut Drafts\0609\Timelines\project.json","437","2026-06-09 오전 1:22:12"
"C:\Users\user\AppData\Local\CapCut Drafts\0609\Timelines\project.json.bak","437","2026-06-09 오전 1:22:12"
"C:\Users\user\AppData\Local\CapCut Drafts\0609\Timelines\D1EDA17C-BA22-4a52-99D8-FCBDE163229C\common_attachment",,"2026-06-09 오전 1:19:44"
"C:\Users\user\AppData\Local\CapCut Drafts\0609\Timelines\D1EDA17C-BA22-4a52-99D8-FCBDE163229C\draft_content.json","42887","2026-06-09 오전 1:31:52"
"C:\Users\user\AppData\Local\CapCut Drafts\0609\Timelines\D1EDA17C-BA22-4a52-99D8-FCBDE163229C\draft_content.json.bak","42887","2026-06-09 오전 1:31:41"
"C:\Users\user\AppData\Local\CapCut Drafts\0609\Timelines\D1EDA17C-BA22-4a52-99D8-FCBDE163229C\template-2.tmp","42887","2026-06-09 오전 1:31:52"
"C:\Users\user\AppData\Local\CapCut Drafts\0609\Timelines\D1EDA17C-BA22-4a52-99D8-FCBDE163229C\template.tmp","3892","2026-06-09 오전 1:19:45"
"C:\Users\user\AppData\Local\CapCut Drafts\0609 (1)\adjust_mask",,"2026-06-09 오전 2:33:52"
"C:\Users\user\AppData\Local\CapCut Drafts\0609 (1)\common_attachment",,"2026-06-09 오전 3:09:50"
"C:\Users\user\AppData\Local\CapCut Drafts\0609 (1)\matting",,"2026-06-09 오전 2:33:52"
"C:\Users\user\AppData\Local\CapCut Drafts\0609 (1)\qr_upload",,"2026-06-09 오전 2:33:52"
"C:\Users\user\AppData\Local\CapCut Drafts\0609 (1)\Resources",,"2026-06-09 오전 3:09:52"
"C:\Users\user\AppData\Local\CapCut Drafts\0609 (1)\smart_crop",,"2026-06-09 오전 2:33:52"
"C:\Users\user\AppData\Local\CapCut Drafts\0609 (1)\Timelines",,"2026-06-09 오전 2:33:52"
"C:\Users\user\AppData\Local\CapCut Drafts\0609 (1)\attachment_pc_common.json","698","2026-06-09 오전 3:09:50"
"C:\Users\user\AppData\Local\CapCut Drafts\0609 (1)\draft_agency_config.json","1415","2026-06-09 오전 2:53:28"
"C:\Users\user\AppData\Local\CapCut Drafts\0609 (1)\draft_biz_config.json","0","2026-06-09 오전 2:33:52"
"C:\Users\user\AppData\Local\CapCut Drafts\0609 (1)\draft_content.json","49002","2026-06-09 오전 3:09:50"
"C:\Users\user\AppData\Local\CapCut Drafts\0609 (1)\draft_content.json.bak","49002","2026-06-09 오전 3:09:47"
"C:\Users\user\AppData\Local\CapCut Drafts\0609 (1)\draft_cover.jpg","158666","2026-06-09 오전 3:09:50"
"C:\Users\user\AppData\Local\CapCut Drafts\0609 (1)\draft_meta_info.json","7065","2026-06-09 오전 3:09:52"
"C:\Users\user\AppData\Local\CapCut Drafts\0609 (1)\draft_settings","116","2026-06-09 오전 3:09:50"
"C:\Users\user\AppData\Local\CapCut Drafts\0609 (1)\draft_virtual_store.json","1001","2026-06-09 오전 3:09:47"
"C:\Users\user\AppData\Local\CapCut Drafts\0609 (1)\key_value.json","16960","2026-06-09 오전 3:09:51"
"C:\Users\user\AppData\Local\CapCut Drafts\0609 (1)\performance_opt_info.json","71","2026-06-09 오전 3:09:51"
"C:\Users\user\AppData\Local\CapCut Drafts\0609 (1)\template-2.tmp","49002","2026-06-09 오전 3:09:50"
"C:\Users\user\AppData\Local\CapCut Drafts\0609 (1)\timeline_layout.json","150","2026-06-09 오전 2:33:52"
"C:\Users\user\AppData\Local\CapCut Drafts\0609 (1)\common_attachment\attachment_pc_timeline.json","124","2026-06-09 오전 3:09:50"
"C:\Users\user\AppData\Local\CapCut Drafts\0609 (1)\Resources\audioAlg",,"2026-06-09 오전 2:33:52"
"C:\Users\user\AppData\Local\CapCut Drafts\0609 (1)\Resources\digitalHuman",,"2026-06-09 오전 3:09:52"
"C:\Users\user\AppData\Local\CapCut Drafts\0609 (1)\Resources\videoAlg",,"2026-06-09 오전 2:33:52"
"C:\Users\user\AppData\Local\CapCut Drafts\0609 (1)\Resources\digitalHuman\audio",,"2026-06-09 오전 3:09:52"
"C:\Users\user\AppData\Local\CapCut Drafts\0609 (1)\Resources\digitalHuman\bsinfo",,"2026-06-09 오전 3:09:52"
"C:\Users\user\AppData\Local\CapCut Drafts\0609 (1)\Resources\digitalHuman\video",,"2026-06-09 오전 3:09:52"
"C:\Users\user\AppData\Local\CapCut Drafts\0609 (1)\Timelines\1881A558-544A-4d00-A2C7-DEC515908BDC",,"2026-06-09 오전 3:09:51"
"C:\Users\user\AppData\Local\CapCut Drafts\0609 (1)\Timelines\project.json","433","2026-06-09 오전 2:42:37"
"C:\Users\user\AppData\Local\CapCut Drafts\0609 (1)\Timelines\project.json.bak","433","2026-06-09 오전 2:42:37"
"C:\Users\user\AppData\Local\CapCut Drafts\0609 (1)\Timelines\1881A558-544A-4d00-A2C7-DEC515908BDC\common_attachment",,"2026-06-09 오전 3:09:52"
"C:\Users\user\AppData\Local\CapCut Drafts\0609 (1)\Timelines\1881A558-544A-4d00-A2C7-DEC515908BDC\attachment_editing.json","1797","2026-06-09 오전 3:09:51"
"C:\Users\user\AppData\Local\CapCut Drafts\0609 (1)\Timelines\1881A558-544A-4d00-A2C7-DEC515908BDC\attachment_pc_common.json","698","2026-06-09 오전 3:09:50"
"C:\Users\user\AppData\Local\CapCut Drafts\0609 (1)\Timelines\1881A558-544A-4d00-A2C7-DEC515908BDC\draft_content.json","49002","2026-06-09 오전 3:09:50"
"C:\Users\user\AppData\Local\CapCut Drafts\0609 (1)\Timelines\1881A558-544A-4d00-A2C7-DEC515908BDC\draft_content.json.bak","49002","2026-06-09 오전 3:09:47"
"C:\Users\user\AppData\Local\CapCut Drafts\0609 (1)\Timelines\1881A558-544A-4d00-A2C7-DEC515908BDC\draft_cover.jpg","158666","2026-06-09 오전 3:09:50"
"C:\Users\user\AppData\Local\CapCut Drafts\0609 (1)\Timelines\1881A558-544A-4d00-A2C7-DEC515908BDC\template-2.tmp","49002","2026-06-09 오전 3:09:50"
"C:\Users\user\AppData\Local\CapCut Drafts\0609 (1)\Timelines\1881A558-544A-4d00-A2C7-DEC515908BDC\template.tmp","3892","2026-06-09 오전 2:33:52"
"C:\Users\user\AppData\Local\CapCut Drafts\0609 (1)\Timelines\1881A558-544A-4d00-A2C7-DEC515908BDC\common_attachment\attachment_action_scene.json","61","2026-06-09 오전 3:09:51"
"C:\Users\user\AppData\Local\CapCut Drafts\0609 (1)\Timelines\1881A558-544A-4d00-A2C7-DEC515908BDC\common_attachment\attachment_gen_ai_info.json","418","2026-06-09 오전 3:09:51"
"C:\Users\user\AppData\Local\CapCut Drafts\0609 (1)\Timelines\1881A558-544A-4d00-A2C7-DEC515908BDC\common_attachment\attachment_pc_timeline.json","124","2026-06-09 오전 3:09:50"
"C:\Users\user\AppData\Local\CapCut Drafts\0609 (1)\Timelines\1881A558-544A-4d00-A2C7-DEC515908BDC\common_attachment\attachment_plugin_draft.json","59","2026-06-09 오전 3:09:51"
"C:\Users\user\AppData\Local\CapCut Drafts\0609 (1)\Timelines\1881A558-544A-4d00-A2C7-DEC515908BDC\common_attachment\attachment_script_video.json","201","2026-06-09 오전 3:09:51"
"C:\Users\user\AppData\Local\CapCut Drafts\0609 (2)\adjust_mask",,"2026-06-09 오후 8:29:47"
"C:\Users\user\AppData\Local\CapCut Drafts\0609 (2)\common_attachment",,"2026-06-09 오후 8:40:44"
"C:\Users\user\AppData\Local\CapCut Drafts\0609 (2)\matting",,"2026-06-09 오후 8:29:47"
"C:\Users\user\AppData\Local\CapCut Drafts\0609 (2)\qr_upload",,"2026-06-09 오후 8:29:48"
"C:\Users\user\AppData\Local\CapCut Drafts\0609 (2)\Resources",,"2026-06-09 오후 8:29:47"
"C:\Users\user\AppData\Local\CapCut Drafts\0609 (2)\smart_crop",,"2026-06-09 오후 8:29:47"
"C:\Users\user\AppData\Local\CapCut Drafts\0609 (2)\subdraft",,"2026-06-09 오후 8:29:48"
"C:\Users\user\AppData\Local\CapCut Drafts\0609 (2)\Timelines",,"2026-06-09 오후 8:29:47"
"C:\Users\user\AppData\Local\CapCut Drafts\0609 (2)\attachment_pc_common.json","698","2026-06-09 오후 8:40:44"
"C:\Users\user\AppData\Local\CapCut Drafts\0609 (2)\draft_agency_config.json","154","2026-06-09 오후 8:29:47"
"C:\Users\user\AppData\Local\CapCut Drafts\0609 (2)\draft_biz_config.json","0","2026-06-09 오후 8:29:47"
"C:\Users\user\AppData\Local\CapCut Drafts\0609 (2)\draft_content.json","10244","2026-06-09 오후 8:40:44"
"C:\Users\user\AppData\Local\CapCut Drafts\0609 (2)\draft_content.json.bak","10244","2026-06-09 오후 8:40:44"
"C:\Users\user\AppData\Local\CapCut Drafts\0609 (2)\draft_cover.jpg","199274","2026-06-09 오후 8:40:44"
"C:\Users\user\AppData\Local\CapCut Drafts\0609 (2)\draft_meta_info.json","7953","2026-06-09 오후 8:40:44"
"C:\Users\user\AppData\Local\CapCut Drafts\0609 (2)\draft_settings","115","2026-06-09 오후 8:40:44"
"C:\Users\user\AppData\Local\CapCut Drafts\0609 (2)\draft_virtual_store.json","1068","2026-06-09 오후 8:32:23"
"C:\Users\user\AppData\Local\CapCut Drafts\0609 (2)\key_value.json","3559","2026-06-09 오후 8:40:44"
"C:\Users\user\AppData\Local\CapCut Drafts\0609 (2)\performance_opt_info.json","71","2026-06-09 오후 8:40:44"
"C:\Users\user\AppData\Local\CapCut Drafts\0609 (2)\template-2.tmp","10244","2026-06-09 오후 8:40:44"
"C:\Users\user\AppData\Local\CapCut Drafts\0609 (2)\timeline_layout.json","150","2026-06-09 오후 8:29:48"
"C:\Users\user\AppData\Local\CapCut Drafts\0609 (2)\common_attachment\attachment_pc_timeline.json","124","2026-06-09 오후 8:40:44"
"C:\Users\user\AppData\Local\CapCut Drafts\0609 (2)\Resources\audioAlg",,"2026-06-09 오후 8:29:47"
"C:\Users\user\AppData\Local\CapCut Drafts\0609 (2)\Resources\videoAlg",,"2026-06-09 오후 8:29:47"
"C:\Users\user\AppData\Local\CapCut Drafts\0609 (2)\Timelines\83D6E7DD-2866-4886-A539-966282453CFB",,"2026-06-09 오후 8:40:44"
"C:\Users\user\AppData\Local\CapCut Drafts\0609 (2)\Timelines\project.json","433","2026-06-09 오후 8:29:59"
"C:\Users\user\AppData\Local\CapCut Drafts\0609 (2)\Timelines\project.json.bak","433","2026-06-09 오후 8:29:59"
"C:\Users\user\AppData\Local\CapCut Drafts\0609 (2)\Timelines\83D6E7DD-2866-4886-A539-966282453CFB\attachment",,"2026-06-09 오후 8:29:48"
"C:\Users\user\AppData\Local\CapCut Drafts\0609 (2)\Timelines\83D6E7DD-2866-4886-A539-966282453CFB\common_attachment",,"2026-06-09 오후 8:40:44"
"C:\Users\user\AppData\Local\CapCut Drafts\0609 (2)\Timelines\83D6E7DD-2866-4886-A539-966282453CFB\attachment_pc_common.json","698","2026-06-09 오후 8:40:44"
"C:\Users\user\AppData\Local\CapCut Drafts\0609 (2)\Timelines\83D6E7DD-2866-4886-A539-966282453CFB\draft_content.json","10244","2026-06-09 오후 8:40:44"
"C:\Users\user\AppData\Local\CapCut Drafts\0609 (2)\Timelines\83D6E7DD-2866-4886-A539-966282453CFB\draft_content.json.bak","10244","2026-06-09 오후 8:40:44"
"C:\Users\user\AppData\Local\CapCut Drafts\0609 (2)\Timelines\83D6E7DD-2866-4886-A539-966282453CFB\draft_cover.jpg","199274","2026-06-09 오후 8:40:44"
"C:\Users\user\AppData\Local\CapCut Drafts\0609 (2)\Timelines\83D6E7DD-2866-4886-A539-966282453CFB\template-2.tmp","10244","2026-06-09 오후 8:40:44"
"C:\Users\user\AppData\Local\CapCut Drafts\0609 (2)\Timelines\83D6E7DD-2866-4886-A539-966282453CFB\template.tmp","3892","2026-06-09 오후 8:29:47"
"C:\Users\user\AppData\Local\CapCut Drafts\0609 (2)\Timelines\83D6E7DD-2866-4886-A539-966282453CFB\attachment\patch",,"2026-06-09 오후 8:35:30"
"C:\Users\user\AppData\Local\CapCut Drafts\0609 (2)\Timelines\83D6E7DD-2866-4886-A539-966282453CFB\attachment\patch\mini_draft.json","8333","2026-06-09 오후 8:35:29"
"C:\Users\user\AppData\Local\CapCut Drafts\0609 (2)\Timelines\83D6E7DD-2866-4886-A539-966282453CFB\attachment\patch\patch.json","19","2026-06-09 오후 8:35:30"
"C:\Users\user\AppData\Local\CapCut Drafts\0609 (2)\Timelines\83D6E7DD-2866-4886-A539-966282453CFB\common_attachment\attachment_pc_timeline.json","124","2026-06-09 오후 8:40:44"
"C:\Users\user\AppData\Local\CapCut Drafts\0609 (3)\adjust_mask",,"2026-06-09 오후 8:41:08"
"C:\Users\user\AppData\Local\CapCut Drafts\0609 (3)\common_attachment",,"2026-06-10 오전 2:06:50"
"C:\Users\user\AppData\Local\CapCut Drafts\0609 (3)\matting",,"2026-06-09 오후 8:41:08"
"C:\Users\user\AppData\Local\CapCut Drafts\0609 (3)\qr_upload",,"2026-06-09 오후 8:41:08"
"C:\Users\user\AppData\Local\CapCut Drafts\0609 (3)\Resources",,"2026-06-10 오전 2:06:53"
"C:\Users\user\AppData\Local\CapCut Drafts\0609 (3)\smart_crop",,"2026-06-09 오후 8:41:08"
"C:\Users\user\AppData\Local\CapCut Drafts\0609 (3)\subdraft",,"2026-06-09 오후 8:41:08"
"C:\Users\user\AppData\Local\CapCut Drafts\0609 (3)\Timelines",,"2026-06-09 오후 8:41:08"
"C:\Users\user\AppData\Local\CapCut Drafts\0609 (3)\attachment_pc_common.json","698","2026-06-10 오전 2:06:50"
"C:\Users\user\AppData\Local\CapCut Drafts\0609 (3)\draft_agency_config.json","319","2026-06-10 오전 1:40:58"
"C:\Users\user\AppData\Local\CapCut Drafts\0609 (3)\draft_biz_config.json","132","2026-06-10 오전 1:46:21"
"C:\Users\user\AppData\Local\CapCut Drafts\0609 (3)\draft_content.json","67400","2026-06-10 오전 2:06:50"
"C:\Users\user\AppData\Local\CapCut Drafts\0609 (3)\draft_content.json.bak","67400","2026-06-10 오전 2:04:48"
"C:\Users\user\AppData\Local\CapCut Drafts\0609 (3)\draft_cover.jpg","219235","2026-06-10 오전 2:06:50"
"C:\Users\user\AppData\Local\CapCut Drafts\0609 (3)\draft_meta_info.json","10560","2026-06-10 오전 2:06:53"
"C:\Users\user\AppData\Local\CapCut Drafts\0609 (3)\draft_settings","117","2026-06-10 오전 2:06:50"
"C:\Users\user\AppData\Local\CapCut Drafts\0609 (3)\draft_virtual_store.json","1403","2026-06-10 오전 2:04:48"
"C:\Users\user\AppData\Local\CapCut Drafts\0609 (3)\key_value.json","47104","2026-06-10 오전 2:06:51"
"C:\Users\user\AppData\Local\CapCut Drafts\0609 (3)\performance_opt_info.json","71","2026-06-10 오전 2:06:51"
"C:\Users\user\AppData\Local\CapCut Drafts\0609 (3)\template-2.tmp","67400","2026-06-10 오전 2:06:50"
"C:\Users\user\AppData\Local\CapCut Drafts\0609 (3)\timeline_layout.json","154","2026-06-09 오후 8:41:08"
"C:\Users\user\AppData\Local\CapCut Drafts\0609 (3)\common_attachment\attachment_pc_timeline.json","124","2026-06-10 오전 2:06:50"
"C:\Users\user\AppData\Local\CapCut Drafts\0609 (3)\Resources\audioAlg",,"2026-06-09 오후 8:41:08"
"C:\Users\user\AppData\Local\CapCut Drafts\0609 (3)\Resources\combination",,"2026-06-10 오전 12:14:20"
"C:\Users\user\AppData\Local\CapCut Drafts\0609 (3)\Resources\digitalHuman",,"2026-06-10 오전 2:06:53"
"C:\Users\user\AppData\Local\CapCut Drafts\0609 (3)\Resources\videoAlg",,"2026-06-09 오후 8:41:08"
"C:\Users\user\AppData\Local\CapCut Drafts\0609 (3)\Resources\digitalHuman\audio",,"2026-06-10 오전 2:06:53"
"C:\Users\user\AppData\Local\CapCut Drafts\0609 (3)\Resources\digitalHuman\bsinfo",,"2026-06-10 오전 2:06:53"
"C:\Users\user\AppData\Local\CapCut Drafts\0609 (3)\Resources\digitalHuman\video",,"2026-06-10 오전 2:06:53"
"C:\Users\user\AppData\Local\CapCut Drafts\0609 (3)\Timelines\5EDF2730-FAAA-416c-8211-F3FFD012C428",,"2026-06-10 오전 2:06:53"
"C:\Users\user\AppData\Local\CapCut Drafts\0609 (3)\Timelines\project.json","437","2026-06-09 오후 8:42:57"
"C:\Users\user\AppData\Local\CapCut Drafts\0609 (3)\Timelines\project.json.bak","437","2026-06-09 오후 8:42:57"
"C:\Users\user\AppData\Local\CapCut Drafts\0609 (3)\Timelines\5EDF2730-FAAA-416c-8211-F3FFD012C428\attachment",,"2026-06-09 오후 8:41:08"
"C:\Users\user\AppData\Local\CapCut Drafts\0609 (3)\Timelines\5EDF2730-FAAA-416c-8211-F3FFD012C428\common_attachment",,"2026-06-10 오전 2:06:53"
"C:\Users\user\AppData\Local\CapCut Drafts\0609 (3)\Timelines\5EDF2730-FAAA-416c-8211-F3FFD012C428\attachment_editing.json","1797","2026-06-10 오전 2:06:53"
"C:\Users\user\AppData\Local\CapCut Drafts\0609 (3)\Timelines\5EDF2730-FAAA-416c-8211-F3FFD012C428\attachment_pc_common.json","698","2026-06-10 오전 2:06:50"
"C:\Users\user\AppData\Local\CapCut Drafts\0609 (3)\Timelines\5EDF2730-FAAA-416c-8211-F3FFD012C428\draft.extra","26","2026-06-10 오전 1:50:36"
"C:\Users\user\AppData\Local\CapCut Drafts\0609 (3)\Timelines\5EDF2730-FAAA-416c-8211-F3FFD012C428\draft_content.json","67400","2026-06-10 오전 2:06:50"
"C:\Users\user\AppData\Local\CapCut Drafts\0609 (3)\Timelines\5EDF2730-FAAA-416c-8211-F3FFD012C428\draft_content.json.bak","67400","2026-06-10 오전 2:04:48"
"C:\Users\user\AppData\Local\CapCut Drafts\0609 (3)\Timelines\5EDF2730-FAAA-416c-8211-F3FFD012C428\draft_cover.jpg","219235","2026-06-10 오전 2:06:50"
"C:\Users\user\AppData\Local\CapCut Drafts\0609 (3)\Timelines\5EDF2730-FAAA-416c-8211-F3FFD012C428\template-2.tmp","67400","2026-06-10 오전 2:06:50"
"C:\Users\user\AppData\Local\CapCut Drafts\0609 (3)\Timelines\5EDF2730-FAAA-416c-8211-F3FFD012C428\template.tmp","3892","2026-06-09 오후 8:41:08"
"C:\Users\user\AppData\Local\CapCut Drafts\0609 (3)\Timelines\5EDF2730-FAAA-416c-8211-F3FFD012C428\attachment\patch",,"2026-06-10 오전 1:50:48"
"C:\Users\user\AppData\Local\CapCut Drafts\0609 (3)\Timelines\5EDF2730-FAAA-416c-8211-F3FFD012C428\attachment\patch\mini_draft.json","65885","2026-06-10 오전 1:50:48"
"C:\Users\user\AppData\Local\CapCut Drafts\0609 (3)\Timelines\5EDF2730-FAAA-416c-8211-F3FFD012C428\attachment\patch\patch.json","19","2026-06-10 오전 1:50:48"
"C:\Users\user\AppData\Local\CapCut Drafts\0609 (3)\Timelines\5EDF2730-FAAA-416c-8211-F3FFD012C428\common_attachment\attachment_action_scene.json","61","2026-06-10 오전 2:06:53"
"C:\Users\user\AppData\Local\CapCut Drafts\0609 (3)\Timelines\5EDF2730-FAAA-416c-8211-F3FFD012C428\common_attachment\attachment_gen_ai_info.json","418","2026-06-10 오전 2:06:53"
"C:\Users\user\AppData\Local\CapCut Drafts\0609 (3)\Timelines\5EDF2730-FAAA-416c-8211-F3FFD012C428\common_attachment\attachment_pc_timeline.json","124","2026-06-10 오전 2:06:50"
"C:\Users\user\AppData\Local\CapCut Drafts\0609 (3)\Timelines\5EDF2730-FAAA-416c-8211-F3FFD012C428\common_attachment\attachment_plugin_draft.json","59","2026-06-10 오전 2:06:53"
"C:\Users\user\AppData\Local\CapCut Drafts\0609 (3)\Timelines\5EDF2730-FAAA-416c-8211-F3FFD012C428\common_attachment\attachment_script_video.json","201","2026-06-10 오전 2:06:53"
"C:\Users\user\AppData\Local\CapCut Drafts\0610\adjust_mask",,"2026-06-10 오후 11:55:05"
"C:\Users\user\AppData\Local\CapCut Drafts\0610\common_attachment",,"2026-06-11 오전 12:07:39"
"C:\Users\user\AppData\Local\CapCut Drafts\0610\matting",,"2026-06-10 오후 11:55:05"
"C:\Users\user\AppData\Local\CapCut Drafts\0610\qr_upload",,"2026-06-10 오후 11:55:05"
"C:\Users\user\AppData\Local\CapCut Drafts\0610\Resources",,"2026-06-11 오전 12:07:40"
"C:\Users\user\AppData\Local\CapCut Drafts\0610\smart_crop",,"2026-06-10 오후 11:55:05"
"C:\Users\user\AppData\Local\CapCut Drafts\0610\subdraft",,"2026-06-10 오후 11:55:05"
"C:\Users\user\AppData\Local\CapCut Drafts\0610\Timelines",,"2026-06-10 오후 11:55:05"
"C:\Users\user\AppData\Local\CapCut Drafts\0610\attachment_pc_common.json","698","2026-06-11 오전 12:07:39"
"C:\Users\user\AppData\Local\CapCut Drafts\0610\draft_agency_config.json","451","2026-06-11 오전 12:07:18"
"C:\Users\user\AppData\Local\CapCut Drafts\0610\draft_biz_config.json","133","2026-06-10 오후 11:57:43"
"C:\Users\user\AppData\Local\CapCut Drafts\0610\draft_content.json","15660","2026-06-11 오전 12:07:39"
"C:\Users\user\AppData\Local\CapCut Drafts\0610\draft_content.json.bak","15660","2026-06-11 오전 12:07:37"
"C:\Users\user\AppData\Local\CapCut Drafts\0610\draft_cover.jpg","217133","2026-06-11 오전 12:07:39"
"C:\Users\user\AppData\Local\CapCut Drafts\0610\draft_meta_info.json","10355","2026-06-11 오전 12:07:40"
"C:\Users\user\AppData\Local\CapCut Drafts\0610\draft_settings","115","2026-06-11 오전 12:07:39"
"C:\Users\user\AppData\Local\CapCut Drafts\0610\draft_virtual_store.json","1403","2026-06-11 오전 12:07:31"
"C:\Users\user\AppData\Local\CapCut Drafts\0610\key_value.json","4815","2026-06-11 오전 12:07:40"
"C:\Users\user\AppData\Local\CapCut Drafts\0610\performance_opt_info.json","71","2026-06-11 오전 12:07:40"
"C:\Users\user\AppData\Local\CapCut Drafts\0610\template-2.tmp","15660","2026-06-11 오전 12:07:39"
"C:\Users\user\AppData\Local\CapCut Drafts\0610\timeline_layout.json","154","2026-06-10 오후 11:55:05"
"C:\Users\user\AppData\Local\CapCut Drafts\0610\common_attachment\attachment_pc_timeline.json","124","2026-06-11 오전 12:07:39"
"C:\Users\user\AppData\Local\CapCut Drafts\0610\Resources\audioAlg",,"2026-06-10 오후 11:55:04"
"C:\Users\user\AppData\Local\CapCut Drafts\0610\Resources\digitalHuman",,"2026-06-11 오전 12:07:40"
"C:\Users\user\AppData\Local\CapCut Drafts\0610\Resources\videoAlg",,"2026-06-10 오후 11:55:04"
"C:\Users\user\AppData\Local\CapCut Drafts\0610\Resources\digitalHuman\audio",,"2026-06-11 오전 12:07:40"
"C:\Users\user\AppData\Local\CapCut Drafts\0610\Resources\digitalHuman\bsinfo",,"2026-06-11 오전 12:07:40"
"C:\Users\user\AppData\Local\CapCut Drafts\0610\Resources\digitalHuman\video",,"2026-06-11 오전 12:07:40"
"C:\Users\user\AppData\Local\CapCut Drafts\0610\Timelines\0F0E503D-7D04-4bde-A48A-AD64EBA26B17",,"2026-06-11 오전 12:07:40"
"C:\Users\user\AppData\Local\CapCut Drafts\0610\Timelines\project.json","437","2026-06-10 오후 11:56:23"
"C:\Users\user\AppData\Local\CapCut Drafts\0610\Timelines\project.json.bak","437","2026-06-10 오후 11:56:23"
"C:\Users\user\AppData\Local\CapCut Drafts\0610\Timelines\0F0E503D-7D04-4bde-A48A-AD64EBA26B17\attachment",,"2026-06-10 오후 11:55:05"
"C:\Users\user\AppData\Local\CapCut Drafts\0610\Timelines\0F0E503D-7D04-4bde-A48A-AD64EBA26B17\common_attachment",,"2026-06-11 오전 12:07:40"
"C:\Users\user\AppData\Local\CapCut Drafts\0610\Timelines\0F0E503D-7D04-4bde-A48A-AD64EBA26B17\attachment_editing.json","1797","2026-06-11 오전 12:07:40"
"C:\Users\user\AppData\Local\CapCut Drafts\0610\Timelines\0F0E503D-7D04-4bde-A48A-AD64EBA26B17\attachment_pc_common.json","698","2026-06-11 오전 12:07:39"
"C:\Users\user\AppData\Local\CapCut Drafts\0610\Timelines\0F0E503D-7D04-4bde-A48A-AD64EBA26B17\draft_content.json","15660","2026-06-11 오전 12:07:39"
"C:\Users\user\AppData\Local\CapCut Drafts\0610\Timelines\0F0E503D-7D04-4bde-A48A-AD64EBA26B17\draft_content.json.bak","15660","2026-06-11 오전 12:07:37"
"C:\Users\user\AppData\Local\CapCut Drafts\0610\Timelines\0F0E503D-7D04-4bde-A48A-AD64EBA26B17\draft_cover.jpg","217133","2026-06-11 오전 12:07:39"
"C:\Users\user\AppData\Local\CapCut Drafts\0610\Timelines\0F0E503D-7D04-4bde-A48A-AD64EBA26B17\template-2.tmp","15660","2026-06-11 오전 12:07:39"
"C:\Users\user\AppData\Local\CapCut Drafts\0610\Timelines\0F0E503D-7D04-4bde-A48A-AD64EBA26B17\template.tmp","3892","2026-06-10 오후 11:55:05"
"C:\Users\user\AppData\Local\CapCut Drafts\0610\Timelines\0F0E503D-7D04-4bde-A48A-AD64EBA26B17\attachment\patch",,"2026-06-11 오전 12:07:37"
"C:\Users\user\AppData\Local\CapCut Drafts\0610\Timelines\0F0E503D-7D04-4bde-A48A-AD64EBA26B17\attachment\patch\mini_draft.json","15568","2026-06-11 오전 12:07:37"
"C:\Users\user\AppData\Local\CapCut Drafts\0610\Timelines\0F0E503D-7D04-4bde-A48A-AD64EBA26B17\attachment\patch\patch.json","19","2026-06-11 오전 12:07:37"
"C:\Users\user\AppData\Local\CapCut Drafts\0610\Timelines\0F0E503D-7D04-4bde-A48A-AD64EBA26B17\common_attachment\attachment_action_scene.json","61","2026-06-11 오전 12:07:40"
"C:\Users\user\AppData\Local\CapCut Drafts\0610\Timelines\0F0E503D-7D04-4bde-A48A-AD64EBA26B17\common_attachment\attachment_gen_ai_info.json","418","2026-06-11 오전 12:07:40"
"C:\Users\user\AppData\Local\CapCut Drafts\0610\Timelines\0F0E503D-7D04-4bde-A48A-AD64EBA26B17\common_attachment\attachment_pc_timeline.json","124","2026-06-11 오전 12:07:39"
"C:\Users\user\AppData\Local\CapCut Drafts\0610\Timelines\0F0E503D-7D04-4bde-A48A-AD64EBA26B17\common_attachment\attachment_plugin_draft.json","59","2026-06-11 오전 12:07:40"
"C:\Users\user\AppData\Local\CapCut Drafts\0610\Timelines\0F0E503D-7D04-4bde-A48A-AD64EBA26B17\common_attachment\attachment_script_video.json","201","2026-06-11 오전 12:07:40"
"C:\Users\user\AppData\Local\CapCut Drafts\0611\adjust_mask",,"2026-06-11 오전 12:07:42"
"C:\Users\user\AppData\Local\CapCut Drafts\0611\common_attachment",,"2026-06-11 오전 12:07:42"
"C:\Users\user\AppData\Local\CapCut Drafts\0611\matting",,"2026-06-11 오전 12:07:42"
"C:\Users\user\AppData\Local\CapCut Drafts\0611\qr_upload",,"2026-06-11 오전 12:07:42"
"C:\Users\user\AppData\Local\CapCut Drafts\0611\Resources",,"2026-06-11 오전 12:07:42"
"C:\Users\user\AppData\Local\CapCut Drafts\0611\smart_crop",,"2026-06-11 오전 12:07:42"
"C:\Users\user\AppData\Local\CapCut Drafts\0611\subdraft",,"2026-06-11 오전 12:07:42"
"C:\Users\user\AppData\Local\CapCut Drafts\0611\Timelines",,"2026-06-11 오전 12:07:42"
"C:\Users\user\AppData\Local\CapCut Drafts\0611\.locked","0","2026-06-11 오전 12:07:42"
"C:\Users\user\AppData\Local\CapCut Drafts\0611\draft_agency_config.json","154","2026-06-11 오전 12:07:42"
"C:\Users\user\AppData\Local\CapCut Drafts\0611\draft_biz_config.json","0","2026-06-11 오전 12:07:42"
"C:\Users\user\AppData\Local\CapCut Drafts\0611\draft_content.json","235190","2026-06-11 오전 2:43:16"
"C:\Users\user\AppData\Local\CapCut Drafts\0611\draft_content.json.bak","239325","2026-06-11 오전 2:43:14"
"C:\Users\user\AppData\Local\CapCut Drafts\0611\draft_meta_info.json","23692","2026-06-11 오전 2:43:16"
"C:\Users\user\AppData\Local\CapCut Drafts\0611\draft_settings","116","2026-06-11 오전 2:47:28"
"C:\Users\user\AppData\Local\CapCut Drafts\0611\draft_virtual_store.json","1939","2026-06-11 오전 2:22:49"
"C:\Users\user\AppData\Local\CapCut Drafts\0611\key_value.json","110","2026-06-11 오전 12:07:42"
"C:\Users\user\AppData\Local\CapCut Drafts\0611\template-2.tmp","235190","2026-06-11 오전 2:43:16"
"C:\Users\user\AppData\Local\CapCut Drafts\0611\timeline_layout.json","154","2026-06-11 오전 12:07:42"
"C:\Users\user\AppData\Local\CapCut Drafts\0611\Resources\audioAlg",,"2026-06-11 오전 12:07:42"
"C:\Users\user\AppData\Local\CapCut Drafts\0611\Resources\videoAlg",,"2026-06-11 오전 12:07:42"
"C:\Users\user\AppData\Local\CapCut Drafts\0611\Timelines\76447E05-32BA-4f5f-AFBA-31F8998D8EF0",,"2026-06-11 오전 2:54:53"
"C:\Users\user\AppData\Local\CapCut Drafts\0611\Timelines\project.json","437","2026-06-11 오전 12:07:47"
"C:\Users\user\AppData\Local\CapCut Drafts\0611\Timelines\project.json.bak","437","2026-06-11 오전 12:07:47"
"C:\Users\user\AppData\Local\CapCut Drafts\0611\Timelines\76447E05-32BA-4f5f-AFBA-31F8998D8EF0\attachment",,"2026-06-11 오전 12:07:42"
"C:\Users\user\AppData\Local\CapCut Drafts\0611\Timelines\76447E05-32BA-4f5f-AFBA-31F8998D8EF0\common_attachment",,"2026-06-11 오전 12:07:42"
"C:\Users\user\AppData\Local\CapCut Drafts\0611\Timelines\76447E05-32BA-4f5f-AFBA-31F8998D8EF0\draft.extra","5728","2026-06-11 오전 2:54:53"
"C:\Users\user\AppData\Local\CapCut Drafts\0611\Timelines\76447E05-32BA-4f5f-AFBA-31F8998D8EF0\draft_content.json","235190","2026-06-11 오전 2:43:16"
"C:\Users\user\AppData\Local\CapCut Drafts\0611\Timelines\76447E05-32BA-4f5f-AFBA-31F8998D8EF0\draft_content.json.bak","239325","2026-06-11 오전 2:43:14"
"C:\Users\user\AppData\Local\CapCut Drafts\0611\Timelines\76447E05-32BA-4f5f-AFBA-31F8998D8EF0\template-2.tmp","235190","2026-06-11 오전 2:43:16"
"C:\Users\user\AppData\Local\CapCut Drafts\0611\Timelines\76447E05-32BA-4f5f-AFBA-31F8998D8EF0\template.tmp","3892","2026-06-11 오전 12:07:42"
"C:\Users\user\AppData\Local\CapCut Drafts\0611\Timelines\76447E05-32BA-4f5f-AFBA-31F8998D8EF0\attachment\patch",,"2026-06-11 오전 2:43:17"
"C:\Users\user\AppData\Local\CapCut Drafts\0611\Timelines\76447E05-32BA-4f5f-AFBA-31F8998D8EF0\attachment\patch\mini_draft.json","246371","2026-06-11 오전 2:43:16"
"C:\Users\user\AppData\Local\CapCut Drafts\0611\Timelines\76447E05-32BA-4f5f-AFBA-31F8998D8EF0\attachment\patch\patch.json","19","2026-06-11 오전 2:43:17"
"C:\Users\user\AppData\Local\CapCut Drafts\0613\adjust_mask",,"2026-06-13 오후 8:24:36"
"C:\Users\user\AppData\Local\CapCut Drafts\0613\common_attachment",,"2026-06-13 오후 9:55:48"
"C:\Users\user\AppData\Local\CapCut Drafts\0613\matting",,"2026-06-13 오후 8:24:36"
"C:\Users\user\AppData\Local\CapCut Drafts\0613\qr_upload",,"2026-06-13 오후 8:24:37"
"C:\Users\user\AppData\Local\CapCut Drafts\0613\Resources",,"2026-06-13 오후 9:55:35"
"C:\Users\user\AppData\Local\CapCut Drafts\0613\smart_crop",,"2026-06-13 오후 8:24:36"
"C:\Users\user\AppData\Local\CapCut Drafts\0613\subdraft",,"2026-06-13 오후 8:24:37"
"C:\Users\user\AppData\Local\CapCut Drafts\0613\Timelines",,"2026-06-13 오후 8:24:36"
"C:\Users\user\AppData\Local\CapCut Drafts\0613\attachment_editing.json","1796","2026-06-14 오전 3:02:11"
"C:\Users\user\AppData\Local\CapCut Drafts\0613\attachment_pc_common.json","698","2026-06-14 오전 4:33:09"
"C:\Users\user\AppData\Local\CapCut Drafts\0613\crypto_key_store.dat","257","2026-06-14 오전 3:06:08"
"C:\Users\user\AppData\Local\CapCut Drafts\0613\crypto_key_store.dat.bak","257","2026-06-14 오전 3:06:08"
"C:\Users\user\AppData\Local\CapCut Drafts\0613\draft_agency_config.json","283","2026-06-14 오전 1:58:15"
"C:\Users\user\AppData\Local\CapCut Drafts\0613\draft_biz_config.json","133","2026-06-14 오전 3:51:08"
"C:\Users\user\AppData\Local\CapCut Drafts\0613\draft_content.json","266946","2026-06-14 오전 4:33:09"
"C:\Users\user\AppData\Local\CapCut Drafts\0613\draft_content.json.bak","266946","2026-06-14 오전 4:29:50"
"C:\Users\user\AppData\Local\CapCut Drafts\0613\draft_cover.jpg","146620","2026-06-14 오전 4:33:10"
"C:\Users\user\AppData\Local\CapCut Drafts\0613\draft_meta_info.json","21269","2026-06-14 오전 4:33:22"
"C:\Users\user\AppData\Local\CapCut Drafts\0613\draft_settings","182","2026-06-14 오전 4:33:09"
"C:\Users\user\AppData\Local\CapCut Drafts\0613\draft_virtual_store.json","1336","2026-06-14 오전 3:55:32"
"C:\Users\user\AppData\Local\CapCut Drafts\0613\key_value.json","84831","2026-06-14 오전 4:33:14"
"C:\Users\user\AppData\Local\CapCut Drafts\0613\performance_opt_info.json","71","2026-06-14 오전 4:33:14"
"C:\Users\user\AppData\Local\CapCut Drafts\0613\template-2.tmp","266946","2026-06-14 오전 4:33:09"
"C:\Users\user\AppData\Local\CapCut Drafts\0613\timeline_layout.json","154","2026-06-13 오후 10:33:12"
"C:\Users\user\AppData\Local\CapCut Drafts\0613\common_attachment\attachment_action_scene.json","61","2026-06-13 오후 10:33:07"
"C:\Users\user\AppData\Local\CapCut Drafts\0613\common_attachment\attachment_gen_ai_info.json","418","2026-06-13 오후 10:33:07"
"C:\Users\user\AppData\Local\CapCut Drafts\0613\common_attachment\attachment_pc_timeline.json","165","2026-06-14 오전 4:33:09"
"C:\Users\user\AppData\Local\CapCut Drafts\0613\common_attachment\attachment_plugin_draft.json","59","2026-06-13 오후 10:33:07"
"C:\Users\user\AppData\Local\CapCut Drafts\0613\common_attachment\attachment_script_video.json","201","2026-06-13 오후 10:33:07"
"C:\Users\user\AppData\Local\CapCut Drafts\0613\Resources\audioAlg",,"2026-06-13 오후 8:24:35"
"C:\Users\user\AppData\Local\CapCut Drafts\0613\Resources\combination",,"2026-06-13 오후 9:52:08"
"C:\Users\user\AppData\Local\CapCut Drafts\0613\Resources\digitalHuman",,"2026-06-13 오후 9:55:35"
"C:\Users\user\AppData\Local\CapCut Drafts\0613\Resources\videoAlg",,"2026-06-13 오후 8:24:35"
"C:\Users\user\AppData\Local\CapCut Drafts\0613\Resources\digitalHuman\audio",,"2026-06-13 오후 9:55:35"
"C:\Users\user\AppData\Local\CapCut Drafts\0613\Resources\digitalHuman\bsinfo",,"2026-06-13 오후 9:55:35"
"C:\Users\user\AppData\Local\CapCut Drafts\0613\Resources\digitalHuman\video",,"2026-06-13 오후 9:55:35"
"C:\Users\user\AppData\Local\CapCut Drafts\0613\Timelines\57F40D9B-101F-4cf0-81A4-083CBE3FA688",,"2026-06-14 오전 4:33:22"
"C:\Users\user\AppData\Local\CapCut Drafts\0613\Timelines\project.json","437","2026-06-13 오후 10:33:21"
"C:\Users\user\AppData\Local\CapCut Drafts\0613\Timelines\project.json.bak","437","2026-06-13 오후 10:33:21"
"C:\Users\user\AppData\Local\CapCut Drafts\0613\Timelines\57F40D9B-101F-4cf0-81A4-083CBE3FA688\attachment",,"2026-06-13 오후 8:24:37"
"C:\Users\user\AppData\Local\CapCut Drafts\0613\Timelines\57F40D9B-101F-4cf0-81A4-083CBE3FA688\common_attachment",,"2026-06-14 오전 4:33:22"
"C:\Users\user\AppData\Local\CapCut Drafts\0613\Timelines\57F40D9B-101F-4cf0-81A4-083CBE3FA688\attachment_editing.json","1796","2026-06-14 오전 4:33:22"
"C:\Users\user\AppData\Local\CapCut Drafts\0613\Timelines\57F40D9B-101F-4cf0-81A4-083CBE3FA688\attachment_pc_common.json","698","2026-06-14 오전 4:33:09"
"C:\Users\user\AppData\Local\CapCut Drafts\0613\Timelines\57F40D9B-101F-4cf0-81A4-083CBE3FA688\draft.extra","12680","2026-06-14 오전 4:27:38"
"C:\Users\user\AppData\Local\CapCut Drafts\0613\Timelines\57F40D9B-101F-4cf0-81A4-083CBE3FA688\draft_content.json","266946","2026-06-14 오전 4:33:09"
"C:\Users\user\AppData\Local\CapCut Drafts\0613\Timelines\57F40D9B-101F-4cf0-81A4-083CBE3FA688\draft_content.json.bak","266946","2026-06-14 오전 4:29:50"
"C:\Users\user\AppData\Local\CapCut Drafts\0613\Timelines\57F40D9B-101F-4cf0-81A4-083CBE3FA688\draft_cover.jpg","146620","2026-06-14 오전 4:33:10"
"C:\Users\user\AppData\Local\CapCut Drafts\0613\Timelines\57F40D9B-101F-4cf0-81A4-083CBE3FA688\template-2.tmp","266946","2026-06-14 오전 4:33:09"
"C:\Users\user\AppData\Local\CapCut Drafts\0613\Timelines\57F40D9B-101F-4cf0-81A4-083CBE3FA688\template.tmp","3892","2026-06-13 오후 8:24:36"
"C:\Users\user\AppData\Local\CapCut Drafts\0613\Timelines\57F40D9B-101F-4cf0-81A4-083CBE3FA688\attachment\patch",,"2026-06-14 오전 4:29:51"
"C:\Users\user\AppData\Local\CapCut Drafts\0613\Timelines\57F40D9B-101F-4cf0-81A4-083CBE3FA688\attachment\patch\mini_draft.json","301216","2026-06-14 오전 4:29:51"
"C:\Users\user\AppData\Local\CapCut Drafts\0613\Timelines\57F40D9B-101F-4cf0-81A4-083CBE3FA688\attachment\patch\patch.json","19","2026-06-14 오전 4:29:51"
"C:\Users\user\AppData\Local\CapCut Drafts\0613\Timelines\57F40D9B-101F-4cf0-81A4-083CBE3FA688\common_attachment\attachment_action_scene.json","61","2026-06-14 오전 4:33:22"
"C:\Users\user\AppData\Local\CapCut Drafts\0613\Timelines\57F40D9B-101F-4cf0-81A4-083CBE3FA688\common_attachment\attachment_gen_ai_info.json","418","2026-06-14 오전 4:33:22"
"C:\Users\user\AppData\Local\CapCut Drafts\0613\Timelines\57F40D9B-101F-4cf0-81A4-083CBE3FA688\common_attachment\attachment_pc_timeline.json","165","2026-06-14 오전 4:33:09"
"C:\Users\user\AppData\Local\CapCut Drafts\0613\Timelines\57F40D9B-101F-4cf0-81A4-083CBE3FA688\common_attachment\attachment_plugin_draft.json","59","2026-06-14 오전 4:33:22"
"C:\Users\user\AppData\Local\CapCut Drafts\0613\Timelines\57F40D9B-101F-4cf0-81A4-083CBE3FA688\common_attachment\attachment_script_video.json","201","2026-06-14 오전 4:33:22"
"C:\Users\user\AppData\Local\CapCut Drafts\0614\adjust_mask",,"2026-06-14 오후 11:02:41"
"C:\Users\user\AppData\Local\CapCut Drafts\0614\common_attachment",,"2026-06-15 오전 2:20:05"
"C:\Users\user\AppData\Local\CapCut Drafts\0614\matting",,"2026-06-14 오후 11:02:41"
"C:\Users\user\AppData\Local\CapCut Drafts\0614\qr_upload",,"2026-06-14 오후 11:02:42"
"C:\Users\user\AppData\Local\CapCut Drafts\0614\Resources",,"2026-06-15 오전 2:09:16"
"C:\Users\user\AppData\Local\CapCut Drafts\0614\smart_crop",,"2026-06-14 오후 11:02:41"
"C:\Users\user\AppData\Local\CapCut Drafts\0614\subdraft",,"2026-06-14 오후 11:02:42"
"C:\Users\user\AppData\Local\CapCut Drafts\0614\Timelines",,"2026-06-14 오후 11:02:41"
"C:\Users\user\AppData\Local\CapCut Drafts\0614\attachment_editing.json","1796","2026-06-15 오전 12:25:20"
"C:\Users\user\AppData\Local\CapCut Drafts\0614\attachment_pc_common.json","698","2026-06-15 오전 2:20:05"
"C:\Users\user\AppData\Local\CapCut Drafts\0614\draft_agency_config.json","154","2026-06-14 오후 11:02:40"
"C:\Users\user\AppData\Local\CapCut Drafts\0614\draft_biz_config.json","0","2026-06-14 오후 11:02:40"
"C:\Users\user\AppData\Local\CapCut Drafts\0614\draft_content.json","294557","2026-06-15 오전 2:20:05"
"C:\Users\user\AppData\Local\CapCut Drafts\0614\draft_content.json.bak","294557","2026-06-15 오전 2:08:18"
"C:\Users\user\AppData\Local\CapCut Drafts\0614\draft_cover.jpg","216075","2026-06-15 오전 2:20:05"
"C:\Users\user\AppData\Local\CapCut Drafts\0614\draft_meta_info.json","24090","2026-06-15 오전 2:20:09"
"C:\Users\user\AppData\Local\CapCut Drafts\0614\draft_settings","146","2026-06-15 오전 2:20:05"
"C:\Users\user\AppData\Local\CapCut Drafts\0614\draft_virtual_store.json","1671","2026-06-15 오전 2:03:25"
"C:\Users\user\AppData\Local\CapCut Drafts\0614\key_value.json","47493","2026-06-15 오전 2:20:09"
"C:\Users\user\AppData\Local\CapCut Drafts\0614\performance_opt_info.json","71","2026-06-15 오전 2:20:09"
"C:\Users\user\AppData\Local\CapCut Drafts\0614\template-2.tmp","294557","2026-06-15 오전 2:20:05"
"C:\Users\user\AppData\Local\CapCut Drafts\0614\timeline_layout.json","154","2026-06-14 오후 11:02:42"
"C:\Users\user\AppData\Local\CapCut Drafts\0614\common_attachment\attachment_pc_timeline.json","200","2026-06-15 오전 2:20:05"
"C:\Users\user\AppData\Local\CapCut Drafts\0614\Resources\audioAlg",,"2026-06-14 오후 11:02:40"
"C:\Users\user\AppData\Local\CapCut Drafts\0614\Resources\combination",,"2026-06-15 오전 12:17:51"
"C:\Users\user\AppData\Local\CapCut Drafts\0614\Resources\cover",,"2026-06-15 오전 2:09:16"
"C:\Users\user\AppData\Local\CapCut Drafts\0614\Resources\videoAlg",,"2026-06-14 오후 11:02:40"
"C:\Users\user\AppData\Local\CapCut Drafts\0614\Timelines\DEF8D45B-2F91-46b9-B5B4-8828B8555F91",,"2026-06-15 오전 2:20:15"
"C:\Users\user\AppData\Local\CapCut Drafts\0614\Timelines\project.json","437","2026-06-14 오후 11:03:13"
"C:\Users\user\AppData\Local\CapCut Drafts\0614\Timelines\project.json.bak","437","2026-06-14 오후 11:03:13"
"C:\Users\user\AppData\Local\CapCut Drafts\0614\Timelines\DEF8D45B-2F91-46b9-B5B4-8828B8555F91\attachment",,"2026-06-14 오후 11:02:42"
"C:\Users\user\AppData\Local\CapCut Drafts\0614\Timelines\DEF8D45B-2F91-46b9-B5B4-8828B8555F91\common_attachment",,"2026-06-15 오전 2:20:15"
"C:\Users\user\AppData\Local\CapCut Drafts\0614\Timelines\DEF8D45B-2F91-46b9-B5B4-8828B8555F91\attachment_editing.json","1834","2026-06-15 오전 2:20:15"
"C:\Users\user\AppData\Local\CapCut Drafts\0614\Timelines\DEF8D45B-2F91-46b9-B5B4-8828B8555F91\attachment_pc_common.json","698","2026-06-15 오전 2:20:05"
"C:\Users\user\AppData\Local\CapCut Drafts\0614\Timelines\DEF8D45B-2F91-46b9-B5B4-8828B8555F91\draft.extra","5496","2026-06-15 오전 2:02:35"
"C:\Users\user\AppData\Local\CapCut Drafts\0614\Timelines\DEF8D45B-2F91-46b9-B5B4-8828B8555F91\draft_content.json","294557","2026-06-15 오전 2:20:05"
"C:\Users\user\AppData\Local\CapCut Drafts\0614\Timelines\DEF8D45B-2F91-46b9-B5B4-8828B8555F91\draft_content.json.bak","294557","2026-06-15 오전 2:08:18"
"C:\Users\user\AppData\Local\CapCut Drafts\0614\Timelines\DEF8D45B-2F91-46b9-B5B4-8828B8555F91\draft_cover.jpg","216075","2026-06-15 오전 2:20:05"
"C:\Users\user\AppData\Local\CapCut Drafts\0614\Timelines\DEF8D45B-2F91-46b9-B5B4-8828B8555F91\template-2.tmp","294557","2026-06-15 오전 2:20:05"
"C:\Users\user\AppData\Local\CapCut Drafts\0614\Timelines\DEF8D45B-2F91-46b9-B5B4-8828B8555F91\template.tmp","3892","2026-06-14 오후 11:02:41"
"C:\Users\user\AppData\Local\CapCut Drafts\0614\Timelines\DEF8D45B-2F91-46b9-B5B4-8828B8555F91\attachment\patch",,"2026-06-15 오전 2:08:19"
"C:\Users\user\AppData\Local\CapCut Drafts\0614\Timelines\DEF8D45B-2F91-46b9-B5B4-8828B8555F91\attachment\patch\mini_draft.json","326433","2026-06-15 오전 2:08:18"
"C:\Users\user\AppData\Local\CapCut Drafts\0614\Timelines\DEF8D45B-2F91-46b9-B5B4-8828B8555F91\attachment\patch\patch.json","19","2026-06-15 오전 2:08:19"
"C:\Users\user\AppData\Local\CapCut Drafts\0614\Timelines\DEF8D45B-2F91-46b9-B5B4-8828B8555F91\common_attachment\attachment_action_scene.json","61","2026-06-15 오전 2:20:15"
"C:\Users\user\AppData\Local\CapCut Drafts\0614\Timelines\DEF8D45B-2F91-46b9-B5B4-8828B8555F91\common_attachment\attachment_gen_ai_info.json","418","2026-06-15 오전 2:20:15"
"C:\Users\user\AppData\Local\CapCut Drafts\0614\Timelines\DEF8D45B-2F91-46b9-B5B4-8828B8555F91\common_attachment\attachment_pc_timeline.json","200","2026-06-15 오전 2:20:05"
"C:\Users\user\AppData\Local\CapCut Drafts\0614\Timelines\DEF8D45B-2F91-46b9-B5B4-8828B8555F91\common_attachment\attachment_plugin_draft.json","59","2026-06-15 오전 2:20:15"
"C:\Users\user\AppData\Local\CapCut Drafts\0614\Timelines\DEF8D45B-2F91-46b9-B5B4-8828B8555F91\common_attachment\attachment_script_video.json","201","2026-06-15 오전 2:20:15"
"C:\Users\user\AppData\Local\CapCut Drafts\0615\adjust_mask",,"2026-06-15 오전 2:39:53"
"C:\Users\user\AppData\Local\CapCut Drafts\0615\common_attachment",,"2026-06-15 오전 2:39:53"
"C:\Users\user\AppData\Local\CapCut Drafts\0615\matting",,"2026-06-15 오전 2:39:53"
"C:\Users\user\AppData\Local\CapCut Drafts\0615\qr_upload",,"2026-06-15 오전 2:39:54"
"C:\Users\user\AppData\Local\CapCut Drafts\0615\Resources",,"2026-06-15 오전 2:39:52"
"C:\Users\user\AppData\Local\CapCut Drafts\0615\smart_crop",,"2026-06-15 오전 2:39:53"
"C:\Users\user\AppData\Local\CapCut Drafts\0615\subdraft",,"2026-06-15 오전 2:39:54"
"C:\Users\user\AppData\Local\CapCut Drafts\0615\Timelines",,"2026-06-15 오전 2:39:53"
"C:\Users\user\AppData\Local\CapCut Drafts\0615\.locked","0","2026-06-15 오전 2:39:52"
"C:\Users\user\AppData\Local\CapCut Drafts\0615\draft_agency_config.json","154","2026-06-15 오전 2:39:52"
"C:\Users\user\AppData\Local\CapCut Drafts\0615\draft_biz_config.json","0","2026-06-15 오전 2:39:52"
"C:\Users\user\AppData\Local\CapCut Drafts\0615\draft_content.json","4214","2026-06-15 오전 2:39:53"
"C:\Users\user\AppData\Local\CapCut Drafts\0615\draft_meta_info.json","1698","2026-06-15 오전 2:39:53"
"C:\Users\user\AppData\Local\CapCut Drafts\0615\draft_settings","113","2026-06-15 오전 2:39:52"
"C:\Users\user\AppData\Local\CapCut Drafts\0615\key_value.json","110","2026-06-15 오전 2:39:54"
"C:\Users\user\AppData\Local\CapCut Drafts\0615\template-2.tmp","4214","2026-06-15 오전 2:39:53"
"C:\Users\user\AppData\Local\CapCut Drafts\0615\timeline_layout.json","154","2026-06-15 오전 2:39:54"
"C:\Users\user\AppData\Local\CapCut Drafts\0615\Resources\audioAlg",,"2026-06-15 오전 2:39:52"
"C:\Users\user\AppData\Local\CapCut Drafts\0615\Resources\videoAlg",,"2026-06-15 오전 2:39:52"
"C:\Users\user\AppData\Local\CapCut Drafts\0615\Timelines\081FA3A0-358C-4d97-A0C3-6D54B933E2E8",,"2026-06-15 오전 2:39:54"
"C:\Users\user\AppData\Local\CapCut Drafts\0615\Timelines\project.json","437","2026-06-15 오전 2:39:53"
"C:\Users\user\AppData\Local\CapCut Drafts\0615\Timelines\project.json.bak","437","2026-06-15 오전 2:39:53"
"C:\Users\user\AppData\Local\CapCut Drafts\0615\Timelines\081FA3A0-358C-4d97-A0C3-6D54B933E2E8\attachment",,"2026-06-15 오전 2:39:54"
"C:\Users\user\AppData\Local\CapCut Drafts\0615\Timelines\081FA3A0-358C-4d97-A0C3-6D54B933E2E8\common_attachment",,"2026-06-15 오전 2:39:53"
"C:\Users\user\AppData\Local\CapCut Drafts\0615\Timelines\081FA3A0-358C-4d97-A0C3-6D54B933E2E8\draft_content.json","4214","2026-06-15 오전 2:39:53"
"C:\Users\user\AppData\Local\CapCut Drafts\0615\Timelines\081FA3A0-358C-4d97-A0C3-6D54B933E2E8\template-2.tmp","4214","2026-06-15 오전 2:39:53"
"C:\Users\user\AppData\Local\CapCut Drafts\0615\Timelines\081FA3A0-358C-4d97-A0C3-6D54B933E2E8\template.tmp","3892","2026-06-15 오전 2:39:53"
"C:\Users\user\AppData\Local\CapCut Drafts\0615\Timelines\081FA3A0-358C-4d97-A0C3-6D54B933E2E8\attachment\patch",,"2026-06-15 오전 2:39:55"
"C:\Users\user\AppData\Local\CapCut Drafts\0615\Timelines\081FA3A0-358C-4d97-A0C3-6D54B933E2E8\attachment\patch\mini_draft.json","652","2026-06-15 오전 2:39:55"
"C:\Users\user\AppData\Local\CapCut Drafts\0615 (1)\adjust_mask",,"2026-06-15 오후 10:50:41"
"C:\Users\user\AppData\Local\CapCut Drafts\0615 (1)\common_attachment",,"2026-06-16 오전 2:22:40"
"C:\Users\user\AppData\Local\CapCut Drafts\0615 (1)\matting",,"2026-06-15 오후 10:50:41"
"C:\Users\user\AppData\Local\CapCut Drafts\0615 (1)\qr_upload",,"2026-06-15 오후 10:50:42"
"C:\Users\user\AppData\Local\CapCut Drafts\0615 (1)\Resources",,"2026-06-16 오전 2:22:53"
"C:\Users\user\AppData\Local\CapCut Drafts\0615 (1)\smart_crop",,"2026-06-15 오후 10:50:41"
"C:\Users\user\AppData\Local\CapCut Drafts\0615 (1)\subdraft",,"2026-06-15 오후 10:50:42"
"C:\Users\user\AppData\Local\CapCut Drafts\0615 (1)\Timelines",,"2026-06-15 오후 10:50:41"
"C:\Users\user\AppData\Local\CapCut Drafts\0615 (1)\attachment_editing.json","1796","2026-06-15 오후 11:50:44"
"C:\Users\user\AppData\Local\CapCut Drafts\0615 (1)\attachment_pc_common.json","698","2026-06-16 오전 2:22:39"
"C:\Users\user\AppData\Local\CapCut Drafts\0615 (1)\crypto_key_store.dat","299","2026-06-16 오전 12:34:48"
"C:\Users\user\AppData\Local\CapCut Drafts\0615 (1)\crypto_key_store.dat.bak","299","2026-06-16 오전 12:34:48"
"C:\Users\user\AppData\Local\CapCut Drafts\0615 (1)\draft_agency_config.json","421","2026-06-16 오전 1:14:03"
"C:\Users\user\AppData\Local\CapCut Drafts\0615 (1)\draft_biz_config.json","0","2026-06-15 오후 10:50:40"
"C:\Users\user\AppData\Local\CapCut Drafts\0615 (1)\draft_content.json","473398","2026-06-16 오전 2:22:40"
"C:\Users\user\AppData\Local\CapCut Drafts\0615 (1)\draft_content.json.bak","473398","2026-06-16 오전 1:14:13"
"C:\Users\user\AppData\Local\CapCut Drafts\0615 (1)\draft_cover.jpg","232669","2026-06-16 오전 2:22:40"
"C:\Users\user\AppData\Local\CapCut Drafts\0615 (1)\draft_meta_info.json","2590","2026-06-16 오전 2:22:53"
"C:\Users\user\AppData\Local\CapCut Drafts\0615 (1)\draft_settings","146","2026-06-16 오전 2:22:39"
"C:\Users\user\AppData\Local\CapCut Drafts\0615 (1)\draft_virtual_store.json","398","2026-06-16 오전 1:14:06"
"C:\Users\user\AppData\Local\CapCut Drafts\0615 (1)\key_value.json","4787","2026-06-16 오전 2:22:45"
"C:\Users\user\AppData\Local\CapCut Drafts\0615 (1)\performance_opt_info.json","71","2026-06-16 오전 2:22:45"
"C:\Users\user\AppData\Local\CapCut Drafts\0615 (1)\template-2.tmp","473398","2026-06-16 오전 2:22:40"
"C:\Users\user\AppData\Local\CapCut Drafts\0615 (1)\timeline_layout.json","154","2026-06-15 오후 10:50:42"
"C:\Users\user\AppData\Local\CapCut Drafts\0615 (1)\common_attachment\attachment_pc_timeline.json","124","2026-06-16 오전 2:22:39"
"C:\Users\user\AppData\Local\CapCut Drafts\0615 (1)\Resources\audioAlg",,"2026-06-16 오전 12:34:48"
"C:\Users\user\AppData\Local\CapCut Drafts\0615 (1)\Resources\digitalHuman",,"2026-06-16 오전 2:22:53"
"C:\Users\user\AppData\Local\CapCut Drafts\0615 (1)\Resources\videoAlg",,"2026-06-15 오후 10:50:40"
"C:\Users\user\AppData\Local\CapCut Drafts\0615 (1)\Resources\audioAlg\18e1bf7e76f0deb072affb656f2961b9_0_30433333_upload.wav","5369934","2026-06-15 오후 10:53:22"
"C:\Users\user\AppData\Local\CapCut Drafts\0615 (1)\Resources\audioAlg\253dc932989e6a0704fe7bd6a795d367_0_30433333.wav","5369968","2026-06-15 오후 10:53:54"
"C:\Users\user\AppData\Local\CapCut Drafts\0615 (1)\Resources\audioAlg\253dc932989e6a0704fe7bd6a795d367_0_30433333.wav_download.wav","5369900","2026-06-15 오후 10:53:53"
"C:\Users\user\AppData\Local\CapCut Drafts\0615 (1)\Resources\audioAlg\253dc932989e6a0704fe7bd6a795d367_0_30433333_human.wav","5369968","2026-06-15 오후 10:53:54"
"C:\Users\user\AppData\Local\CapCut Drafts\0615 (1)\Resources\audioAlg\a4099ab6340cac66d509e1742ad2e8a0_0_30433333.wav","5370002","2026-06-16 오전 12:34:47"
"C:\Users\user\AppData\Local\CapCut Drafts\0615 (1)\Resources\audioAlg\a4099ab6340cac66d509e1742ad2e8a0_0_30433333.wav_download.wav","5370002","2026-06-16 오전 12:34:47"
"C:\Users\user\AppData\Local\CapCut Drafts\0615 (1)\Resources\audioAlg\a4099ab6340cac66d509e1742ad2e8a0_0_30433333_background.wav","5370002","2026-06-16 오전 12:34:47"
"C:\Users\user\AppData\Local\CapCut Drafts\0615 (1)\Resources\digitalHuman\audio",,"2026-06-16 오전 2:22:53"
"C:\Users\user\AppData\Local\CapCut Drafts\0615 (1)\Resources\digitalHuman\bsinfo",,"2026-06-16 오전 2:22:53"
"C:\Users\user\AppData\Local\CapCut Drafts\0615 (1)\Resources\digitalHuman\video",,"2026-06-16 오전 2:22:53"
"C:\Users\user\AppData\Local\CapCut Drafts\0615 (1)\Timelines\37463B9C-8953-4d4e-928F-492B4B4647DD",,"2026-06-16 오전 2:22:53"
"C:\Users\user\AppData\Local\CapCut Drafts\0615 (1)\Timelines\project.json","437","2026-06-15 오후 10:50:59"
"C:\Users\user\AppData\Local\CapCut Drafts\0615 (1)\Timelines\project.json.bak","437","2026-06-15 오후 10:50:59"
"C:\Users\user\AppData\Local\CapCut Drafts\0615 (1)\Timelines\37463B9C-8953-4d4e-928F-492B4B4647DD\attachment",,"2026-06-15 오후 10:50:42"
"C:\Users\user\AppData\Local\CapCut Drafts\0615 (1)\Timelines\37463B9C-8953-4d4e-928F-492B4B4647DD\common_attachment",,"2026-06-16 오전 2:22:53"
"C:\Users\user\AppData\Local\CapCut Drafts\0615 (1)\Timelines\37463B9C-8953-4d4e-928F-492B4B4647DD\attachment_editing.json","1796","2026-06-16 오전 2:22:53"
"C:\Users\user\AppData\Local\CapCut Drafts\0615 (1)\Timelines\37463B9C-8953-4d4e-928F-492B4B4647DD\attachment_pc_common.json","698","2026-06-16 오전 2:22:39"
"C:\Users\user\AppData\Local\CapCut Drafts\0615 (1)\Timelines\37463B9C-8953-4d4e-928F-492B4B4647DD\draft.extra","26","2026-06-16 오전 1:14:03"
"C:\Users\user\AppData\Local\CapCut Drafts\0615 (1)\Timelines\37463B9C-8953-4d4e-928F-492B4B4647DD\draft_content.json","473398","2026-06-16 오전 2:22:40"
"C:\Users\user\AppData\Local\CapCut Drafts\0615 (1)\Timelines\37463B9C-8953-4d4e-928F-492B4B4647DD\draft_content.json.bak","473398","2026-06-16 오전 1:14:13"
"C:\Users\user\AppData\Local\CapCut Drafts\0615 (1)\Timelines\37463B9C-8953-4d4e-928F-492B4B4647DD\draft_cover.jpg","232669","2026-06-16 오전 2:22:40"
"C:\Users\user\AppData\Local\CapCut Drafts\0615 (1)\Timelines\37463B9C-8953-4d4e-928F-492B4B4647DD\template-2.tmp","473398","2026-06-16 오전 2:22:40"
"C:\Users\user\AppData\Local\CapCut Drafts\0615 (1)\Timelines\37463B9C-8953-4d4e-928F-492B4B4647DD\template.tmp","3892","2026-06-15 오후 10:50:41"
"C:\Users\user\AppData\Local\CapCut Drafts\0615 (1)\Timelines\37463B9C-8953-4d4e-928F-492B4B4647DD\attachment\patch",,"2026-06-16 오전 1:14:13"
"C:\Users\user\AppData\Local\CapCut Drafts\0615 (1)\Timelines\37463B9C-8953-4d4e-928F-492B4B4647DD\attachment\patch\mini_draft.json","8024","2026-06-16 오전 1:14:13"
"C:\Users\user\AppData\Local\CapCut Drafts\0615 (1)\Timelines\37463B9C-8953-4d4e-928F-492B4B4647DD\attachment\patch\patch.json","19","2026-06-16 오전 1:14:13"
"C:\Users\user\AppData\Local\CapCut Drafts\0615 (1)\Timelines\37463B9C-8953-4d4e-928F-492B4B4647DD\common_attachment\attachment_action_scene.json","212415","2026-06-16 오전 2:22:53"
"C:\Users\user\AppData\Local\CapCut Drafts\0615 (1)\Timelines\37463B9C-8953-4d4e-928F-492B4B4647DD\common_attachment\attachment_gen_ai_info.json","418","2026-06-16 오전 2:22:53"
"C:\Users\user\AppData\Local\CapCut Drafts\0615 (1)\Timelines\37463B9C-8953-4d4e-928F-492B4B4647DD\common_attachment\attachment_pc_timeline.json","124","2026-06-16 오전 2:22:39"
"C:\Users\user\AppData\Local\CapCut Drafts\0615 (1)\Timelines\37463B9C-8953-4d4e-928F-492B4B4647DD\common_attachment\attachment_plugin_draft.json","59","2026-06-16 오전 2:22:53"
"C:\Users\user\AppData\Local\CapCut Drafts\0615 (1)\Timelines\37463B9C-8953-4d4e-928F-492B4B4647DD\common_attachment\attachment_script_video.json","201","2026-06-16 오전 2:22:53"
"C:\Users\user\AppData\Local\CapCut Drafts\0616\adjust_mask",,"2026-06-16 오전 2:57:48"
"C:\Users\user\AppData\Local\CapCut Drafts\0616\common_attachment",,"2026-06-16 오전 2:57:52"
"C:\Users\user\AppData\Local\CapCut Drafts\0616\matting",,"2026-06-16 오전 2:57:48"
"C:\Users\user\AppData\Local\CapCut Drafts\0616\qr_upload",,"2026-06-16 오전 2:57:50"
"C:\Users\user\AppData\Local\CapCut Drafts\0616\Resources",,"2026-06-16 오전 2:57:53"
"C:\Users\user\AppData\Local\CapCut Drafts\0616\smart_crop",,"2026-06-16 오전 2:57:48"
"C:\Users\user\AppData\Local\CapCut Drafts\0616\subdraft",,"2026-06-16 오전 2:57:50"
"C:\Users\user\AppData\Local\CapCut Drafts\0616\Timelines",,"2026-06-16 오전 2:57:49"
"C:\Users\user\AppData\Local\CapCut Drafts\0616\attachment_pc_common.json","698","2026-06-16 오전 2:57:52"
"C:\Users\user\AppData\Local\CapCut Drafts\0616\draft_agency_config.json","154","2026-06-16 오전 2:57:47"
"C:\Users\user\AppData\Local\CapCut Drafts\0616\draft_biz_config.json","0","2026-06-16 오전 2:57:47"
"C:\Users\user\AppData\Local\CapCut Drafts\0616\draft_content.json","4214","2026-06-16 오전 2:57:52"
"C:\Users\user\AppData\Local\CapCut Drafts\0616\draft_content.json.bak","4214","2026-06-16 오전 2:57:49"
"C:\Users\user\AppData\Local\CapCut Drafts\0616\draft_meta_info.json","1745","2026-06-16 오전 2:57:53"
"C:\Users\user\AppData\Local\CapCut Drafts\0616\draft_settings","113","2026-06-16 오전 2:57:52"
"C:\Users\user\AppData\Local\CapCut Drafts\0616\key_value.json","110","2026-06-16 오전 2:57:50"
"C:\Users\user\AppData\Local\CapCut Drafts\0616\performance_opt_info.json","71","2026-06-16 오전 2:57:52"
"C:\Users\user\AppData\Local\CapCut Drafts\0616\template-2.tmp","4214","2026-06-16 오전 2:57:52"
"C:\Users\user\AppData\Local\CapCut Drafts\0616\timeline_layout.json","154","2026-06-16 오전 2:57:50"
"C:\Users\user\AppData\Local\CapCut Drafts\0616\common_attachment\attachment_pc_timeline.json","124","2026-06-16 오전 2:57:52"
"C:\Users\user\AppData\Local\CapCut Drafts\0616\Resources\audioAlg",,"2026-06-16 오전 2:57:47"
"C:\Users\user\AppData\Local\CapCut Drafts\0616\Resources\digitalHuman",,"2026-06-16 오전 2:57:53"
"C:\Users\user\AppData\Local\CapCut Drafts\0616\Resources\videoAlg",,"2026-06-16 오전 2:57:47"
"C:\Users\user\AppData\Local\CapCut Drafts\0616\Resources\digitalHuman\audio",,"2026-06-16 오전 2:57:53"
"C:\Users\user\AppData\Local\CapCut Drafts\0616\Resources\digitalHuman\bsinfo",,"2026-06-16 오전 2:57:53"
"C:\Users\user\AppData\Local\CapCut Drafts\0616\Resources\digitalHuman\video",,"2026-06-16 오전 2:57:53"
"C:\Users\user\AppData\Local\CapCut Drafts\0616\Timelines\80D907D2-E7CE-4942-A24A-96F1C89FFD61",,"2026-06-16 오전 2:57:53"
"C:\Users\user\AppData\Local\CapCut Drafts\0616\Timelines\project.json","437","2026-06-16 오전 2:57:49"
"C:\Users\user\AppData\Local\CapCut Drafts\0616\Timelines\project.json.bak","437","2026-06-16 오전 2:57:49"
"C:\Users\user\AppData\Local\CapCut Drafts\0616\Timelines\80D907D2-E7CE-4942-A24A-96F1C89FFD61\attachment",,"2026-06-16 오전 2:57:50"
"C:\Users\user\AppData\Local\CapCut Drafts\0616\Timelines\80D907D2-E7CE-4942-A24A-96F1C89FFD61\common_attachment",,"2026-06-16 오전 2:57:53"
"C:\Users\user\AppData\Local\CapCut Drafts\0616\Timelines\80D907D2-E7CE-4942-A24A-96F1C89FFD61\attachment_editing.json","1797","2026-06-16 오전 2:57:53"
"C:\Users\user\AppData\Local\CapCut Drafts\0616\Timelines\80D907D2-E7CE-4942-A24A-96F1C89FFD61\attachment_pc_common.json","698","2026-06-16 오전 2:57:52"
"C:\Users\user\AppData\Local\CapCut Drafts\0616\Timelines\80D907D2-E7CE-4942-A24A-96F1C89FFD61\draft.extra","26","2026-06-16 오전 2:57:51"
"C:\Users\user\AppData\Local\CapCut Drafts\0616\Timelines\80D907D2-E7CE-4942-A24A-96F1C89FFD61\draft_content.json","4214","2026-06-16 오전 2:57:52"
"C:\Users\user\AppData\Local\CapCut Drafts\0616\Timelines\80D907D2-E7CE-4942-A24A-96F1C89FFD61\draft_content.json.bak","4214","2026-06-16 오전 2:57:49"
"C:\Users\user\AppData\Local\CapCut Drafts\0616\Timelines\80D907D2-E7CE-4942-A24A-96F1C89FFD61\template-2.tmp","4214","2026-06-16 오전 2:57:52"
"C:\Users\user\AppData\Local\CapCut Drafts\0616\Timelines\80D907D2-E7CE-4942-A24A-96F1C89FFD61\template.tmp","3892","2026-06-16 오전 2:57:49"
"C:\Users\user\AppData\Local\CapCut Drafts\0616\Timelines\80D907D2-E7CE-4942-A24A-96F1C89FFD61\attachment\patch",,"2026-06-16 오전 2:57:51"
"C:\Users\user\AppData\Local\CapCut Drafts\0616\Timelines\80D907D2-E7CE-4942-A24A-96F1C89FFD61\attachment\patch\mini_draft.json","652","2026-06-16 오전 2:57:51"
"C:\Users\user\AppData\Local\CapCut Drafts\0616\Timelines\80D907D2-E7CE-4942-A24A-96F1C89FFD61\common_attachment\attachment_action_scene.json","61","2026-06-16 오전 2:57:53"
"C:\Users\user\AppData\Local\CapCut Drafts\0616\Timelines\80D907D2-E7CE-4942-A24A-96F1C89FFD61\common_attachment\attachment_gen_ai_info.json","418","2026-06-16 오전 2:57:53"
"C:\Users\user\AppData\Local\CapCut Drafts\0616\Timelines\80D907D2-E7CE-4942-A24A-96F1C89FFD61\common_attachment\attachment_pc_timeline.json","124","2026-06-16 오전 2:57:52"
"C:\Users\user\AppData\Local\CapCut Drafts\0616\Timelines\80D907D2-E7CE-4942-A24A-96F1C89FFD61\common_attachment\attachment_script_video.json","201","2026-06-16 오전 2:57:53"
"C:\Users\user\AppData\Local\CapCut Drafts\0616 (1)\adjust_mask",,"2026-06-16 오전 3:01:02"
"C:\Users\user\AppData\Local\CapCut Drafts\0616 (1)\common_attachment",,"2026-06-16 오전 3:11:12"
"C:\Users\user\AppData\Local\CapCut Drafts\0616 (1)\matting",,"2026-06-16 오전 3:01:02"
"C:\Users\user\AppData\Local\CapCut Drafts\0616 (1)\qr_upload",,"2026-06-16 오전 3:01:03"
"C:\Users\user\AppData\Local\CapCut Drafts\0616 (1)\Resources",,"2026-06-16 오전 3:11:14"
"C:\Users\user\AppData\Local\CapCut Drafts\0616 (1)\smart_crop",,"2026-06-16 오전 3:01:02"
"C:\Users\user\AppData\Local\CapCut Drafts\0616 (1)\subdraft",,"2026-06-16 오전 3:01:03"
"C:\Users\user\AppData\Local\CapCut Drafts\0616 (1)\Timelines",,"2026-06-16 오전 3:01:02"
"C:\Users\user\AppData\Local\CapCut Drafts\0616 (1)\attachment_pc_common.json","698","2026-06-16 오전 3:11:12"
"C:\Users\user\AppData\Local\CapCut Drafts\0616 (1)\draft_agency_config.json","154","2026-06-16 오전 3:01:02"
"C:\Users\user\AppData\Local\CapCut Drafts\0616 (1)\draft_biz_config.json","0","2026-06-16 오전 3:01:02"
"C:\Users\user\AppData\Local\CapCut Drafts\0616 (1)\draft_content.json","21489","2026-06-16 오전 3:11:12"
"C:\Users\user\AppData\Local\CapCut Drafts\0616 (1)\draft_content.json.bak","21489","2026-06-16 오전 3:11:01"
"C:\Users\user\AppData\Local\CapCut Drafts\0616 (1)\draft_cover.jpg","148364","2026-06-16 오전 3:11:13"
"C:\Users\user\AppData\Local\CapCut Drafts\0616 (1)\draft_meta_info.json","3309","2026-06-16 오전 3:11:14"
"C:\Users\user\AppData\Local\CapCut Drafts\0616 (1)\draft_settings","115","2026-06-16 오전 3:11:12"
"C:\Users\user\AppData\Local\CapCut Drafts\0616 (1)\draft_virtual_store.json","465","2026-06-16 오전 3:10:43"
"C:\Users\user\AppData\Local\CapCut Drafts\0616 (1)\key_value.json","4919","2026-06-16 오전 3:11:13"
"C:\Users\user\AppData\Local\CapCut Drafts\0616 (1)\performance_opt_info.json","71","2026-06-16 오전 3:11:13"
"C:\Users\user\AppData\Local\CapCut Drafts\0616 (1)\template-2.tmp","21489","2026-06-16 오전 3:11:12"
"C:\Users\user\AppData\Local\CapCut Drafts\0616 (1)\timeline_layout.json","154","2026-06-16 오전 3:01:03"
"C:\Users\user\AppData\Local\CapCut Drafts\0616 (1)\common_attachment\attachment_pc_timeline.json","124","2026-06-16 오전 3:11:12"
"C:\Users\user\AppData\Local\CapCut Drafts\0616 (1)\Resources\audioAlg",,"2026-06-16 오전 3:01:02"
"C:\Users\user\AppData\Local\CapCut Drafts\0616 (1)\Resources\digitalHuman",,"2026-06-16 오전 3:11:14"
"C:\Users\user\AppData\Local\CapCut Drafts\0616 (1)\Resources\videoAlg",,"2026-06-16 오전 3:01:02"
"C:\Users\user\AppData\Local\CapCut Drafts\0616 (1)\Resources\digitalHuman\audio",,"2026-06-16 오전 3:11:14"
"C:\Users\user\AppData\Local\CapCut Drafts\0616 (1)\Resources\digitalHuman\bsinfo",,"2026-06-16 오전 3:11:14"
"C:\Users\user\AppData\Local\CapCut Drafts\0616 (1)\Resources\digitalHuman\video",,"2026-06-16 오전 3:11:14"
"C:\Users\user\AppData\Local\CapCut Drafts\0616 (1)\Timelines\EA25612E-F40E-4a3e-880B-2CD3DA576C3E",,"2026-06-16 오전 3:11:14"
"C:\Users\user\AppData\Local\CapCut Drafts\0616 (1)\Timelines\project.json","437","2026-06-16 오전 3:01:31"
"C:\Users\user\AppData\Local\CapCut Drafts\0616 (1)\Timelines\project.json.bak","437","2026-06-16 오전 3:01:31"
"C:\Users\user\AppData\Local\CapCut Drafts\0616 (1)\Timelines\EA25612E-F40E-4a3e-880B-2CD3DA576C3E\attachment",,"2026-06-16 오전 3:01:03"
"C:\Users\user\AppData\Local\CapCut Drafts\0616 (1)\Timelines\EA25612E-F40E-4a3e-880B-2CD3DA576C3E\common_attachment",,"2026-06-16 오전 3:11:14"
"C:\Users\user\AppData\Local\CapCut Drafts\0616 (1)\Timelines\EA25612E-F40E-4a3e-880B-2CD3DA576C3E\attachment_editing.json","1797","2026-06-16 오전 3:11:14"
"C:\Users\user\AppData\Local\CapCut Drafts\0616 (1)\Timelines\EA25612E-F40E-4a3e-880B-2CD3DA576C3E\attachment_pc_common.json","698","2026-06-16 오전 3:11:12"
"C:\Users\user\AppData\Local\CapCut Drafts\0616 (1)\Timelines\EA25612E-F40E-4a3e-880B-2CD3DA576C3E\draft_content.json","21489","2026-06-16 오전 3:11:12"
"C:\Users\user\AppData\Local\CapCut Drafts\0616 (1)\Timelines\EA25612E-F40E-4a3e-880B-2CD3DA576C3E\draft_content.json.bak","21489","2026-06-16 오전 3:11:01"
"C:\Users\user\AppData\Local\CapCut Drafts\0616 (1)\Timelines\EA25612E-F40E-4a3e-880B-2CD3DA576C3E\draft_cover.jpg","148364","2026-06-16 오전 3:11:13"
"C:\Users\user\AppData\Local\CapCut Drafts\0616 (1)\Timelines\EA25612E-F40E-4a3e-880B-2CD3DA576C3E\template-2.tmp","21489","2026-06-16 오전 3:11:12"
"C:\Users\user\AppData\Local\CapCut Drafts\0616 (1)\Timelines\EA25612E-F40E-4a3e-880B-2CD3DA576C3E\template.tmp","3892","2026-06-16 오전 3:01:02"
"C:\Users\user\AppData\Local\CapCut Drafts\0616 (1)\Timelines\EA25612E-F40E-4a3e-880B-2CD3DA576C3E\attachment\patch",,"2026-06-16 오전 3:11:02"
"C:\Users\user\AppData\Local\CapCut Drafts\0616 (1)\Timelines\EA25612E-F40E-4a3e-880B-2CD3DA576C3E\attachment\patch\mini_draft.json","23160","2026-06-16 오전 3:11:01"
"C:\Users\user\AppData\Local\CapCut Drafts\0616 (1)\Timelines\EA25612E-F40E-4a3e-880B-2CD3DA576C3E\attachment\patch\patch.json","19","2026-06-16 오전 3:11:02"
"C:\Users\user\AppData\Local\CapCut Drafts\0616 (1)\Timelines\EA25612E-F40E-4a3e-880B-2CD3DA576C3E\common_attachment\attachment_action_scene.json","61","2026-06-16 오전 3:11:14"
"C:\Users\user\AppData\Local\CapCut Drafts\0616 (1)\Timelines\EA25612E-F40E-4a3e-880B-2CD3DA576C3E\common_attachment\attachment_gen_ai_info.json","418","2026-06-16 오전 3:11:14"
"C:\Users\user\AppData\Local\CapCut Drafts\0616 (1)\Timelines\EA25612E-F40E-4a3e-880B-2CD3DA576C3E\common_attachment\attachment_pc_timeline.json","124","2026-06-16 오전 3:11:12"
"C:\Users\user\AppData\Local\CapCut Drafts\0616 (1)\Timelines\EA25612E-F40E-4a3e-880B-2CD3DA576C3E\common_attachment\attachment_plugin_draft.json","59","2026-06-16 오전 3:11:14"
"C:\Users\user\AppData\Local\CapCut Drafts\0616 (1)\Timelines\EA25612E-F40E-4a3e-880B-2CD3DA576C3E\common_attachment\attachment_script_video.json","201","2026-06-16 오전 3:11:14"
"C:\Users\user\AppData\Local\CapCut Drafts\0616 (2)\adjust_mask",,"2026-06-16 오후 7:24:50"
"C:\Users\user\AppData\Local\CapCut Drafts\0616 (2)\common_attachment",,"2026-06-17 오전 12:13:34"
"C:\Users\user\AppData\Local\CapCut Drafts\0616 (2)\matting",,"2026-06-16 오후 7:24:50"
"C:\Users\user\AppData\Local\CapCut Drafts\0616 (2)\qr_upload",,"2026-06-16 오후 7:24:51"
"C:\Users\user\AppData\Local\CapCut Drafts\0616 (2)\Resources",,"2026-06-17 오전 12:13:39"
"C:\Users\user\AppData\Local\CapCut Drafts\0616 (2)\smart_crop",,"2026-06-16 오후 7:24:50"
"C:\Users\user\AppData\Local\CapCut Drafts\0616 (2)\subdraft",,"2026-06-16 오후 7:24:51"
"C:\Users\user\AppData\Local\CapCut Drafts\0616 (2)\Timelines",,"2026-06-16 오후 7:24:50"
"C:\Users\user\AppData\Local\CapCut Drafts\0616 (2)\attachment_pc_common.json","698","2026-06-17 오전 12:13:33"
"C:\Users\user\AppData\Local\CapCut Drafts\0616 (2)\crypto_key_store.dat","256","2026-06-16 오후 11:10:08"
"C:\Users\user\AppData\Local\CapCut Drafts\0616 (2)\crypto_key_store.dat.bak","256","2026-06-16 오후 11:10:08"
"C:\Users\user\AppData\Local\CapCut Drafts\0616 (2)\draft_agency_config.json","154","2026-06-16 오후 7:24:49"
"C:\Users\user\AppData\Local\CapCut Drafts\0616 (2)\draft_biz_config.json","0","2026-06-16 오후 7:24:49"
"C:\Users\user\AppData\Local\CapCut Drafts\0616 (2)\draft_content.json","306854","2026-06-17 오전 12:13:33"
"C:\Users\user\AppData\Local\CapCut Drafts\0616 (2)\draft_content.json.bak","306854","2026-06-16 오후 11:40:38"
"C:\Users\user\AppData\Local\CapCut Drafts\0616 (2)\draft_cover.jpg","109392","2026-06-17 오전 12:13:34"
"C:\Users\user\AppData\Local\CapCut Drafts\0616 (2)\draft_meta_info.json","14080","2026-06-17 오전 12:13:39"
"C:\Users\user\AppData\Local\CapCut Drafts\0616 (2)\draft_settings","146","2026-06-17 오전 12:13:33"
"C:\Users\user\AppData\Local\CapCut Drafts\0616 (2)\draft_virtual_store.json","1470","2026-06-16 오후 11:36:52"
"C:\Users\user\AppData\Local\CapCut Drafts\0616 (2)\key_value.json","47869","2026-06-17 오전 12:13:36"
"C:\Users\user\AppData\Local\CapCut Drafts\0616 (2)\performance_opt_info.json","71","2026-06-17 오전 12:13:36"
"C:\Users\user\AppData\Local\CapCut Drafts\0616 (2)\template-2.tmp","306854","2026-06-17 오전 12:13:33"
"C:\Users\user\AppData\Local\CapCut Drafts\0616 (2)\timeline_layout.json","154","2026-06-16 오후 7:24:51"
"C:\Users\user\AppData\Local\CapCut Drafts\0616 (2)\common_attachment\attachment_pc_timeline.json","218","2026-06-17 오전 12:13:33"
"C:\Users\user\AppData\Local\CapCut Drafts\0616 (2)\Resources\audioAlg",,"2026-06-16 오후 7:24:49"
"C:\Users\user\AppData\Local\CapCut Drafts\0616 (2)\Resources\digitalHuman",,"2026-06-17 오전 12:13:39"
"C:\Users\user\AppData\Local\CapCut Drafts\0616 (2)\Resources\videoAlg",,"2026-06-16 오후 7:24:49"
"C:\Users\user\AppData\Local\CapCut Drafts\0616 (2)\Resources\digitalHuman\audio",,"2026-06-17 오전 12:13:39"
"C:\Users\user\AppData\Local\CapCut Drafts\0616 (2)\Resources\digitalHuman\bsinfo",,"2026-06-17 오전 12:13:39"
"C:\Users\user\AppData\Local\CapCut Drafts\0616 (2)\Resources\digitalHuman\video",,"2026-06-17 오전 12:13:39"
"C:\Users\user\AppData\Local\CapCut Drafts\0616 (2)\Timelines\78AFDC16-473D-4eee-AA56-6725FCE1C988",,"2026-06-17 오전 12:13:39"
"C:\Users\user\AppData\Local\CapCut Drafts\0616 (2)\Timelines\project.json","437","2026-06-16 오후 7:25:46"
"C:\Users\user\AppData\Local\CapCut Drafts\0616 (2)\Timelines\project.json.bak","437","2026-06-16 오후 7:25:46"
"C:\Users\user\AppData\Local\CapCut Drafts\0616 (2)\Timelines\78AFDC16-473D-4eee-AA56-6725FCE1C988\attachment",,"2026-06-16 오후 7:24:51"
"C:\Users\user\AppData\Local\CapCut Drafts\0616 (2)\Timelines\78AFDC16-473D-4eee-AA56-6725FCE1C988\common_attachment",,"2026-06-17 오전 12:13:39"
"C:\Users\user\AppData\Local\CapCut Drafts\0616 (2)\Timelines\78AFDC16-473D-4eee-AA56-6725FCE1C988\attachment_editing.json","1797","2026-06-17 오전 12:13:39"
"C:\Users\user\AppData\Local\CapCut Drafts\0616 (2)\Timelines\78AFDC16-473D-4eee-AA56-6725FCE1C988\attachment_pc_common.json","698","2026-06-17 오전 12:13:33"
"C:\Users\user\AppData\Local\CapCut Drafts\0616 (2)\Timelines\78AFDC16-473D-4eee-AA56-6725FCE1C988\draft.extra","4832","2026-06-16 오후 11:19:08"
"C:\Users\user\AppData\Local\CapCut Drafts\0616 (2)\Timelines\78AFDC16-473D-4eee-AA56-6725FCE1C988\draft_content.json","306854","2026-06-17 오전 12:13:33"
"C:\Users\user\AppData\Local\CapCut Drafts\0616 (2)\Timelines\78AFDC16-473D-4eee-AA56-6725FCE1C988\draft_content.json.bak","306854","2026-06-16 오후 11:40:38"
"C:\Users\user\AppData\Local\CapCut Drafts\0616 (2)\Timelines\78AFDC16-473D-4eee-AA56-6725FCE1C988\draft_cover.jpg","109392","2026-06-17 오전 12:13:34"
"C:\Users\user\AppData\Local\CapCut Drafts\0616 (2)\Timelines\78AFDC16-473D-4eee-AA56-6725FCE1C988\template-2.tmp","306854","2026-06-17 오전 12:13:33"
"C:\Users\user\AppData\Local\CapCut Drafts\0616 (2)\Timelines\78AFDC16-473D-4eee-AA56-6725FCE1C988\template.tmp","3892","2026-06-16 오후 7:24:50"
"C:\Users\user\AppData\Local\CapCut Drafts\0616 (2)\Timelines\78AFDC16-473D-4eee-AA56-6725FCE1C988\attachment\patch",,"2026-06-16 오후 11:40:39"
"C:\Users\user\AppData\Local\CapCut Drafts\0616 (2)\Timelines\78AFDC16-473D-4eee-AA56-6725FCE1C988\attachment\patch\mini_draft.json","333061","2026-06-16 오후 11:40:38"
"C:\Users\user\AppData\Local\CapCut Drafts\0616 (2)\Timelines\78AFDC16-473D-4eee-AA56-6725FCE1C988\attachment\patch\patch.json","19","2026-06-16 오후 11:40:39"
"C:\Users\user\AppData\Local\CapCut Drafts\0616 (2)\Timelines\78AFDC16-473D-4eee-AA56-6725FCE1C988\common_attachment\attachment_action_scene.json","61","2026-06-17 오전 12:13:39"
"C:\Users\user\AppData\Local\CapCut Drafts\0616 (2)\Timelines\78AFDC16-473D-4eee-AA56-6725FCE1C988\common_attachment\attachment_gen_ai_info.json","418","2026-06-17 오전 12:13:39"
"C:\Users\user\AppData\Local\CapCut Drafts\0616 (2)\Timelines\78AFDC16-473D-4eee-AA56-6725FCE1C988\common_attachment\attachment_pc_timeline.json","218","2026-06-17 오전 12:13:33"
"C:\Users\user\AppData\Local\CapCut Drafts\0616 (2)\Timelines\78AFDC16-473D-4eee-AA56-6725FCE1C988\common_attachment\attachment_plugin_draft.json","59","2026-06-17 오전 12:13:39"
"C:\Users\user\AppData\Local\CapCut Drafts\0616 (2)\Timelines\78AFDC16-473D-4eee-AA56-6725FCE1C988\common_attachment\attachment_script_video.json","201","2026-06-17 오전 12:13:39"
"C:\Users\user\AppData\Local\CapCut Drafts\0617\adjust_mask",,"2026-06-17 오전 12:17:55"
"C:\Users\user\AppData\Local\CapCut Drafts\0617\common_attachment",,"2026-06-17 오후 11:41:00"
"C:\Users\user\AppData\Local\CapCut Drafts\0617\loudness",,"2026-06-18 오전 12:03:41"
"C:\Users\user\AppData\Local\CapCut Drafts\0617\matting",,"2026-06-17 오전 1:21:26"
"C:\Users\user\AppData\Local\CapCut Drafts\0617\qr_upload",,"2026-06-17 오전 12:17:55"
"C:\Users\user\AppData\Local\CapCut Drafts\0617\Resources",,"2026-06-17 오후 11:41:09"
"C:\Users\user\AppData\Local\CapCut Drafts\0617\smart_crop",,"2026-06-17 오전 12:17:55"
"C:\Users\user\AppData\Local\CapCut Drafts\0617\subdraft",,"2026-06-17 오전 12:17:55"
"C:\Users\user\AppData\Local\CapCut Drafts\0617\Timelines",,"2026-06-17 오전 12:17:55"
"C:\Users\user\AppData\Local\CapCut Drafts\0617\attachment_editing.json","1795","2026-06-18 오전 12:03:41"
"C:\Users\user\AppData\Local\CapCut Drafts\0617\attachment_pc_common.json","698","2026-06-18 오전 1:42:03"
"C:\Users\user\AppData\Local\CapCut Drafts\0617\crypto_key_store.dat","2698","2026-06-18 오전 12:35:52"
"C:\Users\user\AppData\Local\CapCut Drafts\0617\crypto_key_store.dat.bak","2698","2026-06-18 오전 12:35:52"
"C:\Users\user\AppData\Local\CapCut Drafts\0617\draft_agency_config.json","1860","2026-06-17 오후 11:41:05"
"C:\Users\user\AppData\Local\CapCut Drafts\0617\draft_biz_config.json","0","2026-06-17 오전 12:17:55"
"C:\Users\user\AppData\Local\CapCut Drafts\0617\draft_content.json","430722","2026-06-18 오전 1:42:04"
"C:\Users\user\AppData\Local\CapCut Drafts\0617\draft_content.json.bak","430678","2026-06-18 오전 1:33:13"
"C:\Users\user\AppData\Local\CapCut Drafts\0617\draft_cover.jpg","119690","2026-06-18 오전 1:42:04"
"C:\Users\user\AppData\Local\CapCut Drafts\0617\draft_meta_info.json","6060","2026-06-18 오전 1:42:14"
"C:\Users\user\AppData\Local\CapCut Drafts\0617\draft_settings","182","2026-06-18 오전 1:42:03"
"C:\Users\user\AppData\Local\CapCut Drafts\0617\draft_virtual_store.json","867","2026-06-18 오전 1:30:15"
"C:\Users\user\AppData\Local\CapCut Drafts\0617\key_value.json","40444","2026-06-18 오전 1:42:07"
"C:\Users\user\AppData\Local\CapCut Drafts\0617\performance_opt_info.json","71","2026-06-18 오전 1:42:07"
"C:\Users\user\AppData\Local\CapCut Drafts\0617\template-2.tmp","430722","2026-06-18 오전 1:42:04"
"C:\Users\user\AppData\Local\CapCut Drafts\0617\timeline_layout.json","154","2026-06-17 오후 11:40:39"
"C:\Users\user\AppData\Local\CapCut Drafts\0617\common_attachment\attachment_action_scene.json","19716","2026-06-17 오전 2:51:22"
"C:\Users\user\AppData\Local\CapCut Drafts\0617\common_attachment\attachment_gen_ai_info.json","418","2026-06-17 오전 2:51:22"
"C:\Users\user\AppData\Local\CapCut Drafts\0617\common_attachment\attachment_pc_timeline.json","126","2026-06-18 오전 1:42:03"
"C:\Users\user\AppData\Local\CapCut Drafts\0617\common_attachment\attachment_plugin_draft.json","59","2026-06-17 오전 2:51:22"
"C:\Users\user\AppData\Local\CapCut Drafts\0617\common_attachment\attachment_script_video.json","201","2026-06-17 오전 2:51:22"
"C:\Users\user\AppData\Local\CapCut Drafts\0617\loudness\63b905ce8973fd7b99bbbb706f011eb1","17","2026-06-18 오전 12:03:41"
"C:\Users\user\AppData\Local\CapCut Drafts\0617\matting\2d99daf14acd02ceeb707412f1139375",,"2026-06-17 오전 1:21:49"
"C:\Users\user\AppData\Local\CapCut Drafts\0617\matting\2d99daf14acd02ceeb707412f1139375\2",,"2026-06-17 오전 1:22:10"
"C:\Users\user\AppData\Local\CapCut Drafts\0617\matting\2d99daf14acd02ceeb707412f1139375\6E69D45C-612F-4fed-98F1-C1616760548E",,"2026-06-17 오전 1:21:26"
"C:\Users\user\AppData\Local\CapCut Drafts\0617\matting\2d99daf14acd02ceeb707412f1139375\2\mask",,"2026-06-17 오전 1:22:10"
"C:\Users\user\AppData\Local\CapCut Drafts\0617\matting\2d99daf14acd02ceeb707412f1139375\2\maskinfo",,"2026-06-17 오전 1:22:10"
"C:\Users\user\AppData\Local\CapCut Drafts\0617\matting\2d99daf14acd02ceeb707412f1139375\2\matting_result.json","52","2026-06-17 오전 1:22:10"
"C:\Users\user\AppData\Local\CapCut Drafts\0617\matting\2d99daf14acd02ceeb707412f1139375\2\mocf","4530","2026-06-17 오전 1:22:10"
"C:\Users\user\AppData\Local\CapCut Drafts\0617\matting\2d99daf14acd02ceeb707412f1139375\2\mask\0","114688","2026-06-17 오전 1:21:49"
"C:\Users\user\AppData\Local\CapCut Drafts\0617\matting\2d99daf14acd02ceeb707412f1139375\2\mask\100000","114688","2026-06-17 오전 1:21:49"
"C:\Users\user\AppData\Local\CapCut Drafts\0617\matting\2d99daf14acd02ceeb707412f1139375\2\mask\1000000","114688","2026-06-17 오전 1:21:50"
"C:\Users\user\AppData\Local\CapCut Drafts\0617\matting\2d99daf14acd02ceeb707412f1139375\2\mask\10000000","114688","2026-06-17 오전 1:22:01"
"C:\Users\user\AppData\Local\CapCut Drafts\0617\matting\2d99daf14acd02ceeb707412f1139375\2\mask\10033333","114688","2026-06-17 오전 1:22:01"
"C:\Users\user\AppData\Local\CapCut Drafts\0617\matting\2d99daf14acd02ceeb707412f1139375\2\mask\10066667","114688","2026-06-17 오전 1:22:01"
"C:\Users\user\AppData\Local\CapCut Drafts\0617\matting\2d99daf14acd02ceeb707412f1139375\2\mask\10100000","114688","2026-06-17 오전 1:22:01"
"C:\Users\user\AppData\Local\CapCut Drafts\0617\matting\2d99daf14acd02ceeb707412f1139375\2\mask\10133333","114688","2026-06-17 오전 1:22:01"
"C:\Users\user\AppData\Local\CapCut Drafts\0617\matting\2d99daf14acd02ceeb707412f1139375\2\mask\10166667","114688","2026-06-17 오전 1:22:01"
"C:\Users\user\AppData\Local\CapCut Drafts\0617\matting\2d99daf14acd02ceeb707412f1139375\2\mask\10200000","114688","2026-06-17 오전 1:22:01"
"C:\Users\user\AppData\Local\CapCut Drafts\0617\matting\2d99daf14acd02ceeb707412f1139375\2\mask\10233333","114688","2026-06-17 오전 1:22:01"
"C:\Users\user\AppData\Local\CapCut Drafts\0617\matting\2d99daf14acd02ceeb707412f1139375\2\mask\10266667","114688","2026-06-17 오전 1:22:01"
"C:\Users\user\AppData\Local\CapCut Drafts\0617\matting\2d99daf14acd02ceeb707412f1139375\2\mask\10300000","114688","2026-06-17 오전 1:22:01"
"C:\Users\user\AppData\Local\CapCut Drafts\0617\matting\2d99daf14acd02ceeb707412f1139375\2\mask\1033333","114688","2026-06-17 오전 1:21:50"
"C:\Users\user\AppData\Local\CapCut Drafts\0617\matting\2d99daf14acd02ceeb707412f1139375\2\mask\10333333","114688","2026-06-17 오전 1:22:01"
"C:\Users\user\AppData\Local\CapCut Drafts\0617\matting\2d99daf14acd02ceeb707412f1139375\2\mask\10366667","114688","2026-06-17 오전 1:22:01"
"C:\Users\user\AppData\Local\CapCut Drafts\0617\matting\2d99daf14acd02ceeb707412f1139375\2\mask\10400000","114688","2026-06-17 오전 1:22:01"
"C:\Users\user\AppData\Local\CapCut Drafts\0617\matting\2d99daf14acd02ceeb707412f1139375\2\mask\10433333","114688","2026-06-17 오전 1:22:01"
"C:\Users\user\AppData\Local\CapCut Drafts\0617\matting\2d99daf14acd02ceeb707412f1139375\2\mask\10466667","114688","2026-06-17 오전 1:22:01"
"C:\Users\user\AppData\Local\CapCut Drafts\0617\matting\2d99daf14acd02ceeb707412f1139375\2\mask\10500000","114688","2026-06-17 오전 1:22:01"
"C:\Users\user\AppData\Local\CapCut Drafts\0617\matting\2d99daf14acd02ceeb707412f1139375\2\mask\10533333","114688","2026-06-17 오전 1:22:01"
"C:\Users\user\AppData\Local\CapCut Drafts\0617\matting\2d99daf14acd02ceeb707412f1139375\2\mask\10566667","114688","2026-06-17 오전 1:22:01"
"C:\Users\user\AppData\Local\CapCut Drafts\0617\matting\2d99daf14acd02ceeb707412f1139375\2\mask\10600000","114688","2026-06-17 오전 1:22:02"
"C:\Users\user\AppData\Local\CapCut Drafts\0617\matting\2d99daf14acd02ceeb707412f1139375\2\mask\10633333","114688","2026-06-17 오전 1:22:02"
"C:\Users\user\AppData\Local\CapCut Drafts\0617\matting\2d99daf14acd02ceeb707412f1139375\2\mask\10666667","114688","2026-06-17 오전 1:22:02"
"C:\Users\user\AppData\Local\CapCut Drafts\0617\matting\2d99daf14acd02ceeb707412f1139375\2\mask\1066667","114688","2026-06-17 오전 1:21:50"
"C:\Users\user\AppData\Local\CapCut Drafts\0617\matting\2d99daf14acd02ceeb707412f1139375\2\mask\10700000","114688","2026-06-17 오전 1:22:02"
"C:\Users\user\AppData\Local\CapCut Drafts\0617\matting\2d99daf14acd02ceeb707412f1139375\2\mask\10733333","114688","2026-06-17 오전 1:22:02"
"C:\Users\user\AppData\Local\CapCut Drafts\0617\matting\2d99daf14acd02ceeb707412f1139375\2\mask\10766667","114688","2026-06-17 오전 1:22:02"
"C:\Users\user\AppData\Local\CapCut Drafts\0617\matting\2d99daf14acd02ceeb707412f1139375\2\mask\10800000","114688","2026-06-17 오전 1:22:02"
"C:\Users\user\AppData\Local\CapCut Drafts\0617\matting\2d99daf14acd02ceeb707412f1139375\2\mask\10833333","114688","2026-06-17 오전 1:22:02"
"C:\Users\user\AppData\Local\CapCut Drafts\0617\matting\2d99daf14acd02ceeb707412f1139375\2\mask\10866667","114688","2026-06-17 오전 1:22:02"
"C:\Users\user\AppData\Local\CapCut Drafts\0617\matting\2d99daf14acd02ceeb707412f1139375\2\mask\10900000","114688","2026-06-17 오전 1:22:02"
"C:\Users\user\AppData\Local\CapCut Drafts\0617\matting\2d99daf14acd02ceeb707412f1139375\2\mask\10933333","114688","2026-06-17 오전 1:22:02"
"C:\Users\user\AppData\Local\CapCut Drafts\0617\matting\2d99daf14acd02ceeb707412f1139375\2\mask\10966667","114688","2026-06-17 오전 1:22:02"
"C:\Users\user\AppData\Local\CapCut Drafts\0617\matting\2d99daf14acd02ceeb707412f1139375\2\mask\1100000","114688","2026-06-17 오전 1:21:50"
"C:\Users\user\AppData\Local\CapCut Drafts\0617\matting\2d99daf14acd02ceeb707412f1139375\2\mask\11000000","114688","2026-06-17 오전 1:22:02"
"C:\Users\user\AppData\Local\CapCut Drafts\0617\matting\2d99daf14acd02ceeb707412f1139375\2\mask\11033333","114688","2026-06-17 오전 1:22:02"
"C:\Users\user\AppData\Local\CapCut Drafts\0617\matting\2d99daf14acd02ceeb707412f1139375\2\mask\11066667","114688","2026-06-17 오전 1:22:02"
"C:\Users\user\AppData\Local\CapCut Drafts\0617\matting\2d99daf14acd02ceeb707412f1139375\2\mask\11100000","114688","2026-06-17 오전 1:22:02"
"C:\Users\user\AppData\Local\CapCut Drafts\0617\matting\2d99daf14acd02ceeb707412f1139375\2\mask\11133333","114688","2026-06-17 오전 1:22:02"
"C:\Users\user\AppData\Local\CapCut Drafts\0617\matting\2d99daf14acd02ceeb707412f1139375\2\mask\11166667","114688","2026-06-17 오전 1:22:02"
"C:\Users\user\AppData\Local\CapCut Drafts\0617\matting\2d99daf14acd02ceeb707412f1139375\2\mask\11200000","114688","2026-06-17 오전 1:22:02"
"C:\Users\user\AppData\Local\CapCut Drafts\0617\matting\2d99daf14acd02ceeb707412f1139375\2\mask\11233333","114688","2026-06-17 오전 1:22:02"
"C:\Users\user\AppData\Local\CapCut Drafts\0617\matting\2d99daf14acd02ceeb707412f1139375\2\mask\11266667","114688","2026-06-17 오전 1:22:02"
"C:\Users\user\AppData\Local\CapCut Drafts\0617\matting\2d99daf14acd02ceeb707412f1139375\2\mask\11300000","114688","2026-06-17 오전 1:22:02"
"C:\Users\user\AppData\Local\CapCut Drafts\0617\matting\2d99daf14acd02ceeb707412f1139375\2\mask\1133333","114688","2026-06-17 오전 1:21:50"
"C:\Users\user\AppData\Local\CapCut Drafts\0617\matting\2d99daf14acd02ceeb707412f1139375\2\mask\11333333","114688","2026-06-17 오전 1:22:02"
"C:\Users\user\AppData\Local\CapCut Drafts\0617\matting\2d99daf14acd02ceeb707412f1139375\2\mask\11366667","114688","2026-06-17 오전 1:22:02"
"C:\Users\user\AppData\Local\CapCut Drafts\0617\matting\2d99daf14acd02ceeb707412f1139375\2\mask\11400000","114688","2026-06-17 오전 1:22:02"
"C:\Users\user\AppData\Local\CapCut Drafts\0617\matting\2d99daf14acd02ceeb707412f1139375\2\mask\11433333","114688","2026-06-17 오전 1:22:03"
"C:\Users\user\AppData\Local\CapCut Drafts\0617\matting\2d99daf14acd02ceeb707412f1139375\2\mask\11466667","114688","2026-06-17 오전 1:22:03"
"C:\Users\user\AppData\Local\CapCut Drafts\0617\matting\2d99daf14acd02ceeb707412f1139375\2\mask\11500000","114688","2026-06-17 오전 1:22:03"
"C:\Users\user\AppData\Local\CapCut Drafts\0617\matting\2d99daf14acd02ceeb707412f1139375\2\mask\11533333","114688","2026-06-17 오전 1:22:03"
"C:\Users\user\AppData\Local\CapCut Drafts\0617\matting\2d99daf14acd02ceeb707412f1139375\2\mask\11566667","114688","2026-06-17 오전 1:22:03"
"C:\Users\user\AppData\Local\CapCut Drafts\0617\matting\2d99daf14acd02ceeb707412f1139375\2\mask\11600000","114688","2026-06-17 오전 1:22:03"
"C:\Users\user\AppData\Local\CapCut Drafts\0617\matting\2d99daf14acd02ceeb707412f1139375\2\mask\11633333","114688","2026-06-17 오전 1:22:03"
"C:\Users\user\AppData\Local\CapCut Drafts\0617\matting\2d99daf14acd02ceeb707412f1139375\2\mask\11666667","114688","2026-06-17 오전 1:22:03"
"C:\Users\user\AppData\Local\CapCut Drafts\0617\matting\2d99daf14acd02ceeb707412f1139375\2\mask\1166667","114688","2026-06-17 오전 1:21:50"
"C:\Users\user\AppData\Local\CapCut Drafts\0617\matting\2d99daf14acd02ceeb707412f1139375\2\mask\11700000","114688","2026-06-17 오전 1:22:03"
"C:\Users\user\AppData\Local\CapCut Drafts\0617\matting\2d99daf14acd02ceeb707412f1139375\2\mask\11733333","114688","2026-06-17 오전 1:22:03"
"C:\Users\user\AppData\Local\CapCut Drafts\0617\matting\2d99daf14acd02ceeb707412f1139375\2\mask\11766667","114688","2026-06-17 오전 1:22:03"
"C:\Users\user\AppData\Local\CapCut Drafts\0617\matting\2d99daf14acd02ceeb707412f1139375\2\mask\11800000","114688","2026-06-17 오전 1:22:03"
"C:\Users\user\AppData\Local\CapCut Drafts\0617\matting\2d99daf14acd02ceeb707412f1139375\2\mask\11833333","114688","2026-06-17 오전 1:22:03"
"C:\Users\user\AppData\Local\CapCut Drafts\0617\matting\2d99daf14acd02ceeb707412f1139375\2\mask\11866667","114688","2026-06-17 오전 1:22:03"
"C:\Users\user\AppData\Local\CapCut Drafts\0617\matting\2d99daf14acd02ceeb707412f1139375\2\mask\11900000","114688","2026-06-17 오전 1:22:03"
"C:\Users\user\AppData\Local\CapCut Drafts\0617\matting\2d99daf14acd02ceeb707412f1139375\2\mask\11933333","114688","2026-06-17 오전 1:22:03"
"C:\Users\user\AppData\Local\CapCut Drafts\0617\matting\2d99daf14acd02ceeb707412f1139375\2\mask\11966667","114688","2026-06-17 오전 1:22:03"
"C:\Users\user\AppData\Local\CapCut Drafts\0617\matting\2d99daf14acd02ceeb707412f1139375\2\mask\1200000","114688","2026-06-17 오전 1:21:50"
"C:\Users\user\AppData\Local\CapCut Drafts\0617\matting\2d99daf14acd02ceeb707412f1139375\2\mask\12000000","114688","2026-06-17 오전 1:22:03"
"C:\Users\user\AppData\Local\CapCut Drafts\0617\matting\2d99daf14acd02ceeb707412f1139375\2\mask\12033333","114688","2026-06-17 오전 1:22:03"
"C:\Users\user\AppData\Local\CapCut Drafts\0617\matting\2d99daf14acd02ceeb707412f1139375\2\mask\12066667","114688","2026-06-17 오전 1:22:03"
"C:\Users\user\AppData\Local\CapCut Drafts\0617\matting\2d99daf14acd02ceeb707412f1139375\2\mask\12100000","114688","2026-06-17 오전 1:22:03"
"C:\Users\user\AppData\Local\CapCut Drafts\0617\matting\2d99daf14acd02ceeb707412f1139375\2\mask\12133333","114688","2026-06-17 오전 1:22:03"
"C:\Users\user\AppData\Local\CapCut Drafts\0617\matting\2d99daf14acd02ceeb707412f1139375\2\mask\12166667","114688","2026-06-17 오전 1:22:03"
"C:\Users\user\AppData\Local\CapCut Drafts\0617\matting\2d99daf14acd02ceeb707412f1139375\2\mask\12200000","114688","2026-06-17 오전 1:22:03"
"C:\Users\user\AppData\Local\CapCut Drafts\0617\matting\2d99daf14acd02ceeb707412f1139375\2\mask\12233333","114688","2026-06-17 오전 1:22:03"
"C:\Users\user\AppData\Local\CapCut Drafts\0617\matting\2d99daf14acd02ceeb707412f1139375\2\mask\12266667","114688","2026-06-17 오전 1:22:04"
"C:\Users\user\AppData\Local\CapCut Drafts\0617\matting\2d99daf14acd02ceeb707412f1139375\2\mask\12300000","114688","2026-06-17 오전 1:22:04"
"C:\Users\user\AppData\Local\CapCut Drafts\0617\matting\2d99daf14acd02ceeb707412f1139375\2\mask\1233333","114688","2026-06-17 오전 1:21:50"
"C:\Users\user\AppData\Local\CapCut Drafts\0617\matting\2d99daf14acd02ceeb707412f1139375\2\mask\12333333","114688","2026-06-17 오전 1:22:04"
"C:\Users\user\AppData\Local\CapCut Drafts\0617\matting\2d99daf14acd02ceeb707412f1139375\2\mask\12366667","114688","2026-06-17 오전 1:22:04"
"C:\Users\user\AppData\Local\CapCut Drafts\0617\matting\2d99daf14acd02ceeb707412f1139375\2\mask\12400000","114688","2026-06-17 오전 1:22:04"
"C:\Users\user\AppData\Local\CapCut Drafts\0617\matting\2d99daf14acd02ceeb707412f1139375\2\mask\12433333","114688","2026-06-17 오전 1:22:04"
"C:\Users\user\AppData\Local\CapCut Drafts\0617\matting\2d99daf14acd02ceeb707412f1139375\2\mask\12466667","114688","2026-06-17 오전 1:22:04"
"C:\Users\user\AppData\Local\CapCut Drafts\0617\matting\2d99daf14acd02ceeb707412f1139375\2\mask\12500000","114688","2026-06-17 오전 1:22:04"
"C:\Users\user\AppData\Local\CapCut Drafts\0617\matting\2d99daf14acd02ceeb707412f1139375\2\mask\12533333","114688","2026-06-17 오전 1:22:04"
"C:\Users\user\AppData\Local\CapCut Drafts\0617\matting\2d99daf14acd02ceeb707412f1139375\2\mask\12566667","114688","2026-06-17 오전 1:22:04"
"C:\Users\user\AppData\Local\CapCut Drafts\0617\matting\2d99daf14acd02ceeb707412f1139375\2\mask\12600000","114688","2026-06-17 오전 1:22:04"
"C:\Users\user\AppData\Local\CapCut Drafts\0617\matting\2d99daf14acd02ceeb707412f1139375\2\mask\12633333","114688","2026-06-17 오전 1:22:04"
"C:\Users\user\AppData\Local\CapCut Drafts\0617\matting\2d99daf14acd02ceeb707412f1139375\2\mask\12666667","114688","2026-06-17 오전 1:22:04"
"C:\Users\user\AppData\Local\CapCut Drafts\0617\matting\2d99daf14acd02ceeb707412f1139375\2\mask\1266667","114688","2026-06-17 오전 1:21:51"
"C:\Users\user\AppData\Local\CapCut Drafts\0617\matting\2d99daf14acd02ceeb707412f1139375\2\mask\12700000","114688","2026-06-17 오전 1:22:04"
"C:\Users\user\AppData\Local\CapCut Drafts\0617\matting\2d99daf14acd02ceeb707412f1139375\2\mask\12733333","114688","2026-06-17 오전 1:22:04"
"C:\Users\user\AppData\Local\CapCut Drafts\0617\matting\2d99daf14acd02ceeb707412f1139375\2\mask\12766667","114688","2026-06-17 오전 1:22:04"
"C:\Users\user\AppData\Local\CapCut Drafts\0617\matting\2d99daf14acd02ceeb707412f1139375\2\mask\12800000","114688","2026-06-17 오전 1:22:04"
"C:\Users\user\AppData\Local\CapCut Drafts\0617\matting\2d99daf14acd02ceeb707412f1139375\2\mask\12833333","114688","2026-06-17 오전 1:22:04"
"C:\Users\user\AppData\Local\CapCut Drafts\0617\matting\2d99daf14acd02ceeb707412f1139375\2\mask\12866667","114688","2026-06-17 오전 1:22:04"
"C:\Users\user\AppData\Local\CapCut Drafts\0617\matting\2d99daf14acd02ceeb707412f1139375\2\mask\12900000","114688","2026-06-17 오전 1:22:04"
"C:\Users\user\AppData\Local\CapCut Drafts\0617\matting\2d99daf14acd02ceeb707412f1139375\2\mask\12933333","114688","2026-06-17 오전 1:22:04"
"C:\Users\user\AppData\Local\CapCut Drafts\0617\matting\2d99daf14acd02ceeb707412f1139375\2\mask\12966667","114688","2026-06-17 오전 1:22:04"
"C:\Users\user\AppData\Local\CapCut Drafts\0617\matting\2d99daf14acd02ceeb707412f1139375\2\mask\1300000","114688","2026-06-17 오전 1:21:51"
"C:\Users\user\AppData\Local\CapCut Drafts\0617\matting\2d99daf14acd02ceeb707412f1139375\2\mask\13000000","114688","2026-06-17 오전 1:22:04"
"C:\Users\user\AppData\Local\CapCut Drafts\0617\matting\2d99daf14acd02ceeb707412f1139375\2\mask\13033333","114688","2026-06-17 오전 1:22:04"
"C:\Users\user\AppData\Local\CapCut Drafts\0617\matting\2d99daf14acd02ceeb707412f1139375\2\mask\13066667","114688","2026-06-17 오전 1:22:04"
"C:\Users\user\AppData\Local\CapCut Drafts\0617\matting\2d99daf14acd02ceeb707412f1139375\2\mask\13100000","114688","2026-06-17 오전 1:22:05"
"C:\Users\user\AppData\Local\CapCut Drafts\0617\matting\2d99daf14acd02ceeb707412f1139375\2\mask\13133333","114688","2026-06-17 오전 1:22:05"
"C:\Users\user\AppData\Local\CapCut Drafts\0617\matting\2d99daf14acd02ceeb707412f1139375\2\mask\13166667","114688","2026-06-17 오전 1:22:05"
"C:\Users\user\AppData\Local\CapCut Drafts\0617\matting\2d99daf14acd02ceeb707412f1139375\2\mask\13200000","114688","2026-06-17 오전 1:22:05"
"C:\Users\user\AppData\Local\CapCut Drafts\0617\matting\2d99daf14acd02ceeb707412f1139375\2\mask\13233333","114688","2026-06-17 오전 1:22:05"
"C:\Users\user\AppData\Local\CapCut Drafts\0617\matting\2d99daf14acd02ceeb707412f1139375\2\mask\13266667","114688","2026-06-17 오전 1:22:05"
"C:\Users\user\AppData\Local\CapCut Drafts\0617\matting\2d99daf14acd02ceeb707412f1139375\2\mask\13300000","114688","2026-06-17 오전 1:22:05"
"C:\Users\user\AppData\Local\CapCut Drafts\0617\matting\2d99daf14acd02ceeb707412f1139375\2\mask\133333","114688","2026-06-17 오전 1:21:49"
"C:\Users\user\AppData\Local\CapCut Drafts\0617\matting\2d99daf14acd02ceeb707412f1139375\2\mask\1333333","114688","2026-06-17 오전 1:21:51"
"C:\Users\user\AppData\Local\CapCut Drafts\0617\matting\2d99daf14acd02ceeb707412f1139375\2\mask\13333333","114688","2026-06-17 오전 1:22:05"
"C:\Users\user\AppData\Local\CapCut Drafts\0617\matting\2d99daf14acd02ceeb707412f1139375\2\mask\13366667","114688","2026-06-17 오전 1:22:05"
"C:\Users\user\AppData\Local\CapCut Drafts\0617\matting\2d99daf14acd02ceeb707412f1139375\2\mask\13400000","114688","2026-06-17 오전 1:22:05"
"C:\Users\user\AppData\Local\CapCut Drafts\0617\matting\2d99daf14acd02ceeb707412f1139375\2\mask\13433333","114688","2026-06-17 오전 1:22:05"
"C:\Users\user\AppData\Local\CapCut Drafts\0617\matting\2d99daf14acd02ceeb707412f1139375\2\mask\13466667","114688","2026-06-17 오전 1:22:05"
"C:\Users\user\AppData\Local\CapCut Drafts\0617\matting\2d99daf14acd02ceeb707412f1139375\2\mask\13500000","114688","2026-06-17 오전 1:22:05"
"C:\Users\user\AppData\Local\CapCut Drafts\0617\matting\2d99daf14acd02ceeb707412f1139375\2\mask\13533333","114688","2026-06-17 오전 1:22:05"
"C:\Users\user\AppData\Local\CapCut Drafts\0617\matting\2d99daf14acd02ceeb707412f1139375\2\mask\13566667","114688","2026-06-17 오전 1:22:05"
"C:\Users\user\AppData\Local\CapCut Drafts\0617\matting\2d99daf14acd02ceeb707412f1139375\2\mask\13600000","114688","2026-06-17 오전 1:22:05"
"C:\Users\user\AppData\Local\CapCut Drafts\0617\matting\2d99daf14acd02ceeb707412f1139375\2\mask\13633333","114688","2026-06-17 오전 1:22:05"
"C:\Users\user\AppData\Local\CapCut Drafts\0617\matting\2d99daf14acd02ceeb707412f1139375\2\mask\13666667","114688","2026-06-17 오전 1:22:05"
"C:\Users\user\AppData\Local\CapCut Drafts\0617\matting\2d99daf14acd02ceeb707412f1139375\2\mask\1366667","114688","2026-06-17 오전 1:21:51"
"C:\Users\user\AppData\Local\CapCut Drafts\0617\matting\2d99daf14acd02ceeb707412f1139375\2\mask\13700000","114688","2026-06-17 오전 1:22:05"
"C:\Users\user\AppData\Local\CapCut Drafts\0617\matting\2d99daf14acd02ceeb707412f1139375\2\mask\13733333","114688","2026-06-17 오전 1:22:05"
"C:\Users\user\AppData\Local\CapCut Drafts\0617\matting\2d99daf14acd02ceeb707412f1139375\2\mask\13766667","114688","2026-06-17 오전 1:22:05"
"C:\Users\user\AppData\Local\CapCut Drafts\0617\matting\2d99daf14acd02ceeb707412f1139375\2\mask\13800000","114688","2026-06-17 오전 1:22:05"
"C:\Users\user\AppData\Local\CapCut Drafts\0617\matting\2d99daf14acd02ceeb707412f1139375\2\mask\13833333","114688","2026-06-17 오전 1:22:05"
"C:\Users\user\AppData\Local\CapCut Drafts\0617\matting\2d99daf14acd02ceeb707412f1139375\2\mask\13866667","114688","2026-06-17 오전 1:22:05"
"C:\Users\user\AppData\Local\CapCut Drafts\0617\matting\2d99daf14acd02ceeb707412f1139375\2\mask\13900000","114688","2026-06-17 오전 1:22:05"
"C:\Users\user\AppData\Local\CapCut Drafts\0617\matting\2d99daf14acd02ceeb707412f1139375\2\mask\13933333","114688","2026-06-17 오전 1:22:06"
"C:\Users\user\AppData\Local\CapCut Drafts\0617\matting\2d99daf14acd02ceeb707412f1139375\2\mask\13966667","114688","2026-06-17 오전 1:22:06"
"C:\Users\user\AppData\Local\CapCut Drafts\0617\matting\2d99daf14acd02ceeb707412f1139375\2\mask\1400000","114688","2026-06-17 오전 1:21:51"
"C:\Users\user\AppData\Local\CapCut Drafts\0617\matting\2d99daf14acd02ceeb707412f1139375\2\mask\14000000","114688","2026-06-17 오전 1:22:06"
"C:\Users\user\AppData\Local\CapCut Drafts\0617\matting\2d99daf14acd02ceeb707412f1139375\2\mask\14033333","114688","2026-06-17 오전 1:22:06"
"C:\Users\user\AppData\Local\CapCut Drafts\0617\matting\2d99daf14acd02ceeb707412f1139375\2\mask\14066667","114688","2026-06-17 오전 1:22:06"
"C:\Users\user\AppData\Local\CapCut Drafts\0617\matting\2d99daf14acd02ceeb707412f1139375\2\mask\14100000","114688","2026-06-17 오전 1:22:06"
"C:\Users\user\AppData\Local\CapCut Drafts\0617\matting\2d99daf14acd02ceeb707412f1139375\2\mask\14133333","114688","2026-06-17 오전 1:22:06"
"C:\Users\user\AppData\Local\CapCut Drafts\0617\matting\2d99daf14acd02ceeb707412f1139375\2\mask\14166667","114688","2026-06-17 오전 1:22:06"
"C:\Users\user\AppData\Local\CapCut Drafts\0617\matting\2d99daf14acd02ceeb707412f1139375\2\mask\14200000","114688","2026-06-17 오전 1:22:06"
"C:\Users\user\AppData\Local\CapCut Drafts\0617\matting\2d99daf14acd02ceeb707412f1139375\2\mask\14233333","114688","2026-06-17 오전 1:22:06"
"C:\Users\user\AppData\Local\CapCut Drafts\0617\matting\2d99daf14acd02ceeb707412f1139375\2\mask\14266667","114688","2026-06-17 오전 1:22:06"
"C:\Users\user\AppData\Local\CapCut Drafts\0617\matting\2d99daf14acd02ceeb707412f1139375\2\mask\14300000","114688","2026-06-17 오전 1:22:06"
"C:\Users\user\AppData\Local\CapCut Drafts\0617\matting\2d99daf14acd02ceeb707412f1139375\2\mask\1433333","114688","2026-06-17 오전 1:21:51"
"C:\Users\user\AppData\Local\CapCut Drafts\0617\matting\2d99daf14acd02ceeb707412f1139375\2\mask\14333333","114688","2026-06-17 오전 1:22:06"
"C:\Users\user\AppData\Local\CapCut Drafts\0617\matting\2d99daf14acd02ceeb707412f1139375\2\mask\14366667","114688","2026-06-17 오전 1:22:06"
"C:\Users\user\AppData\Local\CapCut Drafts\0617\matting\2d99daf14acd02ceeb707412f1139375\2\mask\14400000","114688","2026-06-17 오전 1:22:06"
"C:\Users\user\AppData\Local\CapCut Drafts\0617\matting\2d99daf14acd02ceeb707412f1139375\2\mask\14433333","114688","2026-06-17 오전 1:22:06"
"C:\Users\user\AppData\Local\CapCut Drafts\0617\matting\2d99daf14acd02ceeb707412f1139375\2\mask\14466667","114688","2026-06-17 오전 1:22:06"
"C:\Users\user\AppData\Local\CapCut Drafts\0617\matting\2d99daf14acd02ceeb707412f1139375\2\mask\14500000","114688","2026-06-17 오전 1:22:06"
"C:\Users\user\AppData\Local\CapCut Drafts\0617\matting\2d99daf14acd02ceeb707412f1139375\2\mask\14533333","114688","2026-06-17 오전 1:22:06"
"C:\Users\user\AppData\Local\CapCut Drafts\0617\matting\2d99daf14acd02ceeb707412f1139375\2\mask\14566667","114688","2026-06-17 오전 1:22:06"
"C:\Users\user\AppData\Local\CapCut Drafts\0617\matting\2d99daf14acd02ceeb707412f1139375\2\mask\14600000","114688","2026-06-17 오전 1:22:06"
"C:\Users\user\AppData\Local\CapCut Drafts\0617\matting\2d99daf14acd02ceeb707412f1139375\2\mask\14633333","114688","2026-06-17 오전 1:22:06"
"C:\Users\user\AppData\Local\CapCut Drafts\0617\matting\2d99daf14acd02ceeb707412f1139375\2\mask\14666667","114688","2026-06-17 오전 1:22:06"
"C:\Users\user\AppData\Local\CapCut Drafts\0617\matting\2d99daf14acd02ceeb707412f1139375\2\mask\1466667","114688","2026-06-17 오전 1:21:51"
"C:\Users\user\AppData\Local\CapCut Drafts\0617\matting\2d99daf14acd02ceeb707412f1139375\2\mask\14700000","114688","2026-06-17 오전 1:22:06"
"C:\Users\user\AppData\Local\CapCut Drafts\0617\matting\2d99daf14acd02ceeb707412f1139375\2\mask\14733333","114688","2026-06-17 오전 1:22:06"
"C:\Users\user\AppData\Local\CapCut Drafts\0617\matting\2d99daf14acd02ceeb707412f1139375\2\mask\14766667","114688","2026-06-17 오전 1:22:06"
"C:\Users\user\AppData\Local\CapCut Drafts\0617\matting\2d99daf14acd02ceeb707412f1139375\2\mask\14800000","114688","2026-06-17 오전 1:22:07"
"C:\Users\user\AppData\Local\CapCut Drafts\0617\matting\2d99daf14acd02ceeb707412f1139375\2\mask\14833333","114688","2026-06-17 오전 1:22:07"
"C:\Users\user\AppData\Local\CapCut Drafts\0617\matting\2d99daf14acd02ceeb707412f1139375\2\mask\14866667","114688","2026-06-17 오전 1:22:07"
"C:\Users\user\AppData\Local\CapCut Drafts\0617\matting\2d99daf14acd02ceeb707412f1139375\2\mask\14900000","114688","2026-06-17 오전 1:22:07"
"C:\Users\user\AppData\Local\CapCut Drafts\0617\matting\2d99daf14acd02ceeb707412f1139375\2\mask\14933333","114688","2026-06-17 오전 1:22:07"
"C:\Users\user\AppData\Local\CapCut Drafts\0617\matting\2d99daf14acd02ceeb707412f1139375\2\mask\14966667","114688","2026-06-17 오전 1:22:07"
"C:\Users\user\AppData\Local\CapCut Drafts\0617\matting\2d99daf14acd02ceeb707412f1139375\2\mask\1500000","114688","2026-06-17 오전 1:21:51"
"C:\Users\user\AppData\Local\CapCut Drafts\0617\matting\2d99daf14acd02ceeb707412f1139375\2\mask\15000000","114688","2026-06-17 오전 1:22:07"
"C:\Users\user\AppData\Local\CapCut Drafts\0617\matting\2d99daf14acd02ceeb707412f1139375\2\mask\15033333","114688","2026-06-17 오전 1:22:07"
"C:\Users\user\AppData\Local\CapCut Drafts\0617\matting\2d99daf14acd02ceeb707412f1139375\2\mask\15066667","114688","2026-06-17 오전 1:22:07"
"C:\Users\user\AppData\Local\CapCut Drafts\0617\matting\2d99daf14acd02ceeb707412f1139375\2\mask\15100000","114688","2026-06-17 오전 1:22:07"
"C:\Users\user\AppData\Local\CapCut Drafts\0617\matting\2d99daf14acd02ceeb707412f1139375\2\mask\15133333","114688","2026-06-17 오전 1:22:07"
"C:\Users\user\AppData\Local\CapCut Drafts\0617\matting\2d99daf14acd02ceeb707412f1139375\2\mask\15166667","114688","2026-06-17 오전 1:22:07"
"C:\Users\user\AppData\Local\CapCut Drafts\0617\matting\2d99daf14acd02ceeb707412f1139375\2\mask\15200000","114688","2026-06-17 오전 1:22:07"
"C:\Users\user\AppData\Local\CapCut Drafts\0617\matting\2d99daf14acd02ceeb707412f1139375\2\mask\15233333","114688","2026-06-17 오전 1:22:07"
"C:\Users\user\AppData\Local\CapCut Drafts\0617\matting\2d99daf14acd02ceeb707412f1139375\2\mask\15266667","114688","2026-06-17 오전 1:22:07"
"C:\Users\user\AppData\Local\CapCut Drafts\0617\matting\2d99daf14acd02ceeb707412f1139375\2\mask\15300000","114688","2026-06-17 오전 1:22:07"
"C:\Users\user\AppData\Local\CapCut Drafts\0617\matting\2d99daf14acd02ceeb707412f1139375\2\mask\1533333","114688","2026-06-17 오전 1:21:51"
"C:\Users\user\AppData\Local\CapCut Drafts\0617\matting\2d99daf14acd02ceeb707412f1139375\2\mask\15333333","114688","2026-06-17 오전 1:22:07"
"C:\Users\user\AppData\Local\CapCut Drafts\0617\matting\2d99daf14acd02ceeb707412f1139375\2\mask\15366667","114688","2026-06-17 오전 1:22:07"
"C:\Users\user\AppData\Local\CapCut Drafts\0617\matting\2d99daf14acd02ceeb707412f1139375\2\mask\15400000","114688","2026-06-17 오전 1:22:07"
"C:\Users\user\AppData\Local\CapCut Drafts\0617\matting\2d99daf14acd02ceeb707412f1139375\2\mask\15433333","114688","2026-06-17 오전 1:22:07"
"C:\Users\user\AppData\Local\CapCut Drafts\0617\matting\2d99daf14acd02ceeb707412f1139375\2\mask\15466667","114688","2026-06-17 오전 1:22:07"
"C:\Users\user\AppData\Local\CapCut Drafts\0617\matting\2d99daf14acd02ceeb707412f1139375\2\mask\15500000","114688","2026-06-17 오전 1:22:07"
"C:\Users\user\AppData\Local\CapCut Drafts\0617\matting\2d99daf14acd02ceeb707412f1139375\2\mask\15533333","114688","2026-06-17 오전 1:22:07"
"C:\Users\user\AppData\Local\CapCut Drafts\0617\matting\2d99daf14acd02ceeb707412f1139375\2\mask\15566667","114688","2026-06-17 오전 1:22:07"
"C:\Users\user\AppData\Local\CapCut Drafts\0617\matting\2d99daf14acd02ceeb707412f1139375\2\mask\15600000","114688","2026-06-17 오전 1:22:07"
"C:\Users\user\AppData\Local\CapCut Drafts\0617\matting\2d99daf14acd02ceeb707412f1139375\2\mask\15633333","114688","2026-06-17 오전 1:22:08"
"C:\Users\user\AppData\Local\CapCut Drafts\0617\matting\2d99daf14acd02ceeb707412f1139375\2\mask\15666667","114688","2026-06-17 오전 1:22:08"
"C:\Users\user\AppData\Local\CapCut Drafts\0617\matting\2d99daf14acd02ceeb707412f1139375\2\mask\1566667","114688","2026-06-17 오전 1:21:51"
"C:\Users\user\AppData\Local\CapCut Drafts\0617\matting\2d99daf14acd02ceeb707412f1139375\2\mask\15700000","114688","2026-06-17 오전 1:22:08"
"C:\Users\user\AppData\Local\CapCut Drafts\0617\matting\2d99daf14acd02ceeb707412f1139375\2\mask\15733333","114688","2026-06-17 오전 1:22:08"
"C:\Users\user\AppData\Local\CapCut Drafts\0617\matting\2d99daf14acd02ceeb707412f1139375\2\mask\15766667","114688","2026-06-17 오전 1:22:08"
"C:\Users\user\AppData\Local\CapCut Drafts\0617\matting\2d99daf14acd02ceeb707412f1139375\2\mask\15800000","114688","2026-06-17 오전 1:22:08"
"C:\Users\user\AppData\Local\CapCut Drafts\0617\matting\2d99daf14acd02ceeb707412f1139375\2\mask\15833333","114688","2026-06-17 오전 1:22:08"
"C:\Users\user\AppData\Local\CapCut Drafts\0617\matting\2d99daf14acd02ceeb707412f1139375\2\mask\15866667","114688","2026-06-17 오전 1:22:08"
"C:\Users\user\AppData\Local\CapCut Drafts\0617\matting\2d99daf14acd02ceeb707412f1139375\2\mask\15900000","114688","2026-06-17 오전 1:22:08"
"C:\Users\user\AppData\Local\CapCut Drafts\0617\matting\2d99daf14acd02ceeb707412f1139375\2\mask\15933333","114688","2026-06-17 오전 1:22:08"
"C:\Users\user\AppData\Local\CapCut Drafts\0617\matting\2d99daf14acd02ceeb707412f1139375\2\mask\15966667","114688","2026-06-17 오전 1:22:08"
"C:\Users\user\AppData\Local\CapCut Drafts\0617\matting\2d99daf14acd02ceeb707412f1139375\2\mask\1600000","114688","2026-06-17 오전 1:21:51"
"C:\Users\user\AppData\Local\CapCut Drafts\0617\matting\2d99daf14acd02ceeb707412f1139375\2\mask\16000000","114688","2026-06-17 오전 1:22:08"
"C:\Users\user\AppData\Local\CapCut Drafts\0617\matting\2d99daf14acd02ceeb707412f1139375\2\mask\16033333","114688","2026-06-17 오전 1:22:08"
"C:\Users\user\AppData\Local\CapCut Drafts\0617\matting\2d99daf14acd02ceeb707412f1139375\2\mask\16066667","114688","2026-06-17 오전 1:22:08"
"C:\Users\user\AppData\Local\CapCut Drafts\0617\matting\2d99daf14acd02ceeb707412f1139375\2\mask\16100000","114688","2026-06-17 오전 1:22:08"
"C:\Users\user\AppData\Local\CapCut Drafts\0617\matting\2d99daf14acd02ceeb707412f1139375\2\mask\16133333","114688","2026-06-17 오전 1:22:08"
"C:\Users\user\AppData\Local\CapCut Drafts\0617\matting\2d99daf14acd02ceeb707412f1139375\2\mask\16166667","114688","2026-06-17 오전 1:22:08"
"C:\Users\user\AppData\Local\CapCut Drafts\0617\matting\2d99daf14acd02ceeb707412f1139375\2\mask\16200000","114688","2026-06-17 오전 1:22:08"
"C:\Users\user\AppData\Local\CapCut Drafts\0617\matting\2d99daf14acd02ceeb707412f1139375\2\mask\16233333","114688","2026-06-17 오전 1:22:08"
"C:\Users\user\AppData\Local\CapCut Drafts\0617\matting\2d99daf14acd02ceeb707412f1139375\2\mask\16266667","114688","2026-06-17 오전 1:22:08"
"C:\Users\user\AppData\Local\CapCut Drafts\0617\matting\2d99daf14acd02ceeb707412f1139375\2\mask\16300000","114688","2026-06-17 오전 1:22:08"
"C:\Users\user\AppData\Local\CapCut Drafts\0617\matting\2d99daf14acd02ceeb707412f1139375\2\mask\1633333","114688","2026-06-17 오전 1:21:51"
"C:\Users\user\AppData\Local\CapCut Drafts\0617\matting\2d99daf14acd02ceeb707412f1139375\2\mask\16333333","114688","2026-06-17 오전 1:22:08"
"C:\Users\user\AppData\Local\CapCut Drafts\0617\matting\2d99daf14acd02ceeb707412f1139375\2\mask\16366667","114688","2026-06-17 오전 1:22:08"
"C:\Users\user\AppData\Local\CapCut Drafts\0617\matting\2d99daf14acd02ceeb707412f1139375\2\mask\16400000","114688","2026-06-17 오전 1:22:08"
"C:\Users\user\AppData\Local\CapCut Drafts\0617\matting\2d99daf14acd02ceeb707412f1139375\2\mask\16433333","114688","2026-06-17 오전 1:22:08"
"C:\Users\user\AppData\Local\CapCut Drafts\0617\matting\2d99daf14acd02ceeb707412f1139375\2\mask\16466667","114688","2026-06-17 오전 1:22:09"
"C:\Users\user\AppData\Local\CapCut Drafts\0617\matting\2d99daf14acd02ceeb707412f1139375\2\mask\16500000","114688","2026-06-17 오전 1:22:09"
"C:\Users\user\AppData\Local\CapCut Drafts\0617\matting\2d99daf14acd02ceeb707412f1139375\2\mask\16533333","114688","2026-06-17 오전 1:22:09"
"C:\Users\user\AppData\Local\CapCut Drafts\0617\matting\2d99daf14acd02ceeb707412f1139375\2\mask\16566667","114688","2026-06-17 오전 1:22:09"
"C:\Users\user\AppData\Local\CapCut Drafts\0617\matting\2d99daf14acd02ceeb707412f1139375\2\mask\16600000","114688","2026-06-17 오전 1:22:09"
"C:\Users\user\AppData\Local\CapCut Drafts\0617\matting\2d99daf14acd02ceeb707412f1139375\2\mask\16633333","114688","2026-06-17 오전 1:22:09"
"C:\Users\user\AppData\Local\CapCut Drafts\0617\matting\2d99daf14acd02ceeb707412f1139375\2\mask\16666667","114688","2026-06-17 오전 1:22:09"
"C:\Users\user\AppData\Local\CapCut Drafts\0617\matting\2d99daf14acd02ceeb707412f1139375\2\mask\1666667","114688","2026-06-17 오전 1:21:51"
"C:\Users\user\AppData\Local\CapCut Drafts\0617\matting\2d99daf14acd02ceeb707412f1139375\2\mask\166667","114688","2026-06-17 오전 1:21:49"
"C:\Users\user\AppData\Local\CapCut Drafts\0617\matting\2d99daf14acd02ceeb707412f1139375\2\mask\16700000","114688","2026-06-17 오전 1:22:09"
"C:\Users\user\AppData\Local\CapCut Drafts\0617\matting\2d99daf14acd02ceeb707412f1139375\2\mask\16733333","114688","2026-06-17 오전 1:22:09"
"C:\Users\user\AppData\Local\CapCut Drafts\0617\matting\2d99daf14acd02ceeb707412f1139375\2\mask\16766667","114688","2026-06-17 오전 1:22:09"
"C:\Users\user\AppData\Local\CapCut Drafts\0617\matting\2d99daf14acd02ceeb707412f1139375\2\mask\16800000","114688","2026-06-17 오전 1:22:09"
"C:\Users\user\AppData\Local\CapCut Drafts\0617\matting\2d99daf14acd02ceeb707412f1139375\2\mask\16833333","114688","2026-06-17 오전 1:22:09"
"C:\Users\user\AppData\Local\CapCut Drafts\0617\matting\2d99daf14acd02ceeb707412f1139375\2\mask\16866667","114688","2026-06-17 오전 1:22:09"
"C:\Users\user\AppData\Local\CapCut Drafts\0617\matting\2d99daf14acd02ceeb707412f1139375\2\mask\16900000","114688","2026-06-17 오전 1:22:09"
"C:\Users\user\AppData\Local\CapCut Drafts\0617\matting\2d99daf14acd02ceeb707412f1139375\2\mask\16933333","114688","2026-06-17 오전 1:22:09"
"C:\Users\user\AppData\Local\CapCut Drafts\0617\matting\2d99daf14acd02ceeb707412f1139375\2\mask\16966667","114688","2026-06-17 오전 1:22:09"
"C:\Users\user\AppData\Local\CapCut Drafts\0617\matting\2d99daf14acd02ceeb707412f1139375\2\mask\1700000","114688","2026-06-17 오전 1:21:51"
"C:\Users\user\AppData\Local\CapCut Drafts\0617\matting\2d99daf14acd02ceeb707412f1139375\2\mask\17000000","114688","2026-06-17 오전 1:22:09"
"C:\Users\user\AppData\Local\CapCut Drafts\0617\matting\2d99daf14acd02ceeb707412f1139375\2\mask\17033333","114688","2026-06-17 오전 1:22:09"
"C:\Users\user\AppData\Local\CapCut Drafts\0617\matting\2d99daf14acd02ceeb707412f1139375\2\mask\17066667","114688","2026-06-17 오전 1:22:09"
"C:\Users\user\AppData\Local\CapCut Drafts\0617\matting\2d99daf14acd02ceeb707412f1139375\2\mask\17100000","114688","2026-06-17 오전 1:22:09"
"C:\Users\user\AppData\Local\CapCut Drafts\0617\matting\2d99daf14acd02ceeb707412f1139375\2\mask\17133333","114688","2026-06-17 오전 1:22:09"
"C:\Users\user\AppData\Local\CapCut Drafts\0617\matting\2d99daf14acd02ceeb707412f1139375\2\mask\17166667","114688","2026-06-17 오전 1:22:09"
"C:\Users\user\AppData\Local\CapCut Drafts\0617\matting\2d99daf14acd02ceeb707412f1139375\2\mask\17200000","114688","2026-06-17 오전 1:22:09"
"C:\Users\user\AppData\Local\CapCut Drafts\0617\matting\2d99daf14acd02ceeb707412f1139375\2\mask\17233333","114688","2026-06-17 오전 1:22:09"
"C:\Users\user\AppData\Local\CapCut Drafts\0617\matting\2d99daf14acd02ceeb707412f1139375\2\mask\17266667","114688","2026-06-17 오전 1:22:09"
"C:\Users\user\AppData\Local\CapCut Drafts\0617\matting\2d99daf14acd02ceeb707412f1139375\2\mask\17300000","114688","2026-06-17 오전 1:22:10"
"C:\Users\user\AppData\Local\CapCut Drafts\0617\matting\2d99daf14acd02ceeb707412f1139375\2\mask\1733333","114688","2026-06-17 오전 1:21:51"
"C:\Users\user\AppData\Local\CapCut Drafts\0617\matting\2d99daf14acd02ceeb707412f1139375\2\mask\17333333","114688","2026-06-17 오전 1:22:10"
"C:\Users\user\AppData\Local\CapCut Drafts\0617\matting\2d99daf14acd02ceeb707412f1139375\2\mask\17366667","114688","2026-06-17 오전 1:22:10"
"C:\Users\user\AppData\Local\CapCut Drafts\0617\matting\2d99daf14acd02ceeb707412f1139375\2\mask\17400000","114688","2026-06-17 오전 1:22:10"
"C:\Users\user\AppData\Local\CapCut Drafts\0617\matting\2d99daf14acd02ceeb707412f1139375\2\mask\17433333","114688","2026-06-17 오전 1:22:10"
"C:\Users\user\AppData\Local\CapCut Drafts\0617\matting\2d99daf14acd02ceeb707412f1139375\2\mask\17466667","114688","2026-06-17 오전 1:22:10"
"C:\Users\user\AppData\Local\CapCut Drafts\0617\matting\2d99daf14acd02ceeb707412f1139375\2\mask\17500000","114688","2026-06-17 오전 1:22:10"
"C:\Users\user\AppData\Local\CapCut Drafts\0617\matting\2d99daf14acd02ceeb707412f1139375\2\mask\17533333","114688","2026-06-17 오전 1:22:10"
"C:\Users\user\AppData\Local\CapCut Drafts\0617\matting\2d99daf14acd02ceeb707412f1139375\2\mask\17566667","114688","2026-06-17 오전 1:22:10"
"C:\Users\user\AppData\Local\CapCut Drafts\0617\matting\2d99daf14acd02ceeb707412f1139375\2\mask\17600000","114688","2026-06-17 오전 1:22:10"
"C:\Users\user\AppData\Local\CapCut Drafts\0617\matting\2d99daf14acd02ceeb707412f1139375\2\mask\17633333","114688","2026-06-17 오전 1:22:10"
"C:\Users\user\AppData\Local\CapCut Drafts\0617\matting\2d99daf14acd02ceeb707412f1139375\2\mask\17666667","114688","2026-06-17 오전 1:22:10"
"C:\Users\user\AppData\Local\CapCut Drafts\0617\matting\2d99daf14acd02ceeb707412f1139375\2\mask\1766667","114688","2026-06-17 오전 1:21:51"
"C:\Users\user\AppData\Local\CapCut Drafts\0617\matting\2d99daf14acd02ceeb707412f1139375\2\mask\17700000","114688","2026-06-17 오전 1:22:10"
"C:\Users\user\AppData\Local\CapCut Drafts\0617\matting\2d99daf14acd02ceeb707412f1139375\2\mask\17733333","114688","2026-06-17 오전 1:22:10"
"C:\Users\user\AppData\Local\CapCut Drafts\0617\matting\2d99daf14acd02ceeb707412f1139375\2\mask\17766667","114688","2026-06-17 오전 1:22:10"
"C:\Users\user\AppData\Local\CapCut Drafts\0617\matting\2d99daf14acd02ceeb707412f1139375\2\mask\17800000","114688","2026-06-17 오전 1:22:10"
"C:\Users\user\AppData\Local\CapCut Drafts\0617\matting\2d99daf14acd02ceeb707412f1139375\2\mask\17833333","114688","2026-06-17 오전 1:22:10"
"C:\Users\user\AppData\Local\CapCut Drafts\0617\matting\2d99daf14acd02ceeb707412f1139375\2\mask\1800000","114688","2026-06-17 오전 1:21:51"
"C:\Users\user\AppData\Local\CapCut Drafts\0617\matting\2d99daf14acd02ceeb707412f1139375\2\mask\1833333","114688","2026-06-17 오전 1:21:51"
"C:\Users\user\AppData\Local\CapCut Drafts\0617\matting\2d99daf14acd02ceeb707412f1139375\2\mask\1866667","114688","2026-06-17 오전 1:21:51"
"C:\Users\user\AppData\Local\CapCut Drafts\0617\matting\2d99daf14acd02ceeb707412f1139375\2\mask\1900000","114688","2026-06-17 오전 1:21:51"
"C:\Users\user\AppData\Local\CapCut Drafts\0617\matting\2d99daf14acd02ceeb707412f1139375\2\mask\1933333","114688","2026-06-17 오전 1:21:51"
"C:\Users\user\AppData\Local\CapCut Drafts\0617\matting\2d99daf14acd02ceeb707412f1139375\2\mask\1966667","114688","2026-06-17 오전 1:21:51"
"C:\Users\user\AppData\Local\CapCut Drafts\0617\matting\2d99daf14acd02ceeb707412f1139375\2\mask\200000","114688","2026-06-17 오전 1:21:49"
"C:\Users\user\AppData\Local\CapCut Drafts\0617\matting\2d99daf14acd02ceeb707412f1139375\2\mask\2000000","114688","2026-06-17 오전 1:21:51"
"C:\Users\user\AppData\Local\CapCut Drafts\0617\matting\2d99daf14acd02ceeb707412f1139375\2\mask\2033333","114688","2026-06-17 오전 1:21:51"
"C:\Users\user\AppData\Local\CapCut Drafts\0617\matting\2d99daf14acd02ceeb707412f1139375\2\mask\2066667","114688","2026-06-17 오전 1:21:51"
"C:\Users\user\AppData\Local\CapCut Drafts\0617\matting\2d99daf14acd02ceeb707412f1139375\2\mask\2100000","114688","2026-06-17 오전 1:21:52"
"C:\Users\user\AppData\Local\CapCut Drafts\0617\matting\2d99daf14acd02ceeb707412f1139375\2\mask\2133333","114688","2026-06-17 오전 1:21:52"
"C:\Users\user\AppData\Local\CapCut Drafts\0617\matting\2d99daf14acd02ceeb707412f1139375\2\mask\2166667","114688","2026-06-17 오전 1:21:52"
"C:\Users\user\AppData\Local\CapCut Drafts\0617\matting\2d99daf14acd02ceeb707412f1139375\2\mask\2200000","114688","2026-06-17 오전 1:21:52"
"C:\Users\user\AppData\Local\CapCut Drafts\0617\matting\2d99daf14acd02ceeb707412f1139375\2\mask\2233333","114688","2026-06-17 오전 1:21:52"
"C:\Users\user\AppData\Local\CapCut Drafts\0617\matting\2d99daf14acd02ceeb707412f1139375\2\mask\2266667","114688","2026-06-17 오전 1:21:52"
"C:\Users\user\AppData\Local\CapCut Drafts\0617\matting\2d99daf14acd02ceeb707412f1139375\2\mask\2300000","114688","2026-06-17 오전 1:21:52"
"C:\Users\user\AppData\Local\CapCut Drafts\0617\matting\2d99daf14acd02ceeb707412f1139375\2\mask\233333","114688","2026-06-17 오전 1:21:49"
"C:\Users\user\AppData\Local\CapCut Drafts\0617\matting\2d99daf14acd02ceeb707412f1139375\2\mask\2333333","114688","2026-06-17 오전 1:21:52"
"C:\Users\user\AppData\Local\CapCut Drafts\0617\matting\2d99daf14acd02ceeb707412f1139375\2\mask\2366667","114688","2026-06-17 오전 1:21:52"
"C:\Users\user\AppData\Local\CapCut Drafts\0617\matting\2d99daf14acd02ceeb707412f1139375\2\mask\2400000","114688","2026-06-17 오전 1:21:52"
"C:\Users\user\AppData\Local\CapCut Drafts\0617\matting\2d99daf14acd02ceeb707412f1139375\2\mask\2433333","114688","2026-06-17 오전 1:21:52"
"C:\Users\user\AppData\Local\CapCut Drafts\0617\matting\2d99daf14acd02ceeb707412f1139375\2\mask\2466667","114688","2026-06-17 오전 1:21:52"
"C:\Users\user\AppData\Local\CapCut Drafts\0617\matting\2d99daf14acd02ceeb707412f1139375\2\mask\2500000","114688","2026-06-17 오전 1:21:52"
"C:\Users\user\AppData\Local\CapCut Drafts\0617\matting\2d99daf14acd02ceeb707412f1139375\2\mask\2533333","114688","2026-06-17 오전 1:21:52"
"C:\Users\user\AppData\Local\CapCut Drafts\0617\matting\2d99daf14acd02ceeb707412f1139375\2\mask\2566667","114688","2026-06-17 오전 1:21:52"
"C:\Users\user\AppData\Local\CapCut Drafts\0617\matting\2d99daf14acd02ceeb707412f1139375\2\mask\2600000","114688","2026-06-17 오전 1:21:52"
"C:\Users\user\AppData\Local\CapCut Drafts\0617\matting\2d99daf14acd02ceeb707412f1139375\2\mask\2633333","114688","2026-06-17 오전 1:21:52"
"C:\Users\user\AppData\Local\CapCut Drafts\0617\matting\2d99daf14acd02ceeb707412f1139375\2\mask\2666667","114688","2026-06-17 오전 1:21:52"
"C:\Users\user\AppData\Local\CapCut Drafts\0617\matting\2d99daf14acd02ceeb707412f1139375\2\mask\266667","114688","2026-06-17 오전 1:21:49"
"C:\Users\user\AppData\Local\CapCut Drafts\0617\matting\2d99daf14acd02ceeb707412f1139375\2\mask\2700000","114688","2026-06-17 오전 1:21:52"
"C:\Users\user\AppData\Local\CapCut Drafts\0617\matting\2d99daf14acd02ceeb707412f1139375\2\mask\2733333","114688","2026-06-17 오전 1:21:52"
"C:\Users\user\AppData\Local\CapCut Drafts\0617\matting\2d99daf14acd02ceeb707412f1139375\2\mask\2766667","114688","2026-06-17 오전 1:21:52"
"C:\Users\user\AppData\Local\CapCut Drafts\0617\matting\2d99daf14acd02ceeb707412f1139375\2\mask\2800000","114688","2026-06-17 오전 1:21:52"
"C:\Users\user\AppData\Local\CapCut Drafts\0617\matting\2d99daf14acd02ceeb707412f1139375\2\mask\2833333","114688","2026-06-17 오전 1:21:52"
"C:\Users\user\AppData\Local\CapCut Drafts\0617\matting\2d99daf14acd02ceeb707412f1139375\2\mask\2866667","114688","2026-06-17 오전 1:21:52"
"C:\Users\user\AppData\Local\CapCut Drafts\0617\matting\2d99daf14acd02ceeb707412f1139375\2\mask\2900000","114688","2026-06-17 오전 1:21:52"
"C:\Users\user\AppData\Local\CapCut Drafts\0617\matting\2d99daf14acd02ceeb707412f1139375\2\mask\2933333","114688","2026-06-17 오전 1:21:53"
"C:\Users\user\AppData\Local\CapCut Drafts\0617\matting\2d99daf14acd02ceeb707412f1139375\2\mask\2966667","114688","2026-06-17 오전 1:21:53"
"C:\Users\user\AppData\Local\CapCut Drafts\0617\matting\2d99daf14acd02ceeb707412f1139375\2\mask\300000","114688","2026-06-17 오전 1:21:49"
"C:\Users\user\AppData\Local\CapCut Drafts\0617\matting\2d99daf14acd02ceeb707412f1139375\2\mask\3000000","114688","2026-06-17 오전 1:21:53"
"C:\Users\user\AppData\Local\CapCut Drafts\0617\matting\2d99daf14acd02ceeb707412f1139375\2\mask\3033333","114688","2026-06-17 오전 1:21:53"
"C:\Users\user\AppData\Local\CapCut Drafts\0617\matting\2d99daf14acd02ceeb707412f1139375\2\mask\3066667","114688","2026-06-17 오전 1:21:53"
"C:\Users\user\AppData\Local\CapCut Drafts\0617\matting\2d99daf14acd02ceeb707412f1139375\2\mask\3100000","114688","2026-06-17 오전 1:21:53"
"C:\Users\user\AppData\Local\CapCut Drafts\0617\matting\2d99daf14acd02ceeb707412f1139375\2\mask\3133333","114688","2026-06-17 오전 1:21:53"
"C:\Users\user\AppData\Local\CapCut Drafts\0617\matting\2d99daf14acd02ceeb707412f1139375\2\mask\3166667","114688","2026-06-17 오전 1:21:53"
"C:\Users\user\AppData\Local\CapCut Drafts\0617\matting\2d99daf14acd02ceeb707412f1139375\2\mask\3200000","114688","2026-06-17 오전 1:21:53"
"C:\Users\user\AppData\Local\CapCut Drafts\0617\matting\2d99daf14acd02ceeb707412f1139375\2\mask\3233333","114688","2026-06-17 오전 1:21:53"
"C:\Users\user\AppData\Local\CapCut Drafts\0617\matting\2d99daf14acd02ceeb707412f1139375\2\mask\3266667","114688","2026-06-17 오전 1:21:53"
"C:\Users\user\AppData\Local\CapCut Drafts\0617\matting\2d99daf14acd02ceeb707412f1139375\2\mask\3300000","114688","2026-06-17 오전 1:21:53"
"C:\Users\user\AppData\Local\CapCut Drafts\0617\matting\2d99daf14acd02ceeb707412f1139375\2\mask\33333","114688","2026-06-17 오전 1:21:49"
"C:\Users\user\AppData\Local\CapCut Drafts\0617\matting\2d99daf14acd02ceeb707412f1139375\2\mask\333333","114688","2026-06-17 오전 1:21:49"
"C:\Users\user\AppData\Local\CapCut Drafts\0617\matting\2d99daf14acd02ceeb707412f1139375\2\mask\3333333","114688","2026-06-17 오전 1:21:53"
"C:\Users\user\AppData\Local\CapCut Drafts\0617\matting\2d99daf14acd02ceeb707412f1139375\2\mask\3366667","114688","2026-06-17 오전 1:21:53"
"C:\Users\user\AppData\Local\CapCut Drafts\0617\matting\2d99daf14acd02ceeb707412f1139375\2\mask\3400000","114688","2026-06-17 오전 1:21:53"
"C:\Users\user\AppData\Local\CapCut Drafts\0617\matting\2d99daf14acd02ceeb707412f1139375\2\mask\3433333","114688","2026-06-17 오전 1:21:53"
"C:\Users\user\AppData\Local\CapCut Drafts\0617\matting\2d99daf14acd02ceeb707412f1139375\2\mask\3466667","114688","2026-06-17 오전 1:21:53"
"C:\Users\user\AppData\Local\CapCut Drafts\0617\matting\2d99daf14acd02ceeb707412f1139375\2\mask\3500000","114688","2026-06-17 오전 1:21:53"
"C:\Users\user\AppData\Local\CapCut Drafts\0617\matting\2d99daf14acd02ceeb707412f1139375\2\mask\3533333","114688","2026-06-17 오전 1:21:53"
"C:\Users\user\AppData\Local\CapCut Drafts\0617\matting\2d99daf14acd02ceeb707412f1139375\2\mask\3566667","114688","2026-06-17 오전 1:21:53"
"C:\Users\user\AppData\Local\CapCut Drafts\0617\matting\2d99daf14acd02ceeb707412f1139375\2\mask\3600000","114688","2026-06-17 오전 1:21:53"
"C:\Users\user\AppData\Local\CapCut Drafts\0617\matting\2d99daf14acd02ceeb707412f1139375\2\mask\3633333","114688","2026-06-17 오전 1:21:53"
"C:\Users\user\AppData\Local\CapCut Drafts\0617\matting\2d99daf14acd02ceeb707412f1139375\2\mask\3666667","114688","2026-06-17 오전 1:21:53"
"C:\Users\user\AppData\Local\CapCut Drafts\0617\matting\2d99daf14acd02ceeb707412f1139375\2\mask\366667","114688","2026-06-17 오전 1:21:49"
"C:\Users\user\AppData\Local\CapCut Drafts\0617\matting\2d99daf14acd02ceeb707412f1139375\2\mask\3700000","114688","2026-06-17 오전 1:21:53"
"C:\Users\user\AppData\Local\CapCut Drafts\0617\matting\2d99daf14acd02ceeb707412f1139375\2\mask\3733333","114688","2026-06-17 오전 1:21:53"
"C:\Users\user\AppData\Local\CapCut Drafts\0617\matting\2d99daf14acd02ceeb707412f1139375\2\mask\3766667","114688","2026-06-17 오전 1:21:53"
"C:\Users\user\AppData\Local\CapCut Drafts\0617\matting\2d99daf14acd02ceeb707412f1139375\2\mask\3800000","114688","2026-06-17 오전 1:21:54"
"C:\Users\user\AppData\Local\CapCut Drafts\0617\matting\2d99daf14acd02ceeb707412f1139375\2\mask\3833333","114688","2026-06-17 오전 1:21:54"
"C:\Users\user\AppData\Local\CapCut Drafts\0617\matting\2d99daf14acd02ceeb707412f1139375\2\mask\3866667","114688","2026-06-17 오전 1:21:54"
"C:\Users\user\AppData\Local\CapCut Drafts\0617\matting\2d99daf14acd02ceeb707412f1139375\2\mask\3900000","114688","2026-06-17 오전 1:21:54"
"C:\Users\user\AppData\Local\CapCut Drafts\0617\matting\2d99daf14acd02ceeb707412f1139375\2\mask\3933333","114688","2026-06-17 오전 1:21:54"
"C:\Users\user\AppData\Local\CapCut Drafts\0617\matting\2d99daf14acd02ceeb707412f1139375\2\mask\3966667","114688","2026-06-17 오전 1:21:54"
"C:\Users\user\AppData\Local\CapCut Drafts\0617\matting\2d99daf14acd02ceeb707412f1139375\2\mask\400000","114688","2026-06-17 오전 1:21:50"
"C:\Users\user\AppData\Local\CapCut Drafts\0617\matting\2d99daf14acd02ceeb707412f1139375\2\mask\4000000","114688","2026-06-17 오전 1:21:54"
"C:\Users\user\AppData\Local\CapCut Drafts\0617\matting\2d99daf14acd02ceeb707412f1139375\2\mask\4033333","114688","2026-06-17 오전 1:21:54"
"C:\Users\user\AppData\Local\CapCut Drafts\0617\matting\2d99daf14acd02ceeb707412f1139375\2\mask\4066667","114688","2026-06-17 오전 1:21:54"
"C:\Users\user\AppData\Local\CapCut Drafts\0617\matting\2d99daf14acd02ceeb707412f1139375\2\mask\4100000","114688","2026-06-17 오전 1:21:54"
"C:\Users\user\AppData\Local\CapCut Drafts\0617\matting\2d99daf14acd02ceeb707412f1139375\2\mask\4133333","114688","2026-06-17 오전 1:21:54"
"C:\Users\user\AppData\Local\CapCut Drafts\0617\matting\2d99daf14acd02ceeb707412f1139375\2\mask\4166667","114688","2026-06-17 오전 1:21:54"
"C:\Users\user\AppData\Local\CapCut Drafts\0617\matting\2d99daf14acd02ceeb707412f1139375\2\mask\4200000","114688","2026-06-17 오전 1:21:54"
"C:\Users\user\AppData\Local\CapCut Drafts\0617\matting\2d99daf14acd02ceeb707412f1139375\2\mask\4233333","114688","2026-06-17 오전 1:21:54"
"C:\Users\user\AppData\Local\CapCut Drafts\0617\matting\2d99daf14acd02ceeb707412f1139375\2\mask\4266667","114688","2026-06-17 오전 1:21:54"
"C:\Users\user\AppData\Local\CapCut Drafts\0617\matting\2d99daf14acd02ceeb707412f1139375\2\mask\4300000","114688","2026-06-17 오전 1:21:54"
"C:\Users\user\AppData\Local\CapCut Drafts\0617\matting\2d99daf14acd02ceeb707412f1139375\2\mask\433333","114688","2026-06-17 오전 1:21:50"
"C:\Users\user\AppData\Local\CapCut Drafts\0617\matting\2d99daf14acd02ceeb707412f1139375\2\mask\4333333","114688","2026-06-17 오전 1:21:54"
"C:\Users\user\AppData\Local\CapCut Drafts\0617\matting\2d99daf14acd02ceeb707412f1139375\2\mask\4366667","114688","2026-06-17 오전 1:21:54"
"C:\Users\user\AppData\Local\CapCut Drafts\0617\matting\2d99daf14acd02ceeb707412f1139375\2\mask\4400000","114688","2026-06-17 오전 1:21:54"
"C:\Users\user\AppData\Local\CapCut Drafts\0617\matting\2d99daf14acd02ceeb707412f1139375\2\mask\4433333","114688","2026-06-17 오전 1:21:54"
"C:\Users\user\AppData\Local\CapCut Drafts\0617\matting\2d99daf14acd02ceeb707412f1139375\2\mask\4466667","114688","2026-06-17 오전 1:21:54"
"C:\Users\user\AppData\Local\CapCut Drafts\0617\matting\2d99daf14acd02ceeb707412f1139375\2\mask\4500000","114688","2026-06-17 오전 1:21:54"
"C:\Users\user\AppData\Local\CapCut Drafts\0617\matting\2d99daf14acd02ceeb707412f1139375\2\mask\4533333","114688","2026-06-17 오전 1:21:54"
"C:\Users\user\AppData\Local\CapCut Drafts\0617\matting\2d99daf14acd02ceeb707412f1139375\2\mask\4566667","114688","2026-06-17 오전 1:21:54"
"C:\Users\user\AppData\Local\CapCut Drafts\0617\matting\2d99daf14acd02ceeb707412f1139375\2\mask\4600000","114688","2026-06-17 오전 1:21:54"
"C:\Users\user\AppData\Local\CapCut Drafts\0617\matting\2d99daf14acd02ceeb707412f1139375\2\mask\4633333","114688","2026-06-17 오전 1:21:55"
"C:\Users\user\AppData\Local\CapCut Drafts\0617\matting\2d99daf14acd02ceeb707412f1139375\2\mask\4666667","114688","2026-06-17 오전 1:21:55"
"C:\Users\user\AppData\Local\CapCut Drafts\0617\matting\2d99daf14acd02ceeb707412f1139375\2\mask\466667","114688","2026-06-17 오전 1:21:50"
"C:\Users\user\AppData\Local\CapCut Drafts\0617\matting\2d99daf14acd02ceeb707412f1139375\2\mask\4700000","114688","2026-06-17 오전 1:21:55"
"C:\Users\user\AppData\Local\CapCut Drafts\0617\matting\2d99daf14acd02ceeb707412f1139375\2\mask\4733333","114688","2026-06-17 오전 1:21:55"
"C:\Users\user\AppData\Local\CapCut Drafts\0617\matting\2d99daf14acd02ceeb707412f1139375\2\mask\4766667","114688","2026-06-17 오전 1:21:55"
"C:\Users\user\AppData\Local\CapCut Drafts\0617\matting\2d99daf14acd02ceeb707412f1139375\2\mask\4800000","114688","2026-06-17 오전 1:21:55"
"C:\Users\user\AppData\Local\CapCut Drafts\0617\matting\2d99daf14acd02ceeb707412f1139375\2\mask\4833333","114688","2026-06-17 오전 1:21:55"
"C:\Users\user\AppData\Local\CapCut Drafts\0617\matting\2d99daf14acd02ceeb707412f1139375\2\mask\4866667","114688","2026-06-17 오전 1:21:55"
"C:\Users\user\AppData\Local\CapCut Drafts\0617\matting\2d99daf14acd02ceeb707412f1139375\2\mask\4900000","114688","2026-06-17 오전 1:21:55"
"C:\Users\user\AppData\Local\CapCut Drafts\0617\matting\2d99daf14acd02ceeb707412f1139375\2\mask\4933333","114688","2026-06-17 오전 1:21:55"
"C:\Users\user\AppData\Local\CapCut Drafts\0617\matting\2d99daf14acd02ceeb707412f1139375\2\mask\4966667","114688","2026-06-17 오전 1:21:55"
"C:\Users\user\AppData\Local\CapCut Drafts\0617\matting\2d99daf14acd02ceeb707412f1139375\2\mask\500000","114688","2026-06-17 오전 1:21:50"
"C:\Users\user\AppData\Local\CapCut Drafts\0617\matting\2d99daf14acd02ceeb707412f1139375\2\mask\5000000","114688","2026-06-17 오전 1:21:55"
"C:\Users\user\AppData\Local\CapCut Drafts\0617\matting\2d99daf14acd02ceeb707412f1139375\2\mask\5033333","114688","2026-06-17 오전 1:21:55"
"C:\Users\user\AppData\Local\CapCut Drafts\0617\matting\2d99daf14acd02ceeb707412f1139375\2\mask\5066667","114688","2026-06-17 오전 1:21:55"
"C:\Users\user\AppData\Local\CapCut Drafts\0617\matting\2d99daf14acd02ceeb707412f1139375\2\mask\5100000","114688","2026-06-17 오전 1:21:55"
"C:\Users\user\AppData\Local\CapCut Drafts\0617\matting\2d99daf14acd02ceeb707412f1139375\2\mask\5133333","114688","2026-06-17 오전 1:21:55"
"C:\Users\user\AppData\Local\CapCut Drafts\0617\matting\2d99daf14acd02ceeb707412f1139375\2\mask\5166667","114688","2026-06-17 오전 1:21:55"
"C:\Users\user\AppData\Local\CapCut Drafts\0617\matting\2d99daf14acd02ceeb707412f1139375\2\mask\5200000","114688","2026-06-17 오전 1:21:55"
"C:\Users\user\AppData\Local\CapCut Drafts\0617\matting\2d99daf14acd02ceeb707412f1139375\2\mask\5233333","114688","2026-06-17 오전 1:21:55"
"C:\Users\user\AppData\Local\CapCut Drafts\0617\matting\2d99daf14acd02ceeb707412f1139375\2\mask\5266667","114688","2026-06-17 오전 1:21:55"
"C:\Users\user\AppData\Local\CapCut Drafts\0617\matting\2d99daf14acd02ceeb707412f1139375\2\mask\5300000","114688","2026-06-17 오전 1:21:55"
"C:\Users\user\AppData\Local\CapCut Drafts\0617\matting\2d99daf14acd02ceeb707412f1139375\2\mask\533333","114688","2026-06-17 오전 1:21:50"
"C:\Users\user\AppData\Local\CapCut Drafts\0617\matting\2d99daf14acd02ceeb707412f1139375\2\mask\5333333","114688","2026-06-17 오전 1:21:55"
"C:\Users\user\AppData\Local\CapCut Drafts\0617\matting\2d99daf14acd02ceeb707412f1139375\2\mask\5366667","114688","2026-06-17 오전 1:21:55"
"C:\Users\user\AppData\Local\CapCut Drafts\0617\matting\2d99daf14acd02ceeb707412f1139375\2\mask\5400000","114688","2026-06-17 오전 1:21:55"
"C:\Users\user\AppData\Local\CapCut Drafts\0617\matting\2d99daf14acd02ceeb707412f1139375\2\mask\5433333","114688","2026-06-17 오전 1:21:55"
"C:\Users\user\AppData\Local\CapCut Drafts\0617\matting\2d99daf14acd02ceeb707412f1139375\2\mask\5466667","114688","2026-06-17 오전 1:21:55"
"C:\Users\user\AppData\Local\CapCut Drafts\0617\matting\2d99daf14acd02ceeb707412f1139375\2\mask\5500000","114688","2026-06-17 오전 1:21:56"
"C:\Users\user\AppData\Local\CapCut Drafts\0617\matting\2d99daf14acd02ceeb707412f1139375\2\mask\5533333","114688","2026-06-17 오전 1:21:56"
"C:\Users\user\AppData\Local\CapCut Drafts\0617\matting\2d99daf14acd02ceeb707412f1139375\2\mask\5566667","114688","2026-06-17 오전 1:21:56"
"C:\Users\user\AppData\Local\CapCut Drafts\0617\matting\2d99daf14acd02ceeb707412f1139375\2\mask\5600000","114688","2026-06-17 오전 1:21:56"
"C:\Users\user\AppData\Local\CapCut Drafts\0617\matting\2d99daf14acd02ceeb707412f1139375\2\mask\5633333","114688","2026-06-17 오전 1:21:56"
"C:\Users\user\AppData\Local\CapCut Drafts\0617\matting\2d99daf14acd02ceeb707412f1139375\2\mask\5666667","114688","2026-06-17 오전 1:21:56"
"C:\Users\user\AppData\Local\CapCut Drafts\0617\matting\2d99daf14acd02ceeb707412f1139375\2\mask\566667","114688","2026-06-17 오전 1:21:50"
"C:\Users\user\AppData\Local\CapCut Drafts\0617\matting\2d99daf14acd02ceeb707412f1139375\2\mask\5700000","114688","2026-06-17 오전 1:21:56"
"C:\Users\user\AppData\Local\CapCut Drafts\0617\matting\2d99daf14acd02ceeb707412f1139375\2\mask\5733333","114688","2026-06-17 오전 1:21:56"
"C:\Users\user\AppData\Local\CapCut Drafts\0617\matting\2d99daf14acd02ceeb707412f1139375\2\mask\5766667","114688","2026-06-17 오전 1:21:56"
"C:\Users\user\AppData\Local\CapCut Drafts\0617\matting\2d99daf14acd02ceeb707412f1139375\2\mask\5800000","114688","2026-06-17 오전 1:21:56"
"C:\Users\user\AppData\Local\CapCut Drafts\0617\matting\2d99daf14acd02ceeb707412f1139375\2\mask\5833333","114688","2026-06-17 오전 1:21:56"
"C:\Users\user\AppData\Local\CapCut Drafts\0617\matting\2d99daf14acd02ceeb707412f1139375\2\mask\5866667","114688","2026-06-17 오전 1:21:56"
"C:\Users\user\AppData\Local\CapCut Drafts\0617\matting\2d99daf14acd02ceeb707412f1139375\2\mask\5900000","114688","2026-06-17 오전 1:21:56"
"C:\Users\user\AppData\Local\CapCut Drafts\0617\matting\2d99daf14acd02ceeb707412f1139375\2\mask\5933333","114688","2026-06-17 오전 1:21:56"
"C:\Users\user\AppData\Local\CapCut Drafts\0617\matting\2d99daf14acd02ceeb707412f1139375\2\mask\5966667","114688","2026-06-17 오전 1:21:56"
"C:\Users\user\AppData\Local\CapCut Drafts\0617\matting\2d99daf14acd02ceeb707412f1139375\2\mask\600000","114688","2026-06-17 오전 1:21:50"
"C:\Users\user\AppData\Local\CapCut Drafts\0617\matting\2d99daf14acd02ceeb707412f1139375\2\mask\6000000","114688","2026-06-17 오전 1:21:56"
"C:\Users\user\AppData\Local\CapCut Drafts\0617\matting\2d99daf14acd02ceeb707412f1139375\2\mask\6033333","114688","2026-06-17 오전 1:21:56"
"C:\Users\user\AppData\Local\CapCut Drafts\0617\matting\2d99daf14acd02ceeb707412f1139375\2\mask\6066667","114688","2026-06-17 오전 1:21:56"
"C:\Users\user\AppData\Local\CapCut Drafts\0617\matting\2d99daf14acd02ceeb707412f1139375\2\mask\6100000","114688","2026-06-17 오전 1:21:56"
"C:\Users\user\AppData\Local\CapCut Drafts\0617\matting\2d99daf14acd02ceeb707412f1139375\2\mask\6133333","114688","2026-06-17 오전 1:21:56"
"C:\Users\user\AppData\Local\CapCut Drafts\0617\matting\2d99daf14acd02ceeb707412f1139375\2\mask\6166667","114688","2026-06-17 오전 1:21:56"
"C:\Users\user\AppData\Local\CapCut Drafts\0617\matting\2d99daf14acd02ceeb707412f1139375\2\mask\6200000","114688","2026-06-17 오전 1:21:56"
"C:\Users\user\AppData\Local\CapCut Drafts\0617\matting\2d99daf14acd02ceeb707412f1139375\2\mask\6233333","114688","2026-06-17 오전 1:21:56"
"C:\Users\user\AppData\Local\CapCut Drafts\0617\matting\2d99daf14acd02ceeb707412f1139375\2\mask\6266667","114688","2026-06-17 오전 1:21:56"
"C:\Users\user\AppData\Local\CapCut Drafts\0617\matting\2d99daf14acd02ceeb707412f1139375\2\mask\6300000","114688","2026-06-17 오전 1:21:56"
"C:\Users\user\AppData\Local\CapCut Drafts\0617\matting\2d99daf14acd02ceeb707412f1139375\2\mask\633333","114688","2026-06-17 오전 1:21:50"
"C:\Users\user\AppData\Local\CapCut Drafts\0617\matting\2d99daf14acd02ceeb707412f1139375\2\mask\6333333","114688","2026-06-17 오전 1:21:56"
"C:\Users\user\AppData\Local\CapCut Drafts\0617\matting\2d99daf14acd02ceeb707412f1139375\2\mask\6366667","114688","2026-06-17 오전 1:21:57"
"C:\Users\user\AppData\Local\CapCut Drafts\0617\matting\2d99daf14acd02ceeb707412f1139375\2\mask\6400000","114688","2026-06-17 오전 1:21:57"
"C:\Users\user\AppData\Local\CapCut Drafts\0617\matting\2d99daf14acd02ceeb707412f1139375\2\mask\6433333","114688","2026-06-17 오전 1:21:57"
"C:\Users\user\AppData\Local\CapCut Drafts\0617\matting\2d99daf14acd02ceeb707412f1139375\2\mask\6466667","114688","2026-06-17 오전 1:21:57"
"C:\Users\user\AppData\Local\CapCut Drafts\0617\matting\2d99daf14acd02ceeb707412f1139375\2\mask\6500000","114688","2026-06-17 오전 1:21:57"
"C:\Users\user\AppData\Local\CapCut Drafts\0617\matting\2d99daf14acd02ceeb707412f1139375\2\mask\6533333","114688","2026-06-17 오전 1:21:57"
"C:\Users\user\AppData\Local\CapCut Drafts\0617\matting\2d99daf14acd02ceeb707412f1139375\2\mask\6566667","114688","2026-06-17 오전 1:21:57"
"C:\Users\user\AppData\Local\CapCut Drafts\0617\matting\2d99daf14acd02ceeb707412f1139375\2\mask\6600000","114688","2026-06-17 오전 1:21:57"
"C:\Users\user\AppData\Local\CapCut Drafts\0617\matting\2d99daf14acd02ceeb707412f1139375\2\mask\6633333","114688","2026-06-17 오전 1:21:57"
"C:\Users\user\AppData\Local\CapCut Drafts\0617\matting\2d99daf14acd02ceeb707412f1139375\2\mask\6666667","114688","2026-06-17 오전 1:21:57"
"C:\Users\user\AppData\Local\CapCut Drafts\0617\matting\2d99daf14acd02ceeb707412f1139375\2\mask\666667","114688","2026-06-17 오전 1:21:50"
"C:\Users\user\AppData\Local\CapCut Drafts\0617\matting\2d99daf14acd02ceeb707412f1139375\2\mask\66667","114688","2026-06-17 오전 1:21:49"
"C:\Users\user\AppData\Local\CapCut Drafts\0617\matting\2d99daf14acd02ceeb707412f1139375\2\mask\6700000","114688","2026-06-17 오전 1:21:57"
"C:\Users\user\AppData\Local\CapCut Drafts\0617\matting\2d99daf14acd02ceeb707412f1139375\2\mask\6733333","114688","2026-06-17 오전 1:21:57"
"C:\Users\user\AppData\Local\CapCut Drafts\0617\matting\2d99daf14acd02ceeb707412f1139375\2\mask\6766667","114688","2026-06-17 오전 1:21:57"
"C:\Users\user\AppData\Local\CapCut Drafts\0617\matting\2d99daf14acd02ceeb707412f1139375\2\mask\6800000","114688","2026-06-17 오전 1:21:57"
"C:\Users\user\AppData\Local\CapCut Drafts\0617\matting\2d99daf14acd02ceeb707412f1139375\2\mask\6833333","114688","2026-06-17 오전 1:21:57"
"C:\Users\user\AppData\Local\CapCut Drafts\0617\matting\2d99daf14acd02ceeb707412f1139375\2\mask\6866667","114688","2026-06-17 오전 1:21:57"
"C:\Users\user\AppData\Local\CapCut Drafts\0617\matting\2d99daf14acd02ceeb707412f1139375\2\mask\6900000","114688","2026-06-17 오전 1:21:57"
"C:\Users\user\AppData\Local\CapCut Drafts\0617\matting\2d99daf14acd02ceeb707412f1139375\2\mask\6933333","114688","2026-06-17 오전 1:21:57"
"C:\Users\user\AppData\Local\CapCut Drafts\0617\matting\2d99daf14acd02ceeb707412f1139375\2\mask\6966667","114688","2026-06-17 오전 1:21:57"
"C:\Users\user\AppData\Local\CapCut Drafts\0617\matting\2d99daf14acd02ceeb707412f1139375\2\mask\700000","114688","2026-06-17 오전 1:21:50"
"C:\Users\user\AppData\Local\CapCut Drafts\0617\matting\2d99daf14acd02ceeb707412f1139375\2\mask\7000000","114688","2026-06-17 오전 1:21:57"
"C:\Users\user\AppData\Local\CapCut Drafts\0617\matting\2d99daf14acd02ceeb707412f1139375\2\mask\7033333","114688","2026-06-17 오전 1:21:57"
"C:\Users\user\AppData\Local\CapCut Drafts\0617\matting\2d99daf14acd02ceeb707412f1139375\2\mask\7066667","114688","2026-06-17 오전 1:21:57"
"C:\Users\user\AppData\Local\CapCut Drafts\0617\matting\2d99daf14acd02ceeb707412f1139375\2\mask\7100000","114688","2026-06-17 오전 1:21:57"
"C:\Users\user\AppData\Local\CapCut Drafts\0617\matting\2d99daf14acd02ceeb707412f1139375\2\mask\7133333","114688","2026-06-17 오전 1:21:57"
"C:\Users\user\AppData\Local\CapCut Drafts\0617\matting\2d99daf14acd02ceeb707412f1139375\2\mask\7166667","114688","2026-06-17 오전 1:21:57"
"C:\Users\user\AppData\Local\CapCut Drafts\0617\matting\2d99daf14acd02ceeb707412f1139375\2\mask\7200000","114688","2026-06-17 오전 1:21:58"
"C:\Users\user\AppData\Local\CapCut Drafts\0617\matting\2d99daf14acd02ceeb707412f1139375\2\mask\7233333","114688","2026-06-17 오전 1:21:58"
"C:\Users\user\AppData\Local\CapCut Drafts\0617\matting\2d99daf14acd02ceeb707412f1139375\2\mask\7266667","114688","2026-06-17 오전 1:21:58"
"C:\Users\user\AppData\Local\CapCut Drafts\0617\matting\2d99daf14acd02ceeb707412f1139375\2\mask\7300000","114688","2026-06-17 오전 1:21:58"
"C:\Users\user\AppData\Local\CapCut Drafts\0617\matting\2d99daf14acd02ceeb707412f1139375\2\mask\733333","114688","2026-06-17 오전 1:21:50"
"C:\Users\user\AppData\Local\CapCut Drafts\0617\matting\2d99daf14acd02ceeb707412f1139375\2\mask\7333333","114688","2026-06-17 오전 1:21:58"
"C:\Users\user\AppData\Local\CapCut Drafts\0617\matting\2d99daf14acd02ceeb707412f1139375\2\mask\7366667","114688","2026-06-17 오전 1:21:58"
"C:\Users\user\AppData\Local\CapCut Drafts\0617\matting\2d99daf14acd02ceeb707412f1139375\2\mask\7400000","114688","2026-06-17 오전 1:21:58"
"C:\Users\user\AppData\Local\CapCut Drafts\0617\matting\2d99daf14acd02ceeb707412f1139375\2\mask\7433333","114688","2026-06-17 오전 1:21:58"
"C:\Users\user\AppData\Local\CapCut Drafts\0617\matting\2d99daf14acd02ceeb707412f1139375\2\mask\7466667","114688","2026-06-17 오전 1:21:58"
"C:\Users\user\AppData\Local\CapCut Drafts\0617\matting\2d99daf14acd02ceeb707412f1139375\2\mask\7500000","114688","2026-06-17 오전 1:21:58"
"C:\Users\user\AppData\Local\CapCut Drafts\0617\matting\2d99daf14acd02ceeb707412f1139375\2\mask\7533333","114688","2026-06-17 오전 1:21:58"
"C:\Users\user\AppData\Local\CapCut Drafts\0617\matting\2d99daf14acd02ceeb707412f1139375\2\mask\7566667","114688","2026-06-17 오전 1:21:58"
"C:\Users\user\AppData\Local\CapCut Drafts\0617\matting\2d99daf14acd02ceeb707412f1139375\2\mask\7600000","114688","2026-06-17 오전 1:21:58"
"C:\Users\user\AppData\Local\CapCut Drafts\0617\matting\2d99daf14acd02ceeb707412f1139375\2\mask\7633333","114688","2026-06-17 오전 1:21:58"
"C:\Users\user\AppData\Local\CapCut Drafts\0617\matting\2d99daf14acd02ceeb707412f1139375\2\mask\7666667","114688","2026-06-17 오전 1:21:58"
"C:\Users\user\AppData\Local\CapCut Drafts\0617\matting\2d99daf14acd02ceeb707412f1139375\2\mask\766667","114688","2026-06-17 오전 1:21:50"
"C:\Users\user\AppData\Local\CapCut Drafts\0617\matting\2d99daf14acd02ceeb707412f1139375\2\mask\7700000","114688","2026-06-17 오전 1:21:58"
"C:\Users\user\AppData\Local\CapCut Drafts\0617\matting\2d99daf14acd02ceeb707412f1139375\2\mask\7733333","114688","2026-06-17 오전 1:21:58"
"C:\Users\user\AppData\Local\CapCut Drafts\0617\matting\2d99daf14acd02ceeb707412f1139375\2\mask\7766667","114688","2026-06-17 오전 1:21:58"
"C:\Users\user\AppData\Local\CapCut Drafts\0617\matting\2d99daf14acd02ceeb707412f1139375\2\mask\7800000","114688","2026-06-17 오전 1:21:58"
"C:\Users\user\AppData\Local\CapCut Drafts\0617\matting\2d99daf14acd02ceeb707412f1139375\2\mask\7833333","114688","2026-06-17 오전 1:21:58"
"C:\Users\user\AppData\Local\CapCut Drafts\0617\matting\2d99daf14acd02ceeb707412f1139375\2\mask\7866667","114688","2026-06-17 오전 1:21:58"
"C:\Users\user\AppData\Local\CapCut Drafts\0617\matting\2d99daf14acd02ceeb707412f1139375\2\mask\7900000","114688","2026-06-17 오전 1:21:58"
"C:\Users\user\AppData\Local\CapCut Drafts\0617\matting\2d99daf14acd02ceeb707412f1139375\2\mask\7933333","114688","2026-06-17 오전 1:21:58"
"C:\Users\user\AppData\Local\CapCut Drafts\0617\matting\2d99daf14acd02ceeb707412f1139375\2\mask\7966667","114688","2026-06-17 오전 1:21:58"
"C:\Users\user\AppData\Local\CapCut Drafts\0617\matting\2d99daf14acd02ceeb707412f1139375\2\mask\800000","114688","2026-06-17 오전 1:21:50"
"C:\Users\user\AppData\Local\CapCut Drafts\0617\matting\2d99daf14acd02ceeb707412f1139375\2\mask\8000000","114688","2026-06-17 오전 1:21:58"
"C:\Users\user\AppData\Local\CapCut Drafts\0617\matting\2d99daf14acd02ceeb707412f1139375\2\mask\8033333","114688","2026-06-17 오전 1:21:58"
"C:\Users\user\AppData\Local\CapCut Drafts\0617\matting\2d99daf14acd02ceeb707412f1139375\2\mask\8066667","114688","2026-06-17 오전 1:21:59"
"C:\Users\user\AppData\Local\CapCut Drafts\0617\matting\2d99daf14acd02ceeb707412f1139375\2\mask\8100000","114688","2026-06-17 오전 1:21:59"
"C:\Users\user\AppData\Local\CapCut Drafts\0617\matting\2d99daf14acd02ceeb707412f1139375\2\mask\8133333","114688","2026-06-17 오전 1:21:59"
"C:\Users\user\AppData\Local\CapCut Drafts\0617\matting\2d99daf14acd02ceeb707412f1139375\2\mask\8166667","114688","2026-06-17 오전 1:21:59"
"C:\Users\user\AppData\Local\CapCut Drafts\0617\matting\2d99daf14acd02ceeb707412f1139375\2\mask\8200000","114688","2026-06-17 오전 1:21:59"
"C:\Users\user\AppData\Local\CapCut Drafts\0617\matting\2d99daf14acd02ceeb707412f1139375\2\mask\8233333","114688","2026-06-17 오전 1:21:59"
"C:\Users\user\AppData\Local\CapCut Drafts\0617\matting\2d99daf14acd02ceeb707412f1139375\2\mask\8266667","114688","2026-06-17 오전 1:21:59"
"C:\Users\user\AppData\Local\CapCut Drafts\0617\matting\2d99daf14acd02ceeb707412f1139375\2\mask\8300000","114688","2026-06-17 오전 1:21:59"
"C:\Users\user\AppData\Local\CapCut Drafts\0617\matting\2d99daf14acd02ceeb707412f1139375\2\mask\833333","114688","2026-06-17 오전 1:21:50"
"C:\Users\user\AppData\Local\CapCut Drafts\0617\matting\2d99daf14acd02ceeb707412f1139375\2\mask\8333333","114688","2026-06-17 오전 1:21:59"
"C:\Users\user\AppData\Local\CapCut Drafts\0617\matting\2d99daf14acd02ceeb707412f1139375\2\mask\8366667","114688","2026-06-17 오전 1:21:59"
"C:\Users\user\AppData\Local\CapCut Drafts\0617\matting\2d99daf14acd02ceeb707412f1139375\2\mask\8400000","114688","2026-06-17 오전 1:21:59"
"C:\Users\user\AppData\Local\CapCut Drafts\0617\matting\2d99daf14acd02ceeb707412f1139375\2\mask\8433333","114688","2026-06-17 오전 1:21:59"
"C:\Users\user\AppData\Local\CapCut Drafts\0617\matting\2d99daf14acd02ceeb707412f1139375\2\mask\8466667","114688","2026-06-17 오전 1:21:59"
"C:\Users\user\AppData\Local\CapCut Drafts\0617\matting\2d99daf14acd02ceeb707412f1139375\2\mask\8500000","114688","2026-06-17 오전 1:21:59"
"C:\Users\user\AppData\Local\CapCut Drafts\0617\matting\2d99daf14acd02ceeb707412f1139375\2\mask\8533333","114688","2026-06-17 오전 1:21:59"
"C:\Users\user\AppData\Local\CapCut Drafts\0617\matting\2d99daf14acd02ceeb707412f1139375\2\mask\8566667","114688","2026-06-17 오전 1:21:59"
"C:\Users\user\AppData\Local\CapCut Drafts\0617\matting\2d99daf14acd02ceeb707412f1139375\2\mask\8600000","114688","2026-06-17 오전 1:21:59"
"C:\Users\user\AppData\Local\CapCut Drafts\0617\matting\2d99daf14acd02ceeb707412f1139375\2\mask\8633333","114688","2026-06-17 오전 1:21:59"
"C:\Users\user\AppData\Local\CapCut Drafts\0617\matting\2d99daf14acd02ceeb707412f1139375\2\mask\8666667","114688","2026-06-17 오전 1:21:59"
"C:\Users\user\AppData\Local\CapCut Drafts\0617\matting\2d99daf14acd02ceeb707412f1139375\2\mask\866667","114688","2026-06-17 오전 1:21:50"
"C:\Users\user\AppData\Local\CapCut Drafts\0617\matting\2d99daf14acd02ceeb707412f1139375\2\mask\8700000","114688","2026-06-17 오전 1:21:59"
"C:\Users\user\AppData\Local\CapCut Drafts\0617\matting\2d99daf14acd02ceeb707412f1139375\2\mask\8733333","114688","2026-06-17 오전 1:21:59"
"C:\Users\user\AppData\Local\CapCut Drafts\0617\matting\2d99daf14acd02ceeb707412f1139375\2\mask\8766667","114688","2026-06-17 오전 1:21:59"
"C:\Users\user\AppData\Local\CapCut Drafts\0617\matting\2d99daf14acd02ceeb707412f1139375\2\mask\8800000","114688","2026-06-17 오전 1:21:59"
"C:\Users\user\AppData\Local\CapCut Drafts\0617\matting\2d99daf14acd02ceeb707412f1139375\2\mask\8833333","114688","2026-06-17 오전 1:21:59"
"C:\Users\user\AppData\Local\CapCut Drafts\0617\matting\2d99daf14acd02ceeb707412f1139375\2\mask\8866667","114688","2026-06-17 오전 1:22:00"
"C:\Users\user\AppData\Local\CapCut Drafts\0617\matting\2d99daf14acd02ceeb707412f1139375\2\mask\8900000","114688","2026-06-17 오전 1:22:00"
"C:\Users\user\AppData\Local\CapCut Drafts\0617\matting\2d99daf14acd02ceeb707412f1139375\2\mask\8933333","114688","2026-06-17 오전 1:22:00"
"C:\Users\user\AppData\Local\CapCut Drafts\0617\matting\2d99daf14acd02ceeb707412f1139375\2\mask\8966667","114688","2026-06-17 오전 1:22:00"
"C:\Users\user\AppData\Local\CapCut Drafts\0617\matting\2d99daf14acd02ceeb707412f1139375\2\mask\900000","114688","2026-06-17 오전 1:21:50"
"C:\Users\user\AppData\Local\CapCut Drafts\0617\matting\2d99daf14acd02ceeb707412f1139375\2\mask\9000000","114688","2026-06-17 오전 1:22:00"
"C:\Users\user\AppData\Local\CapCut Drafts\0617\matting\2d99daf14acd02ceeb707412f1139375\2\mask\9033333","114688","2026-06-17 오전 1:22:00"
"C:\Users\user\AppData\Local\CapCut Drafts\0617\matting\2d99daf14acd02ceeb707412f1139375\2\mask\9066667","114688","2026-06-17 오전 1:22:00"
"C:\Users\user\AppData\Local\CapCut Drafts\0617\matting\2d99daf14acd02ceeb707412f1139375\2\mask\9100000","114688","2026-06-17 오전 1:22:00"
"C:\Users\user\AppData\Local\CapCut Drafts\0617\matting\2d99daf14acd02ceeb707412f1139375\2\mask\9133333","114688","2026-06-17 오전 1:22:00"
"C:\Users\user\AppData\Local\CapCut Drafts\0617\matting\2d99daf14acd02ceeb707412f1139375\2\mask\9166667","114688","2026-06-17 오전 1:22:00"
"C:\Users\user\AppData\Local\CapCut Drafts\0617\matting\2d99daf14acd02ceeb707412f1139375\2\mask\9200000","114688","2026-06-17 오전 1:22:00"
"C:\Users\user\AppData\Local\CapCut Drafts\0617\matting\2d99daf14acd02ceeb707412f1139375\2\mask\9233333","114688","2026-06-17 오전 1:22:00"
"C:\Users\user\AppData\Local\CapCut Drafts\0617\matting\2d99daf14acd02ceeb707412f1139375\2\mask\9266667","114688","2026-06-17 오전 1:22:00"
"C:\Users\user\AppData\Local\CapCut Drafts\0617\matting\2d99daf14acd02ceeb707412f1139375\2\mask\9300000","114688","2026-06-17 오전 1:22:00"
"C:\Users\user\AppData\Local\CapCut Drafts\0617\matting\2d99daf14acd02ceeb707412f1139375\2\mask\933333","114688","2026-06-17 오전 1:21:50"
"C:\Users\user\AppData\Local\CapCut Drafts\0617\matting\2d99daf14acd02ceeb707412f1139375\2\mask\9333333","114688","2026-06-17 오전 1:22:00"
"C:\Users\user\AppData\Local\CapCut Drafts\0617\matting\2d99daf14acd02ceeb707412f1139375\2\mask\9366667","114688","2026-06-17 오전 1:22:00"
"C:\Users\user\AppData\Local\CapCut Drafts\0617\matting\2d99daf14acd02ceeb707412f1139375\2\mask\9400000","114688","2026-06-17 오전 1:22:00"
"C:\Users\user\AppData\Local\CapCut Drafts\0617\matting\2d99daf14acd02ceeb707412f1139375\2\mask\9433333","114688","2026-06-17 오전 1:22:00"
"C:\Users\user\AppData\Local\CapCut Drafts\0617\matting\2d99daf14acd02ceeb707412f1139375\2\mask\9466667","114688","2026-06-17 오전 1:22:00"
"C:\Users\user\AppData\Local\CapCut Drafts\0617\matting\2d99daf14acd02ceeb707412f1139375\2\mask\9500000","114688","2026-06-17 오전 1:22:00"
"C:\Users\user\AppData\Local\CapCut Drafts\0617\matting\2d99daf14acd02ceeb707412f1139375\2\mask\9533333","114688","2026-06-17 오전 1:22:00"
"C:\Users\user\AppData\Local\CapCut Drafts\0617\matting\2d99daf14acd02ceeb707412f1139375\2\mask\9566667","114688","2026-06-17 오전 1:22:00"
"C:\Users\user\AppData\Local\CapCut Drafts\0617\matting\2d99daf14acd02ceeb707412f1139375\2\mask\9600000","114688","2026-06-17 오전 1:22:00"
"C:\Users\user\AppData\Local\CapCut Drafts\0617\matting\2d99daf14acd02ceeb707412f1139375\2\mask\9633333","114688","2026-06-17 오전 1:22:00"
"C:\Users\user\AppData\Local\CapCut Drafts\0617\matting\2d99daf14acd02ceeb707412f1139375\2\mask\9666667","114688","2026-06-17 오전 1:22:00"
"C:\Users\user\AppData\Local\CapCut Drafts\0617\matting\2d99daf14acd02ceeb707412f1139375\2\mask\966667","114688","2026-06-17 오전 1:21:50"
"C:\Users\user\AppData\Local\CapCut Drafts\0617\matting\2d99daf14acd02ceeb707412f1139375\2\mask\9700000","114688","2026-06-17 오전 1:22:00"
"C:\Users\user\AppData\Local\CapCut Drafts\0617\matting\2d99daf14acd02ceeb707412f1139375\2\mask\9733333","114688","2026-06-17 오전 1:22:01"
"C:\Users\user\AppData\Local\CapCut Drafts\0617\matting\2d99daf14acd02ceeb707412f1139375\2\mask\9766667","114688","2026-06-17 오전 1:22:01"
"C:\Users\user\AppData\Local\CapCut Drafts\0617\matting\2d99daf14acd02ceeb707412f1139375\2\mask\9800000","114688","2026-06-17 오전 1:22:01"
"C:\Users\user\AppData\Local\CapCut Drafts\0617\matting\2d99daf14acd02ceeb707412f1139375\2\mask\9833333","114688","2026-06-17 오전 1:22:01"
"C:\Users\user\AppData\Local\CapCut Drafts\0617\matting\2d99daf14acd02ceeb707412f1139375\2\mask\9866667","114688","2026-06-17 오전 1:22:01"
"C:\Users\user\AppData\Local\CapCut Drafts\0617\matting\2d99daf14acd02ceeb707412f1139375\2\mask\9900000","114688","2026-06-17 오전 1:22:01"
"C:\Users\user\AppData\Local\CapCut Drafts\0617\matting\2d99daf14acd02ceeb707412f1139375\2\mask\9933333","114688","2026-06-17 오전 1:22:01"
"C:\Users\user\AppData\Local\CapCut Drafts\0617\matting\2d99daf14acd02ceeb707412f1139375\2\mask\9966667","114688","2026-06-17 오전 1:22:01"
"C:\Users\user\AppData\Local\CapCut Drafts\0617\matting\2d99daf14acd02ceeb707412f1139375\2\maskinfo\0","142","2026-06-17 오전 1:21:49"
"C:\Users\user\AppData\Local\CapCut Drafts\0617\matting\2d99daf14acd02ceeb707412f1139375\2\maskinfo\100000","152","2026-06-17 오전 1:21:49"
"C:\Users\user\AppData\Local\CapCut Drafts\0617\matting\2d99daf14acd02ceeb707412f1139375\2\maskinfo\1000000","146","2026-06-17 오전 1:21:50"
"C:\Users\user\AppData\Local\CapCut Drafts\0617\matting\2d99daf14acd02ceeb707412f1139375\2\maskinfo\10000000","150","2026-06-17 오전 1:22:01"
"C:\Users\user\AppData\Local\CapCut Drafts\0617\matting\2d99daf14acd02ceeb707412f1139375\2\maskinfo\10033333","139","2026-06-17 오전 1:22:01"
"C:\Users\user\AppData\Local\CapCut Drafts\0617\matting\2d99daf14acd02ceeb707412f1139375\2\maskinfo\10066667","159","2026-06-17 오전 1:22:01"
"C:\Users\user\AppData\Local\CapCut Drafts\0617\matting\2d99daf14acd02ceeb707412f1139375\2\maskinfo\10100000","138","2026-06-17 오전 1:22:01"
"C:\Users\user\AppData\Local\CapCut Drafts\0617\matting\2d99daf14acd02ceeb707412f1139375\2\maskinfo\10133333","148","2026-06-17 오전 1:22:01"
"C:\Users\user\AppData\Local\CapCut Drafts\0617\matting\2d99daf14acd02ceeb707412f1139375\2\maskinfo\10166667","140","2026-06-17 오전 1:22:01"
"C:\Users\user\AppData\Local\CapCut Drafts\0617\matting\2d99daf14acd02ceeb707412f1139375\2\maskinfo\10200000","152","2026-06-17 오전 1:22:01"
"C:\Users\user\AppData\Local\CapCut Drafts\0617\matting\2d99daf14acd02ceeb707412f1139375\2\maskinfo\10233333","140","2026-06-17 오전 1:22:01"
"C:\Users\user\AppData\Local\CapCut Drafts\0617\matting\2d99daf14acd02ceeb707412f1139375\2\maskinfo\10266667","154","2026-06-17 오전 1:22:01"
"C:\Users\user\AppData\Local\CapCut Drafts\0617\matting\2d99daf14acd02ceeb707412f1139375\2\maskinfo\10300000","139","2026-06-17 오전 1:22:01"
"C:\Users\user\AppData\Local\CapCut Drafts\0617\matting\2d99daf14acd02ceeb707412f1139375\2\maskinfo\1033333","155","2026-06-17 오전 1:21:50"
"C:\Users\user\AppData\Local\CapCut Drafts\0617\matting\2d99daf14acd02ceeb707412f1139375\2\maskinfo\10333333","153","2026-06-17 오전 1:22:01"
"C:\Users\user\AppData\Local\CapCut Drafts\0617\matting\2d99daf14acd02ceeb707412f1139375\2\maskinfo\10366667","140","2026-06-17 오전 1:22:01"
"C:\Users\user\AppData\Local\CapCut Drafts\0617\matting\2d99daf14acd02ceeb707412f1139375\2\maskinfo\10400000","154","2026-06-17 오전 1:22:01"
"C:\Users\user\AppData\Local\CapCut Drafts\0617\matting\2d99daf14acd02ceeb707412f1139375\2\maskinfo\10433333","140","2026-06-17 오전 1:22:01"
"C:\Users\user\AppData\Local\CapCut Drafts\0617\matting\2d99daf14acd02ceeb707412f1139375\2\maskinfo\10466667","153","2026-06-17 오전 1:22:01"
"C:\Users\user\AppData\Local\CapCut Drafts\0617\matting\2d99daf14acd02ceeb707412f1139375\2\maskinfo\10500000","151","2026-06-17 오전 1:22:01"
"C:\Users\user\AppData\Local\CapCut Drafts\0617\matting\2d99daf14acd02ceeb707412f1139375\2\maskinfo\10533333","141","2026-06-17 오전 1:22:01"
"C:\Users\user\AppData\Local\CapCut Drafts\0617\matting\2d99daf14acd02ceeb707412f1139375\2\maskinfo\10566667","137","2026-06-17 오전 1:22:01"
"C:\Users\user\AppData\Local\CapCut Drafts\0617\matting\2d99daf14acd02ceeb707412f1139375\2\maskinfo\10600000","154","2026-06-17 오전 1:22:02"
"C:\Users\user\AppData\Local\CapCut Drafts\0617\matting\2d99daf14acd02ceeb707412f1139375\2\maskinfo\10633333","153","2026-06-17 오전 1:22:02"
"C:\Users\user\AppData\Local\CapCut Drafts\0617\matting\2d99daf14acd02ceeb707412f1139375\2\maskinfo\10666667","155","2026-06-17 오전 1:22:02"
"C:\Users\user\AppData\Local\CapCut Drafts\0617\matting\2d99daf14acd02ceeb707412f1139375\2\maskinfo\1066667","143","2026-06-17 오전 1:21:50"
"C:\Users\user\AppData\Local\CapCut Drafts\0617\matting\2d99daf14acd02ceeb707412f1139375\2\maskinfo\10700000","153","2026-06-17 오전 1:22:02"
"C:\Users\user\AppData\Local\CapCut Drafts\0617\matting\2d99daf14acd02ceeb707412f1139375\2\maskinfo\10733333","156","2026-06-17 오전 1:22:02"
"C:\Users\user\AppData\Local\CapCut Drafts\0617\matting\2d99daf14acd02ceeb707412f1139375\2\maskinfo\10766667","142","2026-06-17 오전 1:22:02"
"C:\Users\user\AppData\Local\CapCut Drafts\0617\matting\2d99daf14acd02ceeb707412f1139375\2\maskinfo\10800000","142","2026-06-17 오전 1:22:02"
"C:\Users\user\AppData\Local\CapCut Drafts\0617\matting\2d99daf14acd02ceeb707412f1139375\2\maskinfo\10833333","137","2026-06-17 오전 1:22:02"
"C:\Users\user\AppData\Local\CapCut Drafts\0617\matting\2d99daf14acd02ceeb707412f1139375\2\maskinfo\10866667","141","2026-06-17 오전 1:22:02"
"C:\Users\user\AppData\Local\CapCut Drafts\0617\matting\2d99daf14acd02ceeb707412f1139375\2\maskinfo\10900000","124","2026-06-17 오전 1:22:02"
"C:\Users\user\AppData\Local\CapCut Drafts\0617\matting\2d99daf14acd02ceeb707412f1139375\2\maskinfo\10933333","140","2026-06-17 오전 1:22:02"
"C:\Users\user\AppData\Local\CapCut Drafts\0617\matting\2d99daf14acd02ceeb707412f1139375\2\maskinfo\10966667","139","2026-06-17 오전 1:22:02"
"C:\Users\user\AppData\Local\CapCut Drafts\0617\matting\2d99daf14acd02ceeb707412f1139375\2\maskinfo\1100000","142","2026-06-17 오전 1:21:50"
"C:\Users\user\AppData\Local\CapCut Drafts\0617\matting\2d99daf14acd02ceeb707412f1139375\2\maskinfo\11000000","110","2026-06-17 오전 1:22:02"
"C:\Users\user\AppData\Local\CapCut Drafts\0617\matting\2d99daf14acd02ceeb707412f1139375\2\maskinfo\11033333","163","2026-06-17 오전 1:22:02"
"C:\Users\user\AppData\Local\CapCut Drafts\0617\matting\2d99daf14acd02ceeb707412f1139375\2\maskinfo\11066667","153","2026-06-17 오전 1:22:02"
"C:\Users\user\AppData\Local\CapCut Drafts\0617\matting\2d99daf14acd02ceeb707412f1139375\2\maskinfo\11100000","137","2026-06-17 오전 1:22:02"
"C:\Users\user\AppData\Local\CapCut Drafts\0617\matting\2d99daf14acd02ceeb707412f1139375\2\maskinfo\11133333","133","2026-06-17 오전 1:22:02"
"C:\Users\user\AppData\Local\CapCut Drafts\0617\matting\2d99daf14acd02ceeb707412f1139375\2\maskinfo\11166667","136","2026-06-17 오전 1:22:02"
"C:\Users\user\AppData\Local\CapCut Drafts\0617\matting\2d99daf14acd02ceeb707412f1139375\2\maskinfo\11200000","135","2026-06-17 오전 1:22:02"
"C:\Users\user\AppData\Local\CapCut Drafts\0617\matting\2d99daf14acd02ceeb707412f1139375\2\maskinfo\11233333","156","2026-06-17 오전 1:22:02"
"C:\Users\user\AppData\Local\CapCut Drafts\0617\matting\2d99daf14acd02ceeb707412f1139375\2\maskinfo\11266667","155","2026-06-17 오전 1:22:02"
"C:\Users\user\AppData\Local\CapCut Drafts\0617\matting\2d99daf14acd02ceeb707412f1139375\2\maskinfo\11300000","162","2026-06-17 오전 1:22:02"
"C:\Users\user\AppData\Local\CapCut Drafts\0617\matting\2d99daf14acd02ceeb707412f1139375\2\maskinfo\1133333","152","2026-06-17 오전 1:21:50"
"C:\Users\user\AppData\Local\CapCut Drafts\0617\matting\2d99daf14acd02ceeb707412f1139375\2\maskinfo\11333333","110","2026-06-17 오전 1:22:02"
"C:\Users\user\AppData\Local\CapCut Drafts\0617\matting\2d99daf14acd02ceeb707412f1139375\2\maskinfo\11366667","163","2026-06-17 오전 1:22:02"
"C:\Users\user\AppData\Local\CapCut Drafts\0617\matting\2d99daf14acd02ceeb707412f1139375\2\maskinfo\11400000","110","2026-06-17 오전 1:22:02"
"C:\Users\user\AppData\Local\CapCut Drafts\0617\matting\2d99daf14acd02ceeb707412f1139375\2\maskinfo\11433333","160","2026-06-17 오전 1:22:03"
"C:\Users\user\AppData\Local\CapCut Drafts\0617\matting\2d99daf14acd02ceeb707412f1139375\2\maskinfo\11466667","110","2026-06-17 오전 1:22:03"
"C:\Users\user\AppData\Local\CapCut Drafts\0617\matting\2d99daf14acd02ceeb707412f1139375\2\maskinfo\11500000","160","2026-06-17 오전 1:22:03"
"C:\Users\user\AppData\Local\CapCut Drafts\0617\matting\2d99daf14acd02ceeb707412f1139375\2\maskinfo\11533333","152","2026-06-17 오전 1:22:03"
"C:\Users\user\AppData\Local\CapCut Drafts\0617\matting\2d99daf14acd02ceeb707412f1139375\2\maskinfo\11566667","150","2026-06-17 오전 1:22:03"
"C:\Users\user\AppData\Local\CapCut Drafts\0617\matting\2d99daf14acd02ceeb707412f1139375\2\maskinfo\11600000","135","2026-06-17 오전 1:22:03"
"C:\Users\user\AppData\Local\CapCut Drafts\0617\matting\2d99daf14acd02ceeb707412f1139375\2\maskinfo\11633333","142","2026-06-17 오전 1:22:03"
"C:\Users\user\AppData\Local\CapCut Drafts\0617\matting\2d99daf14acd02ceeb707412f1139375\2\maskinfo\11666667","153","2026-06-17 오전 1:22:03"
"C:\Users\user\AppData\Local\CapCut Drafts\0617\matting\2d99daf14acd02ceeb707412f1139375\2\maskinfo\1166667","153","2026-06-17 오전 1:21:50"
"C:\Users\user\AppData\Local\CapCut Drafts\0617\matting\2d99daf14acd02ceeb707412f1139375\2\maskinfo\11700000","152","2026-06-17 오전 1:22:03"
"C:\Users\user\AppData\Local\CapCut Drafts\0617\matting\2d99daf14acd02ceeb707412f1139375\2\maskinfo\11733333","143","2026-06-17 오전 1:22:03"
"C:\Users\user\AppData\Local\CapCut Drafts\0617\matting\2d99daf14acd02ceeb707412f1139375\2\maskinfo\11766667","154","2026-06-17 오전 1:22:03"
"C:\Users\user\AppData\Local\CapCut Drafts\0617\matting\2d99daf14acd02ceeb707412f1139375\2\maskinfo\11800000","153","2026-06-17 오전 1:22:03"
"C:\Users\user\AppData\Local\CapCut Drafts\0617\matting\2d99daf14acd02ceeb707412f1139375\2\maskinfo\11833333","140","2026-06-17 오전 1:22:03"
"C:\Users\user\AppData\Local\CapCut Drafts\0617\matting\2d99daf14acd02ceeb707412f1139375\2\maskinfo\11866667","142","2026-06-17 오전 1:22:03"
"C:\Users\user\AppData\Local\CapCut Drafts\0617\matting\2d99daf14acd02ceeb707412f1139375\2\maskinfo\11900000","149","2026-06-17 오전 1:22:03"
"C:\Users\user\AppData\Local\CapCut Drafts\0617\matting\2d99daf14acd02ceeb707412f1139375\2\maskinfo\11933333","144","2026-06-17 오전 1:22:03"
"C:\Users\user\AppData\Local\CapCut Drafts\0617\matting\2d99daf14acd02ceeb707412f1139375\2\maskinfo\11966667","149","2026-06-17 오전 1:22:03"
"C:\Users\user\AppData\Local\CapCut Drafts\0617\matting\2d99daf14acd02ceeb707412f1139375\2\maskinfo\1200000","153","2026-06-17 오전 1:21:50"
"C:\Users\user\AppData\Local\CapCut Drafts\0617\matting\2d99daf14acd02ceeb707412f1139375\2\maskinfo\12000000","143","2026-06-17 오전 1:22:03"
"C:\Users\user\AppData\Local\CapCut Drafts\0617\matting\2d99daf14acd02ceeb707412f1139375\2\maskinfo\12033333","150","2026-06-17 오전 1:22:03"
"C:\Users\user\AppData\Local\CapCut Drafts\0617\matting\2d99daf14acd02ceeb707412f1139375\2\maskinfo\12066667","129","2026-06-17 오전 1:22:03"
"C:\Users\user\AppData\Local\CapCut Drafts\0617\matting\2d99daf14acd02ceeb707412f1139375\2\maskinfo\12100000","151","2026-06-17 오전 1:22:03"
"C:\Users\user\AppData\Local\CapCut Drafts\0617\matting\2d99daf14acd02ceeb707412f1139375\2\maskinfo\12133333","143","2026-06-17 오전 1:22:03"
"C:\Users\user\AppData\Local\CapCut Drafts\0617\matting\2d99daf14acd02ceeb707412f1139375\2\maskinfo\12166667","143","2026-06-17 오전 1:22:03"
"C:\Users\user\AppData\Local\CapCut Drafts\0617\matting\2d99daf14acd02ceeb707412f1139375\2\maskinfo\12200000","154","2026-06-17 오전 1:22:03"
"C:\Users\user\AppData\Local\CapCut Drafts\0617\matting\2d99daf14acd02ceeb707412f1139375\2\maskinfo\12233333","143","2026-06-17 오전 1:22:03"
"C:\Users\user\AppData\Local\CapCut Drafts\0617\matting\2d99daf14acd02ceeb707412f1139375\2\maskinfo\12266667","152","2026-06-17 오전 1:22:04"
"C:\Users\user\AppData\Local\CapCut Drafts\0617\matting\2d99daf14acd02ceeb707412f1139375\2\maskinfo\12300000","155","2026-06-17 오전 1:22:04"
"C:\Users\user\AppData\Local\CapCut Drafts\0617\matting\2d99daf14acd02ceeb707412f1139375\2\maskinfo\1233333","151","2026-06-17 오전 1:21:50"
"C:\Users\user\AppData\Local\CapCut Drafts\0617\matting\2d99daf14acd02ceeb707412f1139375\2\maskinfo\12333333","149","2026-06-17 오전 1:22:04"
"C:\Users\user\AppData\Local\CapCut Drafts\0617\matting\2d99daf14acd02ceeb707412f1139375\2\maskinfo\12366667","152","2026-06-17 오전 1:22:04"
"C:\Users\user\AppData\Local\CapCut Drafts\0617\matting\2d99daf14acd02ceeb707412f1139375\2\maskinfo\12400000","153","2026-06-17 오전 1:22:04"
"C:\Users\user\AppData\Local\CapCut Drafts\0617\matting\2d99daf14acd02ceeb707412f1139375\2\maskinfo\12433333","151","2026-06-17 오전 1:22:04"
"C:\Users\user\AppData\Local\CapCut Drafts\0617\matting\2d99daf14acd02ceeb707412f1139375\2\maskinfo\12466667","154","2026-06-17 오전 1:22:04"
"C:\Users\user\AppData\Local\CapCut Drafts\0617\matting\2d99daf14acd02ceeb707412f1139375\2\maskinfo\12500000","155","2026-06-17 오전 1:22:04"
"C:\Users\user\AppData\Local\CapCut Drafts\0617\matting\2d99daf14acd02ceeb707412f1139375\2\maskinfo\12533333","155","2026-06-17 오전 1:22:04"
"C:\Users\user\AppData\Local\CapCut Drafts\0617\matting\2d99daf14acd02ceeb707412f1139375\2\maskinfo\12566667","142","2026-06-17 오전 1:22:04"
"C:\Users\user\AppData\Local\CapCut Drafts\0617\matting\2d99daf14acd02ceeb707412f1139375\2\maskinfo\12600000","153","2026-06-17 오전 1:22:04"
"C:\Users\user\AppData\Local\CapCut Drafts\0617\matting\2d99daf14acd02ceeb707412f1139375\2\maskinfo\12633333","151","2026-06-17 오전 1:22:04"
"C:\Users\user\AppData\Local\CapCut Drafts\0617\matting\2d99daf14acd02ceeb707412f1139375\2\maskinfo\12666667","154","2026-06-17 오전 1:22:04"
"C:\Users\user\AppData\Local\CapCut Drafts\0617\matting\2d99daf14acd02ceeb707412f1139375\2\maskinfo\1266667","153","2026-06-17 오전 1:21:51"
"C:\Users\user\AppData\Local\CapCut Drafts\0617\matting\2d99daf14acd02ceeb707412f1139375\2\maskinfo\12700000","154","2026-06-17 오전 1:22:04"
"C:\Users\user\AppData\Local\CapCut Drafts\0617\matting\2d99daf14acd02ceeb707412f1139375\2\maskinfo\12733333","139","2026-06-17 오전 1:22:04"
"C:\Users\user\AppData\Local\CapCut Drafts\0617\matting\2d99daf14acd02ceeb707412f1139375\2\maskinfo\12766667","152","2026-06-17 오전 1:22:04"
"C:\Users\user\AppData\Local\CapCut Drafts\0617\matting\2d99daf14acd02ceeb707412f1139375\2\maskinfo\12800000","150","2026-06-17 오전 1:22:04"
"C:\Users\user\AppData\Local\CapCut Drafts\0617\matting\2d99daf14acd02ceeb707412f1139375\2\maskinfo\12833333","144","2026-06-17 오전 1:22:04"
"C:\Users\user\AppData\Local\CapCut Drafts\0617\matting\2d99daf14acd02ceeb707412f1139375\2\maskinfo\12866667","151","2026-06-17 오전 1:22:04"
"C:\Users\user\AppData\Local\CapCut Drafts\0617\matting\2d99daf14acd02ceeb707412f1139375\2\maskinfo\12900000","153","2026-06-17 오전 1:22:04"
"C:\Users\user\AppData\Local\CapCut Drafts\0617\matting\2d99daf14acd02ceeb707412f1139375\2\maskinfo\12933333","140","2026-06-17 오전 1:22:04"
"C:\Users\user\AppData\Local\CapCut Drafts\0617\matting\2d99daf14acd02ceeb707412f1139375\2\maskinfo\12966667","141","2026-06-17 오전 1:22:04"
"C:\Users\user\AppData\Local\CapCut Drafts\0617\matting\2d99daf14acd02ceeb707412f1139375\2\maskinfo\1300000","152","2026-06-17 오전 1:21:51"
"C:\Users\user\AppData\Local\CapCut Drafts\0617\matting\2d99daf14acd02ceeb707412f1139375\2\maskinfo\13000000","154","2026-06-17 오전 1:22:04"
"C:\Users\user\AppData\Local\CapCut Drafts\0617\matting\2d99daf14acd02ceeb707412f1139375\2\maskinfo\13033333","154","2026-06-17 오전 1:22:04"
"C:\Users\user\AppData\Local\CapCut Drafts\0617\matting\2d99daf14acd02ceeb707412f1139375\2\maskinfo\13066667","141","2026-06-17 오전 1:22:04"
"C:\Users\user\AppData\Local\CapCut Drafts\0617\matting\2d99daf14acd02ceeb707412f1139375\2\maskinfo\13100000","154","2026-06-17 오전 1:22:05"
"C:\Users\user\AppData\Local\CapCut Drafts\0617\matting\2d99daf14acd02ceeb707412f1139375\2\maskinfo\13133333","131","2026-06-17 오전 1:22:05"
"C:\Users\user\AppData\Local\CapCut Drafts\0617\matting\2d99daf14acd02ceeb707412f1139375\2\maskinfo\13166667","144","2026-06-17 오전 1:22:05"
"C:\Users\user\AppData\Local\CapCut Drafts\0617\matting\2d99daf14acd02ceeb707412f1139375\2\maskinfo\13200000","153","2026-06-17 오전 1:22:05"
"C:\Users\user\AppData\Local\CapCut Drafts\0617\matting\2d99daf14acd02ceeb707412f1139375\2\maskinfo\13233333","155","2026-06-17 오전 1:22:05"
"C:\Users\user\AppData\Local\CapCut Drafts\0617\matting\2d99daf14acd02ceeb707412f1139375\2\maskinfo\13266667","154","2026-06-17 오전 1:22:05"
"C:\Users\user\AppData\Local\CapCut Drafts\0617\matting\2d99daf14acd02ceeb707412f1139375\2\maskinfo\13300000","151","2026-06-17 오전 1:22:05"
"C:\Users\user\AppData\Local\CapCut Drafts\0617\matting\2d99daf14acd02ceeb707412f1139375\2\maskinfo\133333","142","2026-06-17 오전 1:21:49"
"C:\Users\user\AppData\Local\CapCut Drafts\0617\matting\2d99daf14acd02ceeb707412f1139375\2\maskinfo\1333333","143","2026-06-17 오전 1:21:51"
"C:\Users\user\AppData\Local\CapCut Drafts\0617\matting\2d99daf14acd02ceeb707412f1139375\2\maskinfo\13333333","153","2026-06-17 오전 1:22:05"
"C:\Users\user\AppData\Local\CapCut Drafts\0617\matting\2d99daf14acd02ceeb707412f1139375\2\maskinfo\13366667","153","2026-06-17 오전 1:22:05"
"C:\Users\user\AppData\Local\CapCut Drafts\0617\matting\2d99daf14acd02ceeb707412f1139375\2\maskinfo\13400000","154","2026-06-17 오전 1:22:05"
"C:\Users\user\AppData\Local\CapCut Drafts\0617\matting\2d99daf14acd02ceeb707412f1139375\2\maskinfo\13433333","138","2026-06-17 오전 1:22:05"
"C:\Users\user\AppData\Local\CapCut Drafts\0617\matting\2d99daf14acd02ceeb707412f1139375\2\maskinfo\13466667","144","2026-06-17 오전 1:22:05"
"C:\Users\user\AppData\Local\CapCut Drafts\0617\matting\2d99daf14acd02ceeb707412f1139375\2\maskinfo\13500000","152","2026-06-17 오전 1:22:05"
"C:\Users\user\AppData\Local\CapCut Drafts\0617\matting\2d99daf14acd02ceeb707412f1139375\2\maskinfo\13533333","133","2026-06-17 오전 1:22:05"
"C:\Users\user\AppData\Local\CapCut Drafts\0617\matting\2d99daf14acd02ceeb707412f1139375\2\maskinfo\13566667","153","2026-06-17 오전 1:22:05"
"C:\Users\user\AppData\Local\CapCut Drafts\0617\matting\2d99daf14acd02ceeb707412f1139375\2\maskinfo\13600000","154","2026-06-17 오전 1:22:05"
"C:\Users\user\AppData\Local\CapCut Drafts\0617\matting\2d99daf14acd02ceeb707412f1139375\2\maskinfo\13633333","149","2026-06-17 오전 1:22:05"
"C:\Users\user\AppData\Local\CapCut Drafts\0617\matting\2d99daf14acd02ceeb707412f1139375\2\maskinfo\13666667","149","2026-06-17 오전 1:22:05"
"C:\Users\user\AppData\Local\CapCut Drafts\0617\matting\2d99daf14acd02ceeb707412f1139375\2\maskinfo\1366667","152","2026-06-17 오전 1:21:51"
"C:\Users\user\AppData\Local\CapCut Drafts\0617\matting\2d99daf14acd02ceeb707412f1139375\2\maskinfo\13700000","129","2026-06-17 오전 1:22:05"
"C:\Users\user\AppData\Local\CapCut Drafts\0617\matting\2d99daf14acd02ceeb707412f1139375\2\maskinfo\13733333","153","2026-06-17 오전 1:22:05"
"C:\Users\user\AppData\Local\CapCut Drafts\0617\matting\2d99daf14acd02ceeb707412f1139375\2\maskinfo\13766667","154","2026-06-17 오전 1:22:05"
"C:\Users\user\AppData\Local\CapCut Drafts\0617\matting\2d99daf14acd02ceeb707412f1139375\2\maskinfo\13800000","153","2026-06-17 오전 1:22:05"
"C:\Users\user\AppData\Local\CapCut Drafts\0617\matting\2d99daf14acd02ceeb707412f1139375\2\maskinfo\13833333","144","2026-06-17 오전 1:22:05"
"C:\Users\user\AppData\Local\CapCut Drafts\0617\matting\2d99daf14acd02ceeb707412f1139375\2\maskinfo\13866667","144","2026-06-17 오전 1:22:05"
"C:\Users\user\AppData\Local\CapCut Drafts\0617\matting\2d99daf14acd02ceeb707412f1139375\2\maskinfo\13900000","154","2026-06-17 오전 1:22:05"
"C:\Users\user\AppData\Local\CapCut Drafts\0617\matting\2d99daf14acd02ceeb707412f1139375\2\maskinfo\13933333","154","2026-06-17 오전 1:22:06"
"C:\Users\user\AppData\Local\CapCut Drafts\0617\matting\2d99daf14acd02ceeb707412f1139375\2\maskinfo\13966667","150","2026-06-17 오전 1:22:06"
"C:\Users\user\AppData\Local\CapCut Drafts\0617\matting\2d99daf14acd02ceeb707412f1139375\2\maskinfo\1400000","153","2026-06-17 오전 1:21:51"
"C:\Users\user\AppData\Local\CapCut Drafts\0617\matting\2d99daf14acd02ceeb707412f1139375\2\maskinfo\14000000","140","2026-06-17 오전 1:22:06"
"C:\Users\user\AppData\Local\CapCut Drafts\0617\matting\2d99daf14acd02ceeb707412f1139375\2\maskinfo\14033333","154","2026-06-17 오전 1:22:06"
"C:\Users\user\AppData\Local\CapCut Drafts\0617\matting\2d99daf14acd02ceeb707412f1139375\2\maskinfo\14066667","153","2026-06-17 오전 1:22:06"
"C:\Users\user\AppData\Local\CapCut Drafts\0617\matting\2d99daf14acd02ceeb707412f1139375\2\maskinfo\14100000","143","2026-06-17 오전 1:22:06"
"C:\Users\user\AppData\Local\CapCut Drafts\0617\matting\2d99daf14acd02ceeb707412f1139375\2\maskinfo\14133333","154","2026-06-17 오전 1:22:06"
"C:\Users\user\AppData\Local\CapCut Drafts\0617\matting\2d99daf14acd02ceeb707412f1139375\2\maskinfo\14166667","153","2026-06-17 오전 1:22:06"
"C:\Users\user\AppData\Local\CapCut Drafts\0617\matting\2d99daf14acd02ceeb707412f1139375\2\maskinfo\14200000","110","2026-06-17 오전 1:22:06"
"C:\Users\user\AppData\Local\CapCut Drafts\0617\matting\2d99daf14acd02ceeb707412f1139375\2\maskinfo\14233333","110","2026-06-17 오전 1:22:06"
"C:\Users\user\AppData\Local\CapCut Drafts\0617\matting\2d99daf14acd02ceeb707412f1139375\2\maskinfo\14266667","110","2026-06-17 오전 1:22:06"
"C:\Users\user\AppData\Local\CapCut Drafts\0617\matting\2d99daf14acd02ceeb707412f1139375\2\maskinfo\14300000","110","2026-06-17 오전 1:22:06"
"C:\Users\user\AppData\Local\CapCut Drafts\0617\matting\2d99daf14acd02ceeb707412f1139375\2\maskinfo\1433333","152","2026-06-17 오전 1:21:51"
"C:\Users\user\AppData\Local\CapCut Drafts\0617\matting\2d99daf14acd02ceeb707412f1139375\2\maskinfo\14333333","110","2026-06-17 오전 1:22:06"
"C:\Users\user\AppData\Local\CapCut Drafts\0617\matting\2d99daf14acd02ceeb707412f1139375\2\maskinfo\14366667","110","2026-06-17 오전 1:22:06"
"C:\Users\user\AppData\Local\CapCut Drafts\0617\matting\2d99daf14acd02ceeb707412f1139375\2\maskinfo\14400000","110","2026-06-17 오전 1:22:06"
"C:\Users\user\AppData\Local\CapCut Drafts\0617\matting\2d99daf14acd02ceeb707412f1139375\2\maskinfo\14433333","128","2026-06-17 오전 1:22:06"
"C:\Users\user\AppData\Local\CapCut Drafts\0617\matting\2d99daf14acd02ceeb707412f1139375\2\maskinfo\14466667","123","2026-06-17 오전 1:22:06"
"C:\Users\user\AppData\Local\CapCut Drafts\0617\matting\2d99daf14acd02ceeb707412f1139375\2\maskinfo\14500000","137","2026-06-17 오전 1:22:06"
"C:\Users\user\AppData\Local\CapCut Drafts\0617\matting\2d99daf14acd02ceeb707412f1139375\2\maskinfo\14533333","119","2026-06-17 오전 1:22:06"
"C:\Users\user\AppData\Local\CapCut Drafts\0617\matting\2d99daf14acd02ceeb707412f1139375\2\maskinfo\14566667","137","2026-06-17 오전 1:22:06"
"C:\Users\user\AppData\Local\CapCut Drafts\0617\matting\2d99daf14acd02ceeb707412f1139375\2\maskinfo\14600000","132","2026-06-17 오전 1:22:06"
"C:\Users\user\AppData\Local\CapCut Drafts\0617\matting\2d99daf14acd02ceeb707412f1139375\2\maskinfo\14633333","136","2026-06-17 오전 1:22:06"
"C:\Users\user\AppData\Local\CapCut Drafts\0617\matting\2d99daf14acd02ceeb707412f1139375\2\maskinfo\14666667","137","2026-06-17 오전 1:22:06"
"C:\Users\user\AppData\Local\CapCut Drafts\0617\matting\2d99daf14acd02ceeb707412f1139375\2\maskinfo\1466667","151","2026-06-17 오전 1:21:51"
"C:\Users\user\AppData\Local\CapCut Drafts\0617\matting\2d99daf14acd02ceeb707412f1139375\2\maskinfo\14700000","136","2026-06-17 오전 1:22:06"
"C:\Users\user\AppData\Local\CapCut Drafts\0617\matting\2d99daf14acd02ceeb707412f1139375\2\maskinfo\14733333","137","2026-06-17 오전 1:22:06"
"C:\Users\user\AppData\Local\CapCut Drafts\0617\matting\2d99daf14acd02ceeb707412f1139375\2\maskinfo\14766667","137","2026-06-17 오전 1:22:06"
"C:\Users\user\AppData\Local\CapCut Drafts\0617\matting\2d99daf14acd02ceeb707412f1139375\2\maskinfo\14800000","137","2026-06-17 오전 1:22:07"
"C:\Users\user\AppData\Local\CapCut Drafts\0617\matting\2d99daf14acd02ceeb707412f1139375\2\maskinfo\14833333","137","2026-06-17 오전 1:22:07"
"C:\Users\user\AppData\Local\CapCut Drafts\0617\matting\2d99daf14acd02ceeb707412f1139375\2\maskinfo\14866667","137","2026-06-17 오전 1:22:07"
"C:\Users\user\AppData\Local\CapCut Drafts\0617\matting\2d99daf14acd02ceeb707412f1139375\2\maskinfo\14900000","128","2026-06-17 오전 1:22:07"
"C:\Users\user\AppData\Local\CapCut Drafts\0617\matting\2d99daf14acd02ceeb707412f1139375\2\maskinfo\14933333","136","2026-06-17 오전 1:22:07"
"C:\Users\user\AppData\Local\CapCut Drafts\0617\matting\2d99daf14acd02ceeb707412f1139375\2\maskinfo\14966667","128","2026-06-17 오전 1:22:07"
"C:\Users\user\AppData\Local\CapCut Drafts\0617\matting\2d99daf14acd02ceeb707412f1139375\2\maskinfo\1500000","142","2026-06-17 오전 1:21:51"
"C:\Users\user\AppData\Local\CapCut Drafts\0617\matting\2d99daf14acd02ceeb707412f1139375\2\maskinfo\15000000","137","2026-06-17 오전 1:22:07"
"C:\Users\user\AppData\Local\CapCut Drafts\0617\matting\2d99daf14acd02ceeb707412f1139375\2\maskinfo\15033333","126","2026-06-17 오전 1:22:07"
"C:\Users\user\AppData\Local\CapCut Drafts\0617\matting\2d99daf14acd02ceeb707412f1139375\2\maskinfo\15066667","137","2026-06-17 오전 1:22:07"
"C:\Users\user\AppData\Local\CapCut Drafts\0617\matting\2d99daf14acd02ceeb707412f1139375\2\maskinfo\15100000","117","2026-06-17 오전 1:22:07"
"C:\Users\user\AppData\Local\CapCut Drafts\0617\matting\2d99daf14acd02ceeb707412f1139375\2\maskinfo\15133333","137","2026-06-17 오전 1:22:07"
"C:\Users\user\AppData\Local\CapCut Drafts\0617\matting\2d99daf14acd02ceeb707412f1139375\2\maskinfo\15166667","117","2026-06-17 오전 1:22:07"
"C:\Users\user\AppData\Local\CapCut Drafts\0617\matting\2d99daf14acd02ceeb707412f1139375\2\maskinfo\15200000","136","2026-06-17 오전 1:22:07"
"C:\Users\user\AppData\Local\CapCut Drafts\0617\matting\2d99daf14acd02ceeb707412f1139375\2\maskinfo\15233333","136","2026-06-17 오전 1:22:07"
"C:\Users\user\AppData\Local\CapCut Drafts\0617\matting\2d99daf14acd02ceeb707412f1139375\2\maskinfo\15266667","128","2026-06-17 오전 1:22:07"
"C:\Users\user\AppData\Local\CapCut Drafts\0617\matting\2d99daf14acd02ceeb707412f1139375\2\maskinfo\15300000","132","2026-06-17 오전 1:22:07"
"C:\Users\user\AppData\Local\CapCut Drafts\0617\matting\2d99daf14acd02ceeb707412f1139375\2\maskinfo\1533333","153","2026-06-17 오전 1:21:51"
"C:\Users\user\AppData\Local\CapCut Drafts\0617\matting\2d99daf14acd02ceeb707412f1139375\2\maskinfo\15333333","137","2026-06-17 오전 1:22:07"
"C:\Users\user\AppData\Local\CapCut Drafts\0617\matting\2d99daf14acd02ceeb707412f1139375\2\maskinfo\15366667","136","2026-06-17 오전 1:22:07"
"C:\Users\user\AppData\Local\CapCut Drafts\0617\matting\2d99daf14acd02ceeb707412f1139375\2\maskinfo\15400000","154","2026-06-17 오전 1:22:07"
"C:\Users\user\AppData\Local\CapCut Drafts\0617\matting\2d99daf14acd02ceeb707412f1139375\2\maskinfo\15433333","138","2026-06-17 오전 1:22:07"
"C:\Users\user\AppData\Local\CapCut Drafts\0617\matting\2d99daf14acd02ceeb707412f1139375\2\maskinfo\15466667","152","2026-06-17 오전 1:22:07"
"C:\Users\user\AppData\Local\CapCut Drafts\0617\matting\2d99daf14acd02ceeb707412f1139375\2\maskinfo\15500000","140","2026-06-17 오전 1:22:07"
"C:\Users\user\AppData\Local\CapCut Drafts\0617\matting\2d99daf14acd02ceeb707412f1139375\2\maskinfo\15533333","153","2026-06-17 오전 1:22:07"
"C:\Users\user\AppData\Local\CapCut Drafts\0617\matting\2d99daf14acd02ceeb707412f1139375\2\maskinfo\15566667","142","2026-06-17 오전 1:22:07"
"C:\Users\user\AppData\Local\CapCut Drafts\0617\matting\2d99daf14acd02ceeb707412f1139375\2\maskinfo\15600000","153","2026-06-17 오전 1:22:07"
"C:\Users\user\AppData\Local\CapCut Drafts\0617\matting\2d99daf14acd02ceeb707412f1139375\2\maskinfo\15633333","153","2026-06-17 오전 1:22:08"
"C:\Users\user\AppData\Local\CapCut Drafts\0617\matting\2d99daf14acd02ceeb707412f1139375\2\maskinfo\15666667","152","2026-06-17 오전 1:22:08"
"C:\Users\user\AppData\Local\CapCut Drafts\0617\matting\2d99daf14acd02ceeb707412f1139375\2\maskinfo\1566667","140","2026-06-17 오전 1:21:51"
"C:\Users\user\AppData\Local\CapCut Drafts\0617\matting\2d99daf14acd02ceeb707412f1139375\2\maskinfo\15700000","154","2026-06-17 오전 1:22:08"
"C:\Users\user\AppData\Local\CapCut Drafts\0617\matting\2d99daf14acd02ceeb707412f1139375\2\maskinfo\15733333","152","2026-06-17 오전 1:22:08"
"C:\Users\user\AppData\Local\CapCut Drafts\0617\matting\2d99daf14acd02ceeb707412f1139375\2\maskinfo\15766667","154","2026-06-17 오전 1:22:08"
"C:\Users\user\AppData\Local\CapCut Drafts\0617\matting\2d99daf14acd02ceeb707412f1139375\2\maskinfo\15800000","154","2026-06-17 오전 1:22:08"
"C:\Users\user\AppData\Local\CapCut Drafts\0617\matting\2d99daf14acd02ceeb707412f1139375\2\maskinfo\15833333","153","2026-06-17 오전 1:22:08"
"C:\Users\user\AppData\Local\CapCut Drafts\0617\matting\2d99daf14acd02ceeb707412f1139375\2\maskinfo\15866667","140","2026-06-17 오전 1:22:08"
"C:\Users\user\AppData\Local\CapCut Drafts\0617\matting\2d99daf14acd02ceeb707412f1139375\2\maskinfo\15900000","154","2026-06-17 오전 1:22:08"
"C:\Users\user\AppData\Local\CapCut Drafts\0617\matting\2d99daf14acd02ceeb707412f1139375\2\maskinfo\15933333","152","2026-06-17 오전 1:22:08"
"C:\Users\user\AppData\Local\CapCut Drafts\0617\matting\2d99daf14acd02ceeb707412f1139375\2\maskinfo\15966667","143","2026-06-17 오전 1:22:08"
"C:\Users\user\AppData\Local\CapCut Drafts\0617\matting\2d99daf14acd02ceeb707412f1139375\2\maskinfo\1600000","153","2026-06-17 오전 1:21:51"
"C:\Users\user\AppData\Local\CapCut Drafts\0617\matting\2d99daf14acd02ceeb707412f1139375\2\maskinfo\16000000","142","2026-06-17 오전 1:22:08"
"C:\Users\user\AppData\Local\CapCut Drafts\0617\matting\2d99daf14acd02ceeb707412f1139375\2\maskinfo\16033333","154","2026-06-17 오전 1:22:08"
"C:\Users\user\AppData\Local\CapCut Drafts\0617\matting\2d99daf14acd02ceeb707412f1139375\2\maskinfo\16066667","140","2026-06-17 오전 1:22:08"
"C:\Users\user\AppData\Local\CapCut Drafts\0617\matting\2d99daf14acd02ceeb707412f1139375\2\maskinfo\16100000","154","2026-06-17 오전 1:22:08"
"C:\Users\user\AppData\Local\CapCut Drafts\0617\matting\2d99daf14acd02ceeb707412f1139375\2\maskinfo\16133333","153","2026-06-17 오전 1:22:08"
"C:\Users\user\AppData\Local\CapCut Drafts\0617\matting\2d99daf14acd02ceeb707412f1139375\2\maskinfo\16166667","144","2026-06-17 오전 1:22:08"
"C:\Users\user\AppData\Local\CapCut Drafts\0617\matting\2d99daf14acd02ceeb707412f1139375\2\maskinfo\16200000","155","2026-06-17 오전 1:22:08"
"C:\Users\user\AppData\Local\CapCut Drafts\0617\matting\2d99daf14acd02ceeb707412f1139375\2\maskinfo\16233333","152","2026-06-17 오전 1:22:08"
"C:\Users\user\AppData\Local\CapCut Drafts\0617\matting\2d99daf14acd02ceeb707412f1139375\2\maskinfo\16266667","139","2026-06-17 오전 1:22:08"
"C:\Users\user\AppData\Local\CapCut Drafts\0617\matting\2d99daf14acd02ceeb707412f1139375\2\maskinfo\16300000","154","2026-06-17 오전 1:22:08"
"C:\Users\user\AppData\Local\CapCut Drafts\0617\matting\2d99daf14acd02ceeb707412f1139375\2\maskinfo\1633333","143","2026-06-17 오전 1:21:51"
"C:\Users\user\AppData\Local\CapCut Drafts\0617\matting\2d99daf14acd02ceeb707412f1139375\2\maskinfo\16333333","141","2026-06-17 오전 1:22:08"
"C:\Users\user\AppData\Local\CapCut Drafts\0617\matting\2d99daf14acd02ceeb707412f1139375\2\maskinfo\16366667","152","2026-06-17 오전 1:22:08"
"C:\Users\user\AppData\Local\CapCut Drafts\0617\matting\2d99daf14acd02ceeb707412f1139375\2\maskinfo\16400000","140","2026-06-17 오전 1:22:08"
"C:\Users\user\AppData\Local\CapCut Drafts\0617\matting\2d99daf14acd02ceeb707412f1139375\2\maskinfo\16433333","152","2026-06-17 오전 1:22:08"
"C:\Users\user\AppData\Local\CapCut Drafts\0617\matting\2d99daf14acd02ceeb707412f1139375\2\maskinfo\16466667","144","2026-06-17 오전 1:22:09"
"C:\Users\user\AppData\Local\CapCut Drafts\0617\matting\2d99daf14acd02ceeb707412f1139375\2\maskinfo\16500000","140","2026-06-17 오전 1:22:09"
"C:\Users\user\AppData\Local\CapCut Drafts\0617\matting\2d99daf14acd02ceeb707412f1139375\2\maskinfo\16533333","154","2026-06-17 오전 1:22:09"
"C:\Users\user\AppData\Local\CapCut Drafts\0617\matting\2d99daf14acd02ceeb707412f1139375\2\maskinfo\16566667","153","2026-06-17 오전 1:22:09"
"C:\Users\user\AppData\Local\CapCut Drafts\0617\matting\2d99daf14acd02ceeb707412f1139375\2\maskinfo\16600000","152","2026-06-17 오전 1:22:09"
"C:\Users\user\AppData\Local\CapCut Drafts\0617\matting\2d99daf14acd02ceeb707412f1139375\2\maskinfo\16633333","151","2026-06-17 오전 1:22:09"
"C:\Users\user\AppData\Local\CapCut Drafts\0617\matting\2d99daf14acd02ceeb707412f1139375\2\maskinfo\16666667","155","2026-06-17 오전 1:22:09"
"C:\Users\user\AppData\Local\CapCut Drafts\0617\matting\2d99daf14acd02ceeb707412f1139375\2\maskinfo\1666667","136","2026-06-17 오전 1:21:51"
"C:\Users\user\AppData\Local\CapCut Drafts\0617\matting\2d99daf14acd02ceeb707412f1139375\2\maskinfo\166667","141","2026-06-17 오전 1:21:49"
"C:\Users\user\AppData\Local\CapCut Drafts\0617\matting\2d99daf14acd02ceeb707412f1139375\2\maskinfo\16700000","152","2026-06-17 오전 1:22:09"
"C:\Users\user\AppData\Local\CapCut Drafts\0617\matting\2d99daf14acd02ceeb707412f1139375\2\maskinfo\16733333","153","2026-06-17 오전 1:22:09"
"C:\Users\user\AppData\Local\CapCut Drafts\0617\matting\2d99daf14acd02ceeb707412f1139375\2\maskinfo\16766667","142","2026-06-17 오전 1:22:09"
"C:\Users\user\AppData\Local\CapCut Drafts\0617\matting\2d99daf14acd02ceeb707412f1139375\2\maskinfo\16800000","152","2026-06-17 오전 1:22:09"
"C:\Users\user\AppData\Local\CapCut Drafts\0617\matting\2d99daf14acd02ceeb707412f1139375\2\maskinfo\16833333","150","2026-06-17 오전 1:22:09"
"C:\Users\user\AppData\Local\CapCut Drafts\0617\matting\2d99daf14acd02ceeb707412f1139375\2\maskinfo\16866667","154","2026-06-17 오전 1:22:09"
"C:\Users\user\AppData\Local\CapCut Drafts\0617\matting\2d99daf14acd02ceeb707412f1139375\2\maskinfo\16900000","150","2026-06-17 오전 1:22:09"
"C:\Users\user\AppData\Local\CapCut Drafts\0617\matting\2d99daf14acd02ceeb707412f1139375\2\maskinfo\16933333","154","2026-06-17 오전 1:22:09"
"C:\Users\user\AppData\Local\CapCut Drafts\0617\matting\2d99daf14acd02ceeb707412f1139375\2\maskinfo\16966667","141","2026-06-17 오전 1:22:09"
"C:\Users\user\AppData\Local\CapCut Drafts\0617\matting\2d99daf14acd02ceeb707412f1139375\2\maskinfo\1700000","137","2026-06-17 오전 1:21:51"
"C:\Users\user\AppData\Local\CapCut Drafts\0617\matting\2d99daf14acd02ceeb707412f1139375\2\maskinfo\17000000","150","2026-06-17 오전 1:22:09"
"C:\Users\user\AppData\Local\CapCut Drafts\0617\matting\2d99daf14acd02ceeb707412f1139375\2\maskinfo\17033333","152","2026-06-17 오전 1:22:09"
"C:\Users\user\AppData\Local\CapCut Drafts\0617\matting\2d99daf14acd02ceeb707412f1139375\2\maskinfo\17066667","154","2026-06-17 오전 1:22:09"
"C:\Users\user\AppData\Local\CapCut Drafts\0617\matting\2d99daf14acd02ceeb707412f1139375\2\maskinfo\17100000","153","2026-06-17 오전 1:22:09"
"C:\Users\user\AppData\Local\CapCut Drafts\0617\matting\2d99daf14acd02ceeb707412f1139375\2\maskinfo\17133333","142","2026-06-17 오전 1:22:09"
"C:\Users\user\AppData\Local\CapCut Drafts\0617\matting\2d99daf14acd02ceeb707412f1139375\2\maskinfo\17166667","142","2026-06-17 오전 1:22:09"
"C:\Users\user\AppData\Local\CapCut Drafts\0617\matting\2d99daf14acd02ceeb707412f1139375\2\maskinfo\17200000","150","2026-06-17 오전 1:22:09"
"C:\Users\user\AppData\Local\CapCut Drafts\0617\matting\2d99daf14acd02ceeb707412f1139375\2\maskinfo\17233333","153","2026-06-17 오전 1:22:09"
"C:\Users\user\AppData\Local\CapCut Drafts\0617\matting\2d99daf14acd02ceeb707412f1139375\2\maskinfo\17266667","153","2026-06-17 오전 1:22:09"
"C:\Users\user\AppData\Local\CapCut Drafts\0617\matting\2d99daf14acd02ceeb707412f1139375\2\maskinfo\17300000","148","2026-06-17 오전 1:22:10"
"C:\Users\user\AppData\Local\CapCut Drafts\0617\matting\2d99daf14acd02ceeb707412f1139375\2\maskinfo\1733333","137","2026-06-17 오전 1:21:51"
"C:\Users\user\AppData\Local\CapCut Drafts\0617\matting\2d99daf14acd02ceeb707412f1139375\2\maskinfo\17333333","151","2026-06-17 오전 1:22:10"
"C:\Users\user\AppData\Local\CapCut Drafts\0617\matting\2d99daf14acd02ceeb707412f1139375\2\maskinfo\17366667","154","2026-06-17 오전 1:22:10"
"C:\Users\user\AppData\Local\CapCut Drafts\0617\matting\2d99daf14acd02ceeb707412f1139375\2\maskinfo\17400000","152","2026-06-17 오전 1:22:10"
"C:\Users\user\AppData\Local\CapCut Drafts\0617\matting\2d99daf14acd02ceeb707412f1139375\2\maskinfo\17433333","153","2026-06-17 오전 1:22:10"
"C:\Users\user\AppData\Local\CapCut Drafts\0617\matting\2d99daf14acd02ceeb707412f1139375\2\maskinfo\17466667","154","2026-06-17 오전 1:22:10"
"C:\Users\user\AppData\Local\CapCut Drafts\0617\matting\2d99daf14acd02ceeb707412f1139375\2\maskinfo\17500000","141","2026-06-17 오전 1:22:10"
"C:\Users\user\AppData\Local\CapCut Drafts\0617\matting\2d99daf14acd02ceeb707412f1139375\2\maskinfo\17533333","152","2026-06-17 오전 1:22:10"
"C:\Users\user\AppData\Local\CapCut Drafts\0617\matting\2d99daf14acd02ceeb707412f1139375\2\maskinfo\17566667","148","2026-06-17 오전 1:22:10"
"C:\Users\user\AppData\Local\CapCut Drafts\0617\matting\2d99daf14acd02ceeb707412f1139375\2\maskinfo\17600000","163","2026-06-17 오전 1:22:10"
"C:\Users\user\AppData\Local\CapCut Drafts\0617\matting\2d99daf14acd02ceeb707412f1139375\2\maskinfo\17633333","160","2026-06-17 오전 1:22:10"
"C:\Users\user\AppData\Local\CapCut Drafts\0617\matting\2d99daf14acd02ceeb707412f1139375\2\maskinfo\17666667","110","2026-06-17 오전 1:22:10"
"C:\Users\user\AppData\Local\CapCut Drafts\0617\matting\2d99daf14acd02ceeb707412f1139375\2\maskinfo\1766667","124","2026-06-17 오전 1:21:51"
"C:\Users\user\AppData\Local\CapCut Drafts\0617\matting\2d99daf14acd02ceeb707412f1139375\2\maskinfo\17700000","153","2026-06-17 오전 1:22:10"
"C:\Users\user\AppData\Local\CapCut Drafts\0617\matting\2d99daf14acd02ceeb707412f1139375\2\maskinfo\17733333","160","2026-06-17 오전 1:22:10"
"C:\Users\user\AppData\Local\CapCut Drafts\0617\matting\2d99daf14acd02ceeb707412f1139375\2\maskinfo\17766667","161","2026-06-17 오전 1:22:10"
"C:\Users\user\AppData\Local\CapCut Drafts\0617\matting\2d99daf14acd02ceeb707412f1139375\2\maskinfo\17800000","162","2026-06-17 오전 1:22:10"
"C:\Users\user\AppData\Local\CapCut Drafts\0617\matting\2d99daf14acd02ceeb707412f1139375\2\maskinfo\17833333","110","2026-06-17 오전 1:22:10"
"C:\Users\user\AppData\Local\CapCut Drafts\0617\matting\2d99daf14acd02ceeb707412f1139375\2\maskinfo\1800000","135","2026-06-17 오전 1:21:51"
"C:\Users\user\AppData\Local\CapCut Drafts\0617\matting\2d99daf14acd02ceeb707412f1139375\2\maskinfo\1833333","136","2026-06-17 오전 1:21:51"
"C:\Users\user\AppData\Local\CapCut Drafts\0617\matting\2d99daf14acd02ceeb707412f1139375\2\maskinfo\1866667","138","2026-06-17 오전 1:21:51"
"C:\Users\user\AppData\Local\CapCut Drafts\0617\matting\2d99daf14acd02ceeb707412f1139375\2\maskinfo\1900000","138","2026-06-17 오전 1:21:51"
"C:\Users\user\AppData\Local\CapCut Drafts\0617\matting\2d99daf14acd02ceeb707412f1139375\2\maskinfo\1933333","136","2026-06-17 오전 1:21:51"
"C:\Users\user\AppData\Local\CapCut Drafts\0617\matting\2d99daf14acd02ceeb707412f1139375\2\maskinfo\1966667","139","2026-06-17 오전 1:21:51"
"C:\Users\user\AppData\Local\CapCut Drafts\0617\matting\2d99daf14acd02ceeb707412f1139375\2\maskinfo\200000","152","2026-06-17 오전 1:21:49"
"C:\Users\user\AppData\Local\CapCut Drafts\0617\matting\2d99daf14acd02ceeb707412f1139375\2\maskinfo\2000000","119","2026-06-17 오전 1:21:51"
"C:\Users\user\AppData\Local\CapCut Drafts\0617\matting\2d99daf14acd02ceeb707412f1139375\2\maskinfo\2033333","119","2026-06-17 오전 1:21:51"
"C:\Users\user\AppData\Local\CapCut Drafts\0617\matting\2d99daf14acd02ceeb707412f1139375\2\maskinfo\2066667","119","2026-06-17 오전 1:21:52"
"C:\Users\user\AppData\Local\CapCut Drafts\0617\matting\2d99daf14acd02ceeb707412f1139375\2\maskinfo\2100000","117","2026-06-17 오전 1:21:52"
"C:\Users\user\AppData\Local\CapCut Drafts\0617\matting\2d99daf14acd02ceeb707412f1139375\2\maskinfo\2133333","136","2026-06-17 오전 1:21:52"
"C:\Users\user\AppData\Local\CapCut Drafts\0617\matting\2d99daf14acd02ceeb707412f1139375\2\maskinfo\2166667","136","2026-06-17 오전 1:21:52"
"C:\Users\user\AppData\Local\CapCut Drafts\0617\matting\2d99daf14acd02ceeb707412f1139375\2\maskinfo\2200000","126","2026-06-17 오전 1:21:52"
"C:\Users\user\AppData\Local\CapCut Drafts\0617\matting\2d99daf14acd02ceeb707412f1139375\2\maskinfo\2233333","136","2026-06-17 오전 1:21:52"
"C:\Users\user\AppData\Local\CapCut Drafts\0617\matting\2d99daf14acd02ceeb707412f1139375\2\maskinfo\2266667","137","2026-06-17 오전 1:21:52"
"C:\Users\user\AppData\Local\CapCut Drafts\0617\matting\2d99daf14acd02ceeb707412f1139375\2\maskinfo\2300000","126","2026-06-17 오전 1:21:52"
"C:\Users\user\AppData\Local\CapCut Drafts\0617\matting\2d99daf14acd02ceeb707412f1139375\2\maskinfo\233333","152","2026-06-17 오전 1:21:49"
"C:\Users\user\AppData\Local\CapCut Drafts\0617\matting\2d99daf14acd02ceeb707412f1139375\2\maskinfo\2333333","137","2026-06-17 오전 1:21:52"
"C:\Users\user\AppData\Local\CapCut Drafts\0617\matting\2d99daf14acd02ceeb707412f1139375\2\maskinfo\2366667","135","2026-06-17 오전 1:21:52"
"C:\Users\user\AppData\Local\CapCut Drafts\0617\matting\2d99daf14acd02ceeb707412f1139375\2\maskinfo\2400000","135","2026-06-17 오전 1:21:52"
"C:\Users\user\AppData\Local\CapCut Drafts\0617\matting\2d99daf14acd02ceeb707412f1139375\2\maskinfo\2433333","136","2026-06-17 오전 1:21:52"
"C:\Users\user\AppData\Local\CapCut Drafts\0617\matting\2d99daf14acd02ceeb707412f1139375\2\maskinfo\2466667","134","2026-06-17 오전 1:21:52"
"C:\Users\user\AppData\Local\CapCut Drafts\0617\matting\2d99daf14acd02ceeb707412f1139375\2\maskinfo\2500000","147","2026-06-17 오전 1:21:52"
"C:\Users\user\AppData\Local\CapCut Drafts\0617\matting\2d99daf14acd02ceeb707412f1139375\2\maskinfo\2533333","154","2026-06-17 오전 1:21:52"
"C:\Users\user\AppData\Local\CapCut Drafts\0617\matting\2d99daf14acd02ceeb707412f1139375\2\maskinfo\2566667","153","2026-06-17 오전 1:21:52"
"C:\Users\user\AppData\Local\CapCut Drafts\0617\matting\2d99daf14acd02ceeb707412f1139375\2\maskinfo\2600000","154","2026-06-17 오전 1:21:52"
"C:\Users\user\AppData\Local\CapCut Drafts\0617\matting\2d99daf14acd02ceeb707412f1139375\2\maskinfo\2633333","154","2026-06-17 오전 1:21:52"
"C:\Users\user\AppData\Local\CapCut Drafts\0617\matting\2d99daf14acd02ceeb707412f1139375\2\maskinfo\2666667","141","2026-06-17 오전 1:21:52"
"C:\Users\user\AppData\Local\CapCut Drafts\0617\matting\2d99daf14acd02ceeb707412f1139375\2\maskinfo\266667","151","2026-06-17 오전 1:21:49"
"C:\Users\user\AppData\Local\CapCut Drafts\0617\matting\2d99daf14acd02ceeb707412f1139375\2\maskinfo\2700000","155","2026-06-17 오전 1:21:52"
"C:\Users\user\AppData\Local\CapCut Drafts\0617\matting\2d99daf14acd02ceeb707412f1139375\2\maskinfo\2733333","153","2026-06-17 오전 1:21:52"
"C:\Users\user\AppData\Local\CapCut Drafts\0617\matting\2d99daf14acd02ceeb707412f1139375\2\maskinfo\2766667","152","2026-06-17 오전 1:21:52"
"C:\Users\user\AppData\Local\CapCut Drafts\0617\matting\2d99daf14acd02ceeb707412f1139375\2\maskinfo\2800000","153","2026-06-17 오전 1:21:52"
"C:\Users\user\AppData\Local\CapCut Drafts\0617\matting\2d99daf14acd02ceeb707412f1139375\2\maskinfo\2833333","155","2026-06-17 오전 1:21:52"
"C:\Users\user\AppData\Local\CapCut Drafts\0617\matting\2d99daf14acd02ceeb707412f1139375\2\maskinfo\2866667","152","2026-06-17 오전 1:21:52"
"C:\Users\user\AppData\Local\CapCut Drafts\0617\matting\2d99daf14acd02ceeb707412f1139375\2\maskinfo\2900000","144","2026-06-17 오전 1:21:52"
"C:\Users\user\AppData\Local\CapCut Drafts\0617\matting\2d99daf14acd02ceeb707412f1139375\2\maskinfo\2933333","155","2026-06-17 오전 1:21:53"
"C:\Users\user\AppData\Local\CapCut Drafts\0617\matting\2d99daf14acd02ceeb707412f1139375\2\maskinfo\2966667","151","2026-06-17 오전 1:21:53"
"C:\Users\user\AppData\Local\CapCut Drafts\0617\matting\2d99daf14acd02ceeb707412f1139375\2\maskinfo\300000","154","2026-06-17 오전 1:21:49"
"C:\Users\user\AppData\Local\CapCut Drafts\0617\matting\2d99daf14acd02ceeb707412f1139375\2\maskinfo\3000000","142","2026-06-17 오전 1:21:53"
"C:\Users\user\AppData\Local\CapCut Drafts\0617\matting\2d99daf14acd02ceeb707412f1139375\2\maskinfo\3033333","153","2026-06-17 오전 1:21:53"
"C:\Users\user\AppData\Local\CapCut Drafts\0617\matting\2d99daf14acd02ceeb707412f1139375\2\maskinfo\3066667","153","2026-06-17 오전 1:21:53"
"C:\Users\user\AppData\Local\CapCut Drafts\0617\matting\2d99daf14acd02ceeb707412f1139375\2\maskinfo\3100000","152","2026-06-17 오전 1:21:53"
"C:\Users\user\AppData\Local\CapCut Drafts\0617\matting\2d99daf14acd02ceeb707412f1139375\2\maskinfo\3133333","154","2026-06-17 오전 1:21:53"
"C:\Users\user\AppData\Local\CapCut Drafts\0617\matting\2d99daf14acd02ceeb707412f1139375\2\maskinfo\3166667","155","2026-06-17 오전 1:21:53"
"C:\Users\user\AppData\Local\CapCut Drafts\0617\matting\2d99daf14acd02ceeb707412f1139375\2\maskinfo\3200000","155","2026-06-17 오전 1:21:53"
"C:\Users\user\AppData\Local\CapCut Drafts\0617\matting\2d99daf14acd02ceeb707412f1139375\2\maskinfo\3233333","154","2026-06-17 오전 1:21:53"
"C:\Users\user\AppData\Local\CapCut Drafts\0617\matting\2d99daf14acd02ceeb707412f1139375\2\maskinfo\3266667","154","2026-06-17 오전 1:21:53"
"C:\Users\user\AppData\Local\CapCut Drafts\0617\matting\2d99daf14acd02ceeb707412f1139375\2\maskinfo\3300000","153","2026-06-17 오전 1:21:53"
"C:\Users\user\AppData\Local\CapCut Drafts\0617\matting\2d99daf14acd02ceeb707412f1139375\2\maskinfo\33333","143","2026-06-17 오전 1:21:49"
"C:\Users\user\AppData\Local\CapCut Drafts\0617\matting\2d99daf14acd02ceeb707412f1139375\2\maskinfo\333333","153","2026-06-17 오전 1:21:49"
"C:\Users\user\AppData\Local\CapCut Drafts\0617\matting\2d99daf14acd02ceeb707412f1139375\2\maskinfo\3333333","154","2026-06-17 오전 1:21:53"
"C:\Users\user\AppData\Local\CapCut Drafts\0617\matting\2d99daf14acd02ceeb707412f1139375\2\maskinfo\3366667","154","2026-06-17 오전 1:21:53"
"C:\Users\user\AppData\Local\CapCut Drafts\0617\matting\2d99daf14acd02ceeb707412f1139375\2\maskinfo\3400000","154","2026-06-17 오전 1:21:53"
"C:\Users\user\AppData\Local\CapCut Drafts\0617\matting\2d99daf14acd02ceeb707412f1139375\2\maskinfo\3433333","152","2026-06-17 오전 1:21:53"
"C:\Users\user\AppData\Local\CapCut Drafts\0617\matting\2d99daf14acd02ceeb707412f1139375\2\maskinfo\3466667","153","2026-06-17 오전 1:21:53"
"C:\Users\user\AppData\Local\CapCut Drafts\0617\matting\2d99daf14acd02ceeb707412f1139375\2\maskinfo\3500000","154","2026-06-17 오전 1:21:53"
"C:\Users\user\AppData\Local\CapCut Drafts\0617\matting\2d99daf14acd02ceeb707412f1139375\2\maskinfo\3533333","151","2026-06-17 오전 1:21:53"
"C:\Users\user\AppData\Local\CapCut Drafts\0617\matting\2d99daf14acd02ceeb707412f1139375\2\maskinfo\3566667","154","2026-06-17 오전 1:21:53"
"C:\Users\user\AppData\Local\CapCut Drafts\0617\matting\2d99daf14acd02ceeb707412f1139375\2\maskinfo\3600000","142","2026-06-17 오전 1:21:53"
"C:\Users\user\AppData\Local\CapCut Drafts\0617\matting\2d99daf14acd02ceeb707412f1139375\2\maskinfo\3633333","154","2026-06-17 오전 1:21:53"
"C:\Users\user\AppData\Local\CapCut Drafts\0617\matting\2d99daf14acd02ceeb707412f1139375\2\maskinfo\3666667","154","2026-06-17 오전 1:21:53"
"C:\Users\user\AppData\Local\CapCut Drafts\0617\matting\2d99daf14acd02ceeb707412f1139375\2\maskinfo\366667","154","2026-06-17 오전 1:21:49"
"C:\Users\user\AppData\Local\CapCut Drafts\0617\matting\2d99daf14acd02ceeb707412f1139375\2\maskinfo\3700000","147","2026-06-17 오전 1:21:53"
"C:\Users\user\AppData\Local\CapCut Drafts\0617\matting\2d99daf14acd02ceeb707412f1139375\2\maskinfo\3733333","154","2026-06-17 오전 1:21:53"
"C:\Users\user\AppData\Local\CapCut Drafts\0617\matting\2d99daf14acd02ceeb707412f1139375\2\maskinfo\3766667","110","2026-06-17 오전 1:21:53"
"C:\Users\user\AppData\Local\CapCut Drafts\0617\matting\2d99daf14acd02ceeb707412f1139375\2\maskinfo\3800000","110","2026-06-17 오전 1:21:54"
"C:\Users\user\AppData\Local\CapCut Drafts\0617\matting\2d99daf14acd02ceeb707412f1139375\2\maskinfo\3833333","110","2026-06-17 오전 1:21:54"
"C:\Users\user\AppData\Local\CapCut Drafts\0617\matting\2d99daf14acd02ceeb707412f1139375\2\maskinfo\3866667","110","2026-06-17 오전 1:21:54"
"C:\Users\user\AppData\Local\CapCut Drafts\0617\matting\2d99daf14acd02ceeb707412f1139375\2\maskinfo\3900000","110","2026-06-17 오전 1:21:54"
"C:\Users\user\AppData\Local\CapCut Drafts\0617\matting\2d99daf14acd02ceeb707412f1139375\2\maskinfo\3933333","162","2026-06-17 오전 1:21:54"
"C:\Users\user\AppData\Local\CapCut Drafts\0617\matting\2d99daf14acd02ceeb707412f1139375\2\maskinfo\3966667","110","2026-06-17 오전 1:21:54"
"C:\Users\user\AppData\Local\CapCut Drafts\0617\matting\2d99daf14acd02ceeb707412f1139375\2\maskinfo\400000","146","2026-06-17 오전 1:21:50"
"C:\Users\user\AppData\Local\CapCut Drafts\0617\matting\2d99daf14acd02ceeb707412f1139375\2\maskinfo\4000000","150","2026-06-17 오전 1:21:54"
"C:\Users\user\AppData\Local\CapCut Drafts\0617\matting\2d99daf14acd02ceeb707412f1139375\2\maskinfo\4033333","161","2026-06-17 오전 1:21:54"
"C:\Users\user\AppData\Local\CapCut Drafts\0617\matting\2d99daf14acd02ceeb707412f1139375\2\maskinfo\4066667","153","2026-06-17 오전 1:21:54"
"C:\Users\user\AppData\Local\CapCut Drafts\0617\matting\2d99daf14acd02ceeb707412f1139375\2\maskinfo\4100000","161","2026-06-17 오전 1:21:54"
"C:\Users\user\AppData\Local\CapCut Drafts\0617\matting\2d99daf14acd02ceeb707412f1139375\2\maskinfo\4133333","157","2026-06-17 오전 1:21:54"
"C:\Users\user\AppData\Local\CapCut Drafts\0617\matting\2d99daf14acd02ceeb707412f1139375\2\maskinfo\4166667","161","2026-06-17 오전 1:21:54"
"C:\Users\user\AppData\Local\CapCut Drafts\0617\matting\2d99daf14acd02ceeb707412f1139375\2\maskinfo\4200000","162","2026-06-17 오전 1:21:54"
"C:\Users\user\AppData\Local\CapCut Drafts\0617\matting\2d99daf14acd02ceeb707412f1139375\2\maskinfo\4233333","149","2026-06-17 오전 1:21:54"
"C:\Users\user\AppData\Local\CapCut Drafts\0617\matting\2d99daf14acd02ceeb707412f1139375\2\maskinfo\4266667","151","2026-06-17 오전 1:21:54"
"C:\Users\user\AppData\Local\CapCut Drafts\0617\matting\2d99daf14acd02ceeb707412f1139375\2\maskinfo\4300000","160","2026-06-17 오전 1:21:54"
"C:\Users\user\AppData\Local\CapCut Drafts\0617\matting\2d99daf14acd02ceeb707412f1139375\2\maskinfo\433333","151","2026-06-17 오전 1:21:50"
"C:\Users\user\AppData\Local\CapCut Drafts\0617\matting\2d99daf14acd02ceeb707412f1139375\2\maskinfo\4333333","162","2026-06-17 오전 1:21:54"
"C:\Users\user\AppData\Local\CapCut Drafts\0617\matting\2d99daf14acd02ceeb707412f1139375\2\maskinfo\4366667","160","2026-06-17 오전 1:21:54"
"C:\Users\user\AppData\Local\CapCut Drafts\0617\matting\2d99daf14acd02ceeb707412f1139375\2\maskinfo\4400000","147","2026-06-17 오전 1:21:54"
"C:\Users\user\AppData\Local\CapCut Drafts\0617\matting\2d99daf14acd02ceeb707412f1139375\2\maskinfo\4433333","160","2026-06-17 오전 1:21:54"
"C:\Users\user\AppData\Local\CapCut Drafts\0617\matting\2d99daf14acd02ceeb707412f1139375\2\maskinfo\4466667","145","2026-06-17 오전 1:21:54"
"C:\Users\user\AppData\Local\CapCut Drafts\0617\matting\2d99daf14acd02ceeb707412f1139375\2\maskinfo\4500000","163","2026-06-17 오전 1:21:54"
"C:\Users\user\AppData\Local\CapCut Drafts\0617\matting\2d99daf14acd02ceeb707412f1139375\2\maskinfo\4533333","157","2026-06-17 오전 1:21:54"
"C:\Users\user\AppData\Local\CapCut Drafts\0617\matting\2d99daf14acd02ceeb707412f1139375\2\maskinfo\4566667","160","2026-06-17 오전 1:21:54"
"C:\Users\user\AppData\Local\CapCut Drafts\0617\matting\2d99daf14acd02ceeb707412f1139375\2\maskinfo\4600000","151","2026-06-17 오전 1:21:54"
"C:\Users\user\AppData\Local\CapCut Drafts\0617\matting\2d99daf14acd02ceeb707412f1139375\2\maskinfo\4633333","141","2026-06-17 오전 1:21:55"
"C:\Users\user\AppData\Local\CapCut Drafts\0617\matting\2d99daf14acd02ceeb707412f1139375\2\maskinfo\4666667","161","2026-06-17 오전 1:21:55"
"C:\Users\user\AppData\Local\CapCut Drafts\0617\matting\2d99daf14acd02ceeb707412f1139375\2\maskinfo\466667","135","2026-06-17 오전 1:21:50"
"C:\Users\user\AppData\Local\CapCut Drafts\0617\matting\2d99daf14acd02ceeb707412f1139375\2\maskinfo\4700000","155","2026-06-17 오전 1:21:55"
"C:\Users\user\AppData\Local\CapCut Drafts\0617\matting\2d99daf14acd02ceeb707412f1139375\2\maskinfo\4733333","141","2026-06-17 오전 1:21:55"
"C:\Users\user\AppData\Local\CapCut Drafts\0617\matting\2d99daf14acd02ceeb707412f1139375\2\maskinfo\4766667","161","2026-06-17 오전 1:21:55"
"C:\Users\user\AppData\Local\CapCut Drafts\0617\matting\2d99daf14acd02ceeb707412f1139375\2\maskinfo\4800000","160","2026-06-17 오전 1:21:55"
"C:\Users\user\AppData\Local\CapCut Drafts\0617\matting\2d99daf14acd02ceeb707412f1139375\2\maskinfo\4833333","152","2026-06-17 오전 1:21:55"
"C:\Users\user\AppData\Local\CapCut Drafts\0617\matting\2d99daf14acd02ceeb707412f1139375\2\maskinfo\4866667","110","2026-06-17 오전 1:21:55"
"C:\Users\user\AppData\Local\CapCut Drafts\0617\matting\2d99daf14acd02ceeb707412f1139375\2\maskinfo\4900000","157","2026-06-17 오전 1:21:55"
"C:\Users\user\AppData\Local\CapCut Drafts\0617\matting\2d99daf14acd02ceeb707412f1139375\2\maskinfo\4933333","110","2026-06-17 오전 1:21:55"
"C:\Users\user\AppData\Local\CapCut Drafts\0617\matting\2d99daf14acd02ceeb707412f1139375\2\maskinfo\4966667","150","2026-06-17 오전 1:21:55"
"C:\Users\user\AppData\Local\CapCut Drafts\0617\matting\2d99daf14acd02ceeb707412f1139375\2\maskinfo\500000","154","2026-06-17 오전 1:21:50"
"C:\Users\user\AppData\Local\CapCut Drafts\0617\matting\2d99daf14acd02ceeb707412f1139375\2\maskinfo\5000000","110","2026-06-17 오전 1:21:55"
"C:\Users\user\AppData\Local\CapCut Drafts\0617\matting\2d99daf14acd02ceeb707412f1139375\2\maskinfo\5033333","159","2026-06-17 오전 1:21:55"
"C:\Users\user\AppData\Local\CapCut Drafts\0617\matting\2d99daf14acd02ceeb707412f1139375\2\maskinfo\5066667","161","2026-06-17 오전 1:21:55"
"C:\Users\user\AppData\Local\CapCut Drafts\0617\matting\2d99daf14acd02ceeb707412f1139375\2\maskinfo\5100000","110","2026-06-17 오전 1:21:55"
"C:\Users\user\AppData\Local\CapCut Drafts\0617\matting\2d99daf14acd02ceeb707412f1139375\2\maskinfo\5133333","110","2026-06-17 오전 1:21:55"
"C:\Users\user\AppData\Local\CapCut Drafts\0617\matting\2d99daf14acd02ceeb707412f1139375\2\maskinfo\5166667","165","2026-06-17 오전 1:21:55"
"C:\Users\user\AppData\Local\CapCut Drafts\0617\matting\2d99daf14acd02ceeb707412f1139375\2\maskinfo\5200000","110","2026-06-17 오전 1:21:55"
"C:\Users\user\AppData\Local\CapCut Drafts\0617\matting\2d99daf14acd02ceeb707412f1139375\2\maskinfo\5233333","160","2026-06-17 오전 1:21:55"
"C:\Users\user\AppData\Local\CapCut Drafts\0617\matting\2d99daf14acd02ceeb707412f1139375\2\maskinfo\5266667","110","2026-06-17 오전 1:21:55"
"C:\Users\user\AppData\Local\CapCut Drafts\0617\matting\2d99daf14acd02ceeb707412f1139375\2\maskinfo\5300000","157","2026-06-17 오전 1:21:55"
"C:\Users\user\AppData\Local\CapCut Drafts\0617\matting\2d99daf14acd02ceeb707412f1139375\2\maskinfo\533333","153","2026-06-17 오전 1:21:50"
"C:\Users\user\AppData\Local\CapCut Drafts\0617\matting\2d99daf14acd02ceeb707412f1139375\2\maskinfo\5333333","110","2026-06-17 오전 1:21:55"
"C:\Users\user\AppData\Local\CapCut Drafts\0617\matting\2d99daf14acd02ceeb707412f1139375\2\maskinfo\5366667","110","2026-06-17 오전 1:21:55"
"C:\Users\user\AppData\Local\CapCut Drafts\0617\matting\2d99daf14acd02ceeb707412f1139375\2\maskinfo\5400000","110","2026-06-17 오전 1:21:55"
"C:\Users\user\AppData\Local\CapCut Drafts\0617\matting\2d99daf14acd02ceeb707412f1139375\2\maskinfo\5433333","163","2026-06-17 오전 1:21:55"
"C:\Users\user\AppData\Local\CapCut Drafts\0617\matting\2d99daf14acd02ceeb707412f1139375\2\maskinfo\5466667","154","2026-06-17 오전 1:21:55"
"C:\Users\user\AppData\Local\CapCut Drafts\0617\matting\2d99daf14acd02ceeb707412f1139375\2\maskinfo\5500000","152","2026-06-17 오전 1:21:56"
"C:\Users\user\AppData\Local\CapCut Drafts\0617\matting\2d99daf14acd02ceeb707412f1139375\2\maskinfo\5533333","154","2026-06-17 오전 1:21:56"
"C:\Users\user\AppData\Local\CapCut Drafts\0617\matting\2d99daf14acd02ceeb707412f1139375\2\maskinfo\5566667","153","2026-06-17 오전 1:21:56"
"C:\Users\user\AppData\Local\CapCut Drafts\0617\matting\2d99daf14acd02ceeb707412f1139375\2\maskinfo\5600000","145","2026-06-17 오전 1:21:56"
"C:\Users\user\AppData\Local\CapCut Drafts\0617\matting\2d99daf14acd02ceeb707412f1139375\2\maskinfo\5633333","153","2026-06-17 오전 1:21:56"
"C:\Users\user\AppData\Local\CapCut Drafts\0617\matting\2d99daf14acd02ceeb707412f1139375\2\maskinfo\5666667","124","2026-06-17 오전 1:21:56"
"C:\Users\user\AppData\Local\CapCut Drafts\0617\matting\2d99daf14acd02ceeb707412f1139375\2\maskinfo\566667","154","2026-06-17 오전 1:21:50"
"C:\Users\user\AppData\Local\CapCut Drafts\0617\matting\2d99daf14acd02ceeb707412f1139375\2\maskinfo\5700000","132","2026-06-17 오전 1:21:56"
"C:\Users\user\AppData\Local\CapCut Drafts\0617\matting\2d99daf14acd02ceeb707412f1139375\2\maskinfo\5733333","146","2026-06-17 오전 1:21:56"
"C:\Users\user\AppData\Local\CapCut Drafts\0617\matting\2d99daf14acd02ceeb707412f1139375\2\maskinfo\5766667","154","2026-06-17 오전 1:21:56"
"C:\Users\user\AppData\Local\CapCut Drafts\0617\matting\2d99daf14acd02ceeb707412f1139375\2\maskinfo\5800000","154","2026-06-17 오전 1:21:56"
"C:\Users\user\AppData\Local\CapCut Drafts\0617\matting\2d99daf14acd02ceeb707412f1139375\2\maskinfo\5833333","154","2026-06-17 오전 1:21:56"
"C:\Users\user\AppData\Local\CapCut Drafts\0617\matting\2d99daf14acd02ceeb707412f1139375\2\maskinfo\5866667","144","2026-06-17 오전 1:21:56"
"C:\Users\user\AppData\Local\CapCut Drafts\0617\matting\2d99daf14acd02ceeb707412f1139375\2\maskinfo\5900000","146","2026-06-17 오전 1:21:56"
"C:\Users\user\AppData\Local\CapCut Drafts\0617\matting\2d99daf14acd02ceeb707412f1139375\2\maskinfo\5933333","140","2026-06-17 오전 1:21:56"
"C:\Users\user\AppData\Local\CapCut Drafts\0617\matting\2d99daf14acd02ceeb707412f1139375\2\maskinfo\5966667","146","2026-06-17 오전 1:21:56"
"C:\Users\user\AppData\Local\CapCut Drafts\0617\matting\2d99daf14acd02ceeb707412f1139375\2\maskinfo\600000","151","2026-06-17 오전 1:21:50"
"C:\Users\user\AppData\Local\CapCut Drafts\0617\matting\2d99daf14acd02ceeb707412f1139375\2\maskinfo\6000000","151","2026-06-17 오전 1:21:56"
"C:\Users\user\AppData\Local\CapCut Drafts\0617\matting\2d99daf14acd02ceeb707412f1139375\2\maskinfo\6033333","152","2026-06-17 오전 1:21:56"
"C:\Users\user\AppData\Local\CapCut Drafts\0617\matting\2d99daf14acd02ceeb707412f1139375\2\maskinfo\6066667","153","2026-06-17 오전 1:21:56"
"C:\Users\user\AppData\Local\CapCut Drafts\0617\matting\2d99daf14acd02ceeb707412f1139375\2\maskinfo\6100000","154","2026-06-17 오전 1:21:56"
"C:\Users\user\AppData\Local\CapCut Drafts\0617\matting\2d99daf14acd02ceeb707412f1139375\2\maskinfo\6133333","154","2026-06-17 오전 1:21:56"
"C:\Users\user\AppData\Local\CapCut Drafts\0617\matting\2d99daf14acd02ceeb707412f1139375\2\maskinfo\6166667","142","2026-06-17 오전 1:21:56"
"C:\Users\user\AppData\Local\CapCut Drafts\0617\matting\2d99daf14acd02ceeb707412f1139375\2\maskinfo\6200000","154","2026-06-17 오전 1:21:56"
"C:\Users\user\AppData\Local\CapCut Drafts\0617\matting\2d99daf14acd02ceeb707412f1139375\2\maskinfo\6233333","145","2026-06-17 오전 1:21:56"
"C:\Users\user\AppData\Local\CapCut Drafts\0617\matting\2d99daf14acd02ceeb707412f1139375\2\maskinfo\6266667","154","2026-06-17 오전 1:21:56"
"C:\Users\user\AppData\Local\CapCut Drafts\0617\matting\2d99daf14acd02ceeb707412f1139375\2\maskinfo\6300000","145","2026-06-17 오전 1:21:56"
"C:\Users\user\AppData\Local\CapCut Drafts\0617\matting\2d99daf14acd02ceeb707412f1139375\2\maskinfo\633333","154","2026-06-17 오전 1:21:50"
"C:\Users\user\AppData\Local\CapCut Drafts\0617\matting\2d99daf14acd02ceeb707412f1139375\2\maskinfo\6333333","110","2026-06-17 오전 1:21:56"
"C:\Users\user\AppData\Local\CapCut Drafts\0617\matting\2d99daf14acd02ceeb707412f1139375\2\maskinfo\6366667","110","2026-06-17 오전 1:21:57"
"C:\Users\user\AppData\Local\CapCut Drafts\0617\matting\2d99daf14acd02ceeb707412f1139375\2\maskinfo\6400000","110","2026-06-17 오전 1:21:57"
"C:\Users\user\AppData\Local\CapCut Drafts\0617\matting\2d99daf14acd02ceeb707412f1139375\2\maskinfo\6433333","110","2026-06-17 오전 1:21:57"
"C:\Users\user\AppData\Local\CapCut Drafts\0617\matting\2d99daf14acd02ceeb707412f1139375\2\maskinfo\6466667","110","2026-06-17 오전 1:21:57"
"C:\Users\user\AppData\Local\CapCut Drafts\0617\matting\2d99daf14acd02ceeb707412f1139375\2\maskinfo\6500000","152","2026-06-17 오전 1:21:57"
"C:\Users\user\AppData\Local\CapCut Drafts\0617\matting\2d99daf14acd02ceeb707412f1139375\2\maskinfo\6533333","153","2026-06-17 오전 1:21:57"
"C:\Users\user\AppData\Local\CapCut Drafts\0617\matting\2d99daf14acd02ceeb707412f1139375\2\maskinfo\6566667","155","2026-06-17 오전 1:21:57"
"C:\Users\user\AppData\Local\CapCut Drafts\0617\matting\2d99daf14acd02ceeb707412f1139375\2\maskinfo\6600000","152","2026-06-17 오전 1:21:57"
"C:\Users\user\AppData\Local\CapCut Drafts\0617\matting\2d99daf14acd02ceeb707412f1139375\2\maskinfo\6633333","154","2026-06-17 오전 1:21:57"
"C:\Users\user\AppData\Local\CapCut Drafts\0617\matting\2d99daf14acd02ceeb707412f1139375\2\maskinfo\6666667","142","2026-06-17 오전 1:21:57"
"C:\Users\user\AppData\Local\CapCut Drafts\0617\matting\2d99daf14acd02ceeb707412f1139375\2\maskinfo\666667","152","2026-06-17 오전 1:21:50"
"C:\Users\user\AppData\Local\CapCut Drafts\0617\matting\2d99daf14acd02ceeb707412f1139375\2\maskinfo\66667","152","2026-06-17 오전 1:21:49"
"C:\Users\user\AppData\Local\CapCut Drafts\0617\matting\2d99daf14acd02ceeb707412f1139375\2\maskinfo\6700000","153","2026-06-17 오전 1:21:57"
"C:\Users\user\AppData\Local\CapCut Drafts\0617\matting\2d99daf14acd02ceeb707412f1139375\2\maskinfo\6733333","152","2026-06-17 오전 1:21:57"
"C:\Users\user\AppData\Local\CapCut Drafts\0617\matting\2d99daf14acd02ceeb707412f1139375\2\maskinfo\6766667","150","2026-06-17 오전 1:21:57"
"C:\Users\user\AppData\Local\CapCut Drafts\0617\matting\2d99daf14acd02ceeb707412f1139375\2\maskinfo\6800000","152","2026-06-17 오전 1:21:57"
"C:\Users\user\AppData\Local\CapCut Drafts\0617\matting\2d99daf14acd02ceeb707412f1139375\2\maskinfo\6833333","149","2026-06-17 오전 1:21:57"
"C:\Users\user\AppData\Local\CapCut Drafts\0617\matting\2d99daf14acd02ceeb707412f1139375\2\maskinfo\6866667","154","2026-06-17 오전 1:21:57"
"C:\Users\user\AppData\Local\CapCut Drafts\0617\matting\2d99daf14acd02ceeb707412f1139375\2\maskinfo\6900000","154","2026-06-17 오전 1:21:57"
"C:\Users\user\AppData\Local\CapCut Drafts\0617\matting\2d99daf14acd02ceeb707412f1139375\2\maskinfo\6933333","154","2026-06-17 오전 1:21:57"
"C:\Users\user\AppData\Local\CapCut Drafts\0617\matting\2d99daf14acd02ceeb707412f1139375\2\maskinfo\6966667","152","2026-06-17 오전 1:21:57"
"C:\Users\user\AppData\Local\CapCut Drafts\0617\matting\2d99daf14acd02ceeb707412f1139375\2\maskinfo\700000","142","2026-06-17 오전 1:21:50"
"C:\Users\user\AppData\Local\CapCut Drafts\0617\matting\2d99daf14acd02ceeb707412f1139375\2\maskinfo\7000000","154","2026-06-17 오전 1:21:57"
"C:\Users\user\AppData\Local\CapCut Drafts\0617\matting\2d99daf14acd02ceeb707412f1139375\2\maskinfo\7033333","142","2026-06-17 오전 1:21:57"
"C:\Users\user\AppData\Local\CapCut Drafts\0617\matting\2d99daf14acd02ceeb707412f1139375\2\maskinfo\7066667","153","2026-06-17 오전 1:21:57"
"C:\Users\user\AppData\Local\CapCut Drafts\0617\matting\2d99daf14acd02ceeb707412f1139375\2\maskinfo\7100000","133","2026-06-17 오전 1:21:57"
"C:\Users\user\AppData\Local\CapCut Drafts\0617\matting\2d99daf14acd02ceeb707412f1139375\2\maskinfo\7133333","150","2026-06-17 오전 1:21:57"
"C:\Users\user\AppData\Local\CapCut Drafts\0617\matting\2d99daf14acd02ceeb707412f1139375\2\maskinfo\7166667","154","2026-06-17 오전 1:21:57"
"C:\Users\user\AppData\Local\CapCut Drafts\0617\matting\2d99daf14acd02ceeb707412f1139375\2\maskinfo\7200000","151","2026-06-17 오전 1:21:58"
"C:\Users\user\AppData\Local\CapCut Drafts\0617\matting\2d99daf14acd02ceeb707412f1139375\2\maskinfo\7233333","144","2026-06-17 오전 1:21:58"
"C:\Users\user\AppData\Local\CapCut Drafts\0617\matting\2d99daf14acd02ceeb707412f1139375\2\maskinfo\7266667","153","2026-06-17 오전 1:21:58"
"C:\Users\user\AppData\Local\CapCut Drafts\0617\matting\2d99daf14acd02ceeb707412f1139375\2\maskinfo\7300000","155","2026-06-17 오전 1:21:58"
"C:\Users\user\AppData\Local\CapCut Drafts\0617\matting\2d99daf14acd02ceeb707412f1139375\2\maskinfo\733333","136","2026-06-17 오전 1:21:50"
"C:\Users\user\AppData\Local\CapCut Drafts\0617\matting\2d99daf14acd02ceeb707412f1139375\2\maskinfo\7333333","155","2026-06-17 오전 1:21:58"
"C:\Users\user\AppData\Local\CapCut Drafts\0617\matting\2d99daf14acd02ceeb707412f1139375\2\maskinfo\7366667","154","2026-06-17 오전 1:21:58"
"C:\Users\user\AppData\Local\CapCut Drafts\0617\matting\2d99daf14acd02ceeb707412f1139375\2\maskinfo\7400000","152","2026-06-17 오전 1:21:58"
"C:\Users\user\AppData\Local\CapCut Drafts\0617\matting\2d99daf14acd02ceeb707412f1139375\2\maskinfo\7433333","154","2026-06-17 오전 1:21:58"
"C:\Users\user\AppData\Local\CapCut Drafts\0617\matting\2d99daf14acd02ceeb707412f1139375\2\maskinfo\7466667","154","2026-06-17 오전 1:21:58"
"C:\Users\user\AppData\Local\CapCut Drafts\0617\matting\2d99daf14acd02ceeb707412f1139375\2\maskinfo\7500000","125","2026-06-17 오전 1:21:58"
"C:\Users\user\AppData\Local\CapCut Drafts\0617\matting\2d99daf14acd02ceeb707412f1139375\2\maskinfo\7533333","136","2026-06-17 오전 1:21:58"
"C:\Users\user\AppData\Local\CapCut Drafts\0617\matting\2d99daf14acd02ceeb707412f1139375\2\maskinfo\7566667","136","2026-06-17 오전 1:21:58"
"C:\Users\user\AppData\Local\CapCut Drafts\0617\matting\2d99daf14acd02ceeb707412f1139375\2\maskinfo\7600000","132","2026-06-17 오전 1:21:58"
"C:\Users\user\AppData\Local\CapCut Drafts\0617\matting\2d99daf14acd02ceeb707412f1139375\2\maskinfo\7633333","136","2026-06-17 오전 1:21:58"
"C:\Users\user\AppData\Local\CapCut Drafts\0617\matting\2d99daf14acd02ceeb707412f1139375\2\maskinfo\7666667","137","2026-06-17 오전 1:21:58"
"C:\Users\user\AppData\Local\CapCut Drafts\0617\matting\2d99daf14acd02ceeb707412f1139375\2\maskinfo\766667","151","2026-06-17 오전 1:21:50"
"C:\Users\user\AppData\Local\CapCut Drafts\0617\matting\2d99daf14acd02ceeb707412f1139375\2\maskinfo\7700000","137","2026-06-17 오전 1:21:58"
"C:\Users\user\AppData\Local\CapCut Drafts\0617\matting\2d99daf14acd02ceeb707412f1139375\2\maskinfo\7733333","132","2026-06-17 오전 1:21:58"
"C:\Users\user\AppData\Local\CapCut Drafts\0617\matting\2d99daf14acd02ceeb707412f1139375\2\maskinfo\7766667","137","2026-06-17 오전 1:21:58"
"C:\Users\user\AppData\Local\CapCut Drafts\0617\matting\2d99daf14acd02ceeb707412f1139375\2\maskinfo\7800000","132","2026-06-17 오전 1:21:58"
"C:\Users\user\AppData\Local\CapCut Drafts\0617\matting\2d99daf14acd02ceeb707412f1139375\2\maskinfo\7833333","137","2026-06-17 오전 1:21:58"
"C:\Users\user\AppData\Local\CapCut Drafts\0617\matting\2d99daf14acd02ceeb707412f1139375\2\maskinfo\7866667","137","2026-06-17 오전 1:21:58"
"C:\Users\user\AppData\Local\CapCut Drafts\0617\matting\2d99daf14acd02ceeb707412f1139375\2\maskinfo\7900000","137","2026-06-17 오전 1:21:58"
"C:\Users\user\AppData\Local\CapCut Drafts\0617\matting\2d99daf14acd02ceeb707412f1139375\2\maskinfo\7933333","137","2026-06-17 오전 1:21:58"
"C:\Users\user\AppData\Local\CapCut Drafts\0617\matting\2d99daf14acd02ceeb707412f1139375\2\maskinfo\7966667","136","2026-06-17 오전 1:21:58"
"C:\Users\user\AppData\Local\CapCut Drafts\0617\matting\2d99daf14acd02ceeb707412f1139375\2\maskinfo\800000","153","2026-06-17 오전 1:21:50"
"C:\Users\user\AppData\Local\CapCut Drafts\0617\matting\2d99daf14acd02ceeb707412f1139375\2\maskinfo\8000000","137","2026-06-17 오전 1:21:58"
"C:\Users\user\AppData\Local\CapCut Drafts\0617\matting\2d99daf14acd02ceeb707412f1139375\2\maskinfo\8033333","127","2026-06-17 오전 1:21:58"
"C:\Users\user\AppData\Local\CapCut Drafts\0617\matting\2d99daf14acd02ceeb707412f1139375\2\maskinfo\8066667","136","2026-06-17 오전 1:21:59"
"C:\Users\user\AppData\Local\CapCut Drafts\0617\matting\2d99daf14acd02ceeb707412f1139375\2\maskinfo\8100000","126","2026-06-17 오전 1:21:59"
"C:\Users\user\AppData\Local\CapCut Drafts\0617\matting\2d99daf14acd02ceeb707412f1139375\2\maskinfo\8133333","136","2026-06-17 오전 1:21:59"
"C:\Users\user\AppData\Local\CapCut Drafts\0617\matting\2d99daf14acd02ceeb707412f1139375\2\maskinfo\8166667","127","2026-06-17 오전 1:21:59"
"C:\Users\user\AppData\Local\CapCut Drafts\0617\matting\2d99daf14acd02ceeb707412f1139375\2\maskinfo\8200000","136","2026-06-17 오전 1:21:59"
"C:\Users\user\AppData\Local\CapCut Drafts\0617\matting\2d99daf14acd02ceeb707412f1139375\2\maskinfo\8233333","127","2026-06-17 오전 1:21:59"
"C:\Users\user\AppData\Local\CapCut Drafts\0617\matting\2d99daf14acd02ceeb707412f1139375\2\maskinfo\8266667","135","2026-06-17 오전 1:21:59"
"C:\Users\user\AppData\Local\CapCut Drafts\0617\matting\2d99daf14acd02ceeb707412f1139375\2\maskinfo\8300000","127","2026-06-17 오전 1:21:59"
"C:\Users\user\AppData\Local\CapCut Drafts\0617\matting\2d99daf14acd02ceeb707412f1139375\2\maskinfo\833333","151","2026-06-17 오전 1:21:50"
"C:\Users\user\AppData\Local\CapCut Drafts\0617\matting\2d99daf14acd02ceeb707412f1139375\2\maskinfo\8333333","132","2026-06-17 오전 1:21:59"
"C:\Users\user\AppData\Local\CapCut Drafts\0617\matting\2d99daf14acd02ceeb707412f1139375\2\maskinfo\8366667","135","2026-06-17 오전 1:21:59"
"C:\Users\user\AppData\Local\CapCut Drafts\0617\matting\2d99daf14acd02ceeb707412f1139375\2\maskinfo\8400000","133","2026-06-17 오전 1:21:59"
"C:\Users\user\AppData\Local\CapCut Drafts\0617\matting\2d99daf14acd02ceeb707412f1139375\2\maskinfo\8433333","153","2026-06-17 오전 1:21:59"
"C:\Users\user\AppData\Local\CapCut Drafts\0617\matting\2d99daf14acd02ceeb707412f1139375\2\maskinfo\8466667","154","2026-06-17 오전 1:21:59"
"C:\Users\user\AppData\Local\CapCut Drafts\0617\matting\2d99daf14acd02ceeb707412f1139375\2\maskinfo\8500000","151","2026-06-17 오전 1:21:59"
"C:\Users\user\AppData\Local\CapCut Drafts\0617\matting\2d99daf14acd02ceeb707412f1139375\2\maskinfo\8533333","153","2026-06-17 오전 1:21:59"
"C:\Users\user\AppData\Local\CapCut Drafts\0617\matting\2d99daf14acd02ceeb707412f1139375\2\maskinfo\8566667","141","2026-06-17 오전 1:21:59"
"C:\Users\user\AppData\Local\CapCut Drafts\0617\matting\2d99daf14acd02ceeb707412f1139375\2\maskinfo\8600000","155","2026-06-17 오전 1:21:59"
"C:\Users\user\AppData\Local\CapCut Drafts\0617\matting\2d99daf14acd02ceeb707412f1139375\2\maskinfo\8633333","152","2026-06-17 오전 1:21:59"
"C:\Users\user\AppData\Local\CapCut Drafts\0617\matting\2d99daf14acd02ceeb707412f1139375\2\maskinfo\8666667","149","2026-06-17 오전 1:21:59"
"C:\Users\user\AppData\Local\CapCut Drafts\0617\matting\2d99daf14acd02ceeb707412f1139375\2\maskinfo\866667","129","2026-06-17 오전 1:21:50"
"C:\Users\user\AppData\Local\CapCut Drafts\0617\matting\2d99daf14acd02ceeb707412f1139375\2\maskinfo\8700000","154","2026-06-17 오전 1:21:59"
"C:\Users\user\AppData\Local\CapCut Drafts\0617\matting\2d99daf14acd02ceeb707412f1139375\2\maskinfo\8733333","153","2026-06-17 오전 1:21:59"
"C:\Users\user\AppData\Local\CapCut Drafts\0617\matting\2d99daf14acd02ceeb707412f1139375\2\maskinfo\8766667","151","2026-06-17 오전 1:21:59"
"C:\Users\user\AppData\Local\CapCut Drafts\0617\matting\2d99daf14acd02ceeb707412f1139375\2\maskinfo\8800000","142","2026-06-17 오전 1:21:59"
"C:\Users\user\AppData\Local\CapCut Drafts\0617\matting\2d99daf14acd02ceeb707412f1139375\2\maskinfo\8833333","153","2026-06-17 오전 1:21:59"
"C:\Users\user\AppData\Local\CapCut Drafts\0617\matting\2d99daf14acd02ceeb707412f1139375\2\maskinfo\8866667","141","2026-06-17 오전 1:22:00"
"C:\Users\user\AppData\Local\CapCut Drafts\0617\matting\2d99daf14acd02ceeb707412f1139375\2\maskinfo\8900000","144","2026-06-17 오전 1:22:00"
"C:\Users\user\AppData\Local\CapCut Drafts\0617\matting\2d99daf14acd02ceeb707412f1139375\2\maskinfo\8933333","155","2026-06-17 오전 1:22:00"
"C:\Users\user\AppData\Local\CapCut Drafts\0617\matting\2d99daf14acd02ceeb707412f1139375\2\maskinfo\8966667","154","2026-06-17 오전 1:22:00"
"C:\Users\user\AppData\Local\CapCut Drafts\0617\matting\2d99daf14acd02ceeb707412f1139375\2\maskinfo\900000","143","2026-06-17 오전 1:21:50"
"C:\Users\user\AppData\Local\CapCut Drafts\0617\matting\2d99daf14acd02ceeb707412f1139375\2\maskinfo\9000000","143","2026-06-17 오전 1:22:00"
"C:\Users\user\AppData\Local\CapCut Drafts\0617\matting\2d99daf14acd02ceeb707412f1139375\2\maskinfo\9033333","154","2026-06-17 오전 1:22:00"
"C:\Users\user\AppData\Local\CapCut Drafts\0617\matting\2d99daf14acd02ceeb707412f1139375\2\maskinfo\9066667","152","2026-06-17 오전 1:22:00"
"C:\Users\user\AppData\Local\CapCut Drafts\0617\matting\2d99daf14acd02ceeb707412f1139375\2\maskinfo\9100000","154","2026-06-17 오전 1:22:00"
"C:\Users\user\AppData\Local\CapCut Drafts\0617\matting\2d99daf14acd02ceeb707412f1139375\2\maskinfo\9133333","129","2026-06-17 오전 1:22:00"
"C:\Users\user\AppData\Local\CapCut Drafts\0617\matting\2d99daf14acd02ceeb707412f1139375\2\maskinfo\9166667","153","2026-06-17 오전 1:22:00"
"C:\Users\user\AppData\Local\CapCut Drafts\0617\matting\2d99daf14acd02ceeb707412f1139375\2\maskinfo\9200000","152","2026-06-17 오전 1:22:00"
"C:\Users\user\AppData\Local\CapCut Drafts\0617\matting\2d99daf14acd02ceeb707412f1139375\2\maskinfo\9233333","151","2026-06-17 오전 1:22:00"
"C:\Users\user\AppData\Local\CapCut Drafts\0617\matting\2d99daf14acd02ceeb707412f1139375\2\maskinfo\9266667","153","2026-06-17 오전 1:22:00"
"C:\Users\user\AppData\Local\CapCut Drafts\0617\matting\2d99daf14acd02ceeb707412f1139375\2\maskinfo\9300000","154","2026-06-17 오전 1:22:00"
"C:\Users\user\AppData\Local\CapCut Drafts\0617\matting\2d99daf14acd02ceeb707412f1139375\2\maskinfo\933333","152","2026-06-17 오전 1:21:50"
"C:\Users\user\AppData\Local\CapCut Drafts\0617\matting\2d99daf14acd02ceeb707412f1139375\2\maskinfo\9333333","153","2026-06-17 오전 1:22:00"
"C:\Users\user\AppData\Local\CapCut Drafts\0617\matting\2d99daf14acd02ceeb707412f1139375\2\maskinfo\9366667","152","2026-06-17 오전 1:22:00"
"C:\Users\user\AppData\Local\CapCut Drafts\0617\matting\2d99daf14acd02ceeb707412f1139375\2\maskinfo\9400000","147","2026-06-17 오전 1:22:00"
"C:\Users\user\AppData\Local\CapCut Drafts\0617\matting\2d99daf14acd02ceeb707412f1139375\2\maskinfo\9433333","151","2026-06-17 오전 1:22:00"
"C:\Users\user\AppData\Local\CapCut Drafts\0617\matting\2d99daf14acd02ceeb707412f1139375\2\maskinfo\9466667","154","2026-06-17 오전 1:22:00"
"C:\Users\user\AppData\Local\CapCut Drafts\0617\matting\2d99daf14acd02ceeb707412f1139375\2\maskinfo\9500000","140","2026-06-17 오전 1:22:00"
"C:\Users\user\AppData\Local\CapCut Drafts\0617\matting\2d99daf14acd02ceeb707412f1139375\2\maskinfo\9533333","155","2026-06-17 오전 1:22:00"
"C:\Users\user\AppData\Local\CapCut Drafts\0617\matting\2d99daf14acd02ceeb707412f1139375\2\maskinfo\9566667","154","2026-06-17 오전 1:22:00"
"C:\Users\user\AppData\Local\CapCut Drafts\0617\matting\2d99daf14acd02ceeb707412f1139375\2\maskinfo\9600000","139","2026-06-17 오전 1:22:00"
"C:\Users\user\AppData\Local\CapCut Drafts\0617\matting\2d99daf14acd02ceeb707412f1139375\2\maskinfo\9633333","140","2026-06-17 오전 1:22:00"
"C:\Users\user\AppData\Local\CapCut Drafts\0617\matting\2d99daf14acd02ceeb707412f1139375\2\maskinfo\9666667","151","2026-06-17 오전 1:22:00"
"C:\Users\user\AppData\Local\CapCut Drafts\0617\matting\2d99daf14acd02ceeb707412f1139375\2\maskinfo\966667","153","2026-06-17 오전 1:21:50"
"C:\Users\user\AppData\Local\CapCut Drafts\0617\matting\2d99daf14acd02ceeb707412f1139375\2\maskinfo\9700000","143","2026-06-17 오전 1:22:00"
"C:\Users\user\AppData\Local\CapCut Drafts\0617\matting\2d99daf14acd02ceeb707412f1139375\2\maskinfo\9733333","140","2026-06-17 오전 1:22:01"
"C:\Users\user\AppData\Local\CapCut Drafts\0617\matting\2d99daf14acd02ceeb707412f1139375\2\maskinfo\9766667","153","2026-06-17 오전 1:22:01"
"C:\Users\user\AppData\Local\CapCut Drafts\0617\matting\2d99daf14acd02ceeb707412f1139375\2\maskinfo\9800000","154","2026-06-17 오전 1:22:01"
"C:\Users\user\AppData\Local\CapCut Drafts\0617\matting\2d99daf14acd02ceeb707412f1139375\2\maskinfo\9833333","151","2026-06-17 오전 1:22:01"
"C:\Users\user\AppData\Local\CapCut Drafts\0617\matting\2d99daf14acd02ceeb707412f1139375\2\maskinfo\9866667","151","2026-06-17 오전 1:22:01"
"C:\Users\user\AppData\Local\CapCut Drafts\0617\matting\2d99daf14acd02ceeb707412f1139375\2\maskinfo\9900000","110","2026-06-17 오전 1:22:01"
"C:\Users\user\AppData\Local\CapCut Drafts\0617\matting\2d99daf14acd02ceeb707412f1139375\2\maskinfo\9933333","110","2026-06-17 오전 1:22:01"
"C:\Users\user\AppData\Local\CapCut Drafts\0617\matting\2d99daf14acd02ceeb707412f1139375\2\maskinfo\9966667","110","2026-06-17 오전 1:22:01"
"C:\Users\user\AppData\Local\CapCut Drafts\0617\matting\2d99daf14acd02ceeb707412f1139375\6E69D45C-612F-4fed-98F1-C1616760548E\5",,"2026-06-17 오전 1:21:37"
"C:\Users\user\AppData\Local\CapCut Drafts\0617\matting\2d99daf14acd02ceeb707412f1139375\6E69D45C-612F-4fed-98F1-C1616760548E\5\mask",,"2026-06-17 오전 1:21:39"
"C:\Users\user\AppData\Local\CapCut Drafts\0617\matting\2d99daf14acd02ceeb707412f1139375\6E69D45C-612F-4fed-98F1-C1616760548E\5\maskinfo",,"2026-06-17 오전 1:21:39"
"C:\Users\user\AppData\Local\CapCut Drafts\0617\matting\2d99daf14acd02ceeb707412f1139375\6E69D45C-612F-4fed-98F1-C1616760548E\5\brush_interaction","8","2026-06-17 오전 1:21:37"
"C:\Users\user\AppData\Local\CapCut Drafts\0617\matting\2d99daf14acd02ceeb707412f1139375\6E69D45C-612F-4fed-98F1-C1616760548E\5\matting_result.json","52","2026-06-17 오전 1:21:39"
"C:\Users\user\AppData\Local\CapCut Drafts\0617\matting\2d99daf14acd02ceeb707412f1139375\6E69D45C-612F-4fed-98F1-C1616760548E\5\mocf","4576","2026-06-17 오전 1:21:39"
"C:\Users\user\AppData\Local\CapCut Drafts\0617\matting\2d99daf14acd02ceeb707412f1139375\6E69D45C-612F-4fed-98F1-C1616760548E\5\mask\0","147456","2026-06-17 오전 1:21:39"
"C:\Users\user\AppData\Local\CapCut Drafts\0617\matting\2d99daf14acd02ceeb707412f1139375\6E69D45C-612F-4fed-98F1-C1616760548E\5\mask\100000","147456","2026-06-17 오전 1:21:39"
"C:\Users\user\AppData\Local\CapCut Drafts\0617\matting\2d99daf14acd02ceeb707412f1139375\6E69D45C-612F-4fed-98F1-C1616760548E\5\mask\1000000","147456","2026-06-17 오전 1:21:39"
"C:\Users\user\AppData\Local\CapCut Drafts\0617\matting\2d99daf14acd02ceeb707412f1139375\6E69D45C-612F-4fed-98F1-C1616760548E\5\mask\10000000","147456","2026-06-17 오전 1:21:38"
"C:\Users\user\AppData\Local\CapCut Drafts\0617\matting\2d99daf14acd02ceeb707412f1139375\6E69D45C-612F-4fed-98F1-C1616760548E\5\mask\10033333","147456","2026-06-17 오전 1:21:38"
"C:\Users\user\AppData\Local\CapCut Drafts\0617\matting\2d99daf14acd02ceeb707412f1139375\6E69D45C-612F-4fed-98F1-C1616760548E\5\mask\10066667","147456","2026-06-17 오전 1:21:38"
"C:\Users\user\AppData\Local\CapCut Drafts\0617\matting\2d99daf14acd02ceeb707412f1139375\6E69D45C-612F-4fed-98F1-C1616760548E\5\mask\10100000","147456","2026-06-17 오전 1:21:38"
"C:\Users\user\AppData\Local\CapCut Drafts\0617\matting\2d99daf14acd02ceeb707412f1139375\6E69D45C-612F-4fed-98F1-C1616760548E\5\mask\10133333","147456","2026-06-17 오전 1:21:38"
"C:\Users\user\AppData\Local\CapCut Drafts\0617\matting\2d99daf14acd02ceeb707412f1139375\6E69D45C-612F-4fed-98F1-C1616760548E\5\mask\10166667","147456","2026-06-17 오전 1:21:38"
"C:\Users\user\AppData\Local\CapCut Drafts\0617\matting\2d99daf14acd02ceeb707412f1139375\6E69D45C-612F-4fed-98F1-C1616760548E\5\mask\10200000","147456","2026-06-17 오전 1:21:38"
"C:\Users\user\AppData\Local\CapCut Drafts\0617\matting\2d99daf14acd02ceeb707412f1139375\6E69D45C-612F-4fed-98F1-C1616760548E\5\mask\10233333","147456","2026-06-17 오전 1:21:38"
"C:\Users\user\AppData\Local\CapCut Drafts\0617\matting\2d99daf14acd02ceeb707412f1139375\6E69D45C-612F-4fed-98F1-C1616760548E\5\mask\10266667","147456","2026-06-17 오전 1:21:38"
"C:\Users\user\AppData\Local\CapCut Drafts\0617\matting\2d99daf14acd02ceeb707412f1139375\6E69D45C-612F-4fed-98F1-C1616760548E\5\mask\10300000","147456","2026-06-17 오전 1:21:38"
"C:\Users\user\AppData\Local\CapCut Drafts\0617\matting\2d99daf14acd02ceeb707412f1139375\6E69D45C-612F-4fed-98F1-C1616760548E\5\mask\1033333","147456","2026-06-17 오전 1:21:39"
"C:\Users\user\AppData\Local\CapCut Drafts\0617\matting\2d99daf14acd02ceeb707412f1139375\6E69D45C-612F-4fed-98F1-C1616760548E\5\mask\10333333","147456","2026-06-17 오전 1:21:38"
"C:\Users\user\AppData\Local\CapCut Drafts\0617\matting\2d99daf14acd02ceeb707412f1139375\6E69D45C-612F-4fed-98F1-C1616760548E\5\mask\10366667","147456","2026-06-17 오전 1:21:38"
"C:\Users\user\AppData\Local\CapCut Drafts\0617\matting\2d99daf14acd02ceeb707412f1139375\6E69D45C-612F-4fed-98F1-C1616760548E\5\mask\10400000","147456","2026-06-17 오전 1:21:38"
"C:\Users\user\AppData\Local\CapCut Drafts\0617\matting\2d99daf14acd02ceeb707412f1139375\6E69D45C-612F-4fed-98F1-C1616760548E\5\mask\10433333","147456","2026-06-17 오전 1:21:38"
"C:\Users\user\AppData\Local\CapCut Drafts\0617\matting\2d99daf14acd02ceeb707412f1139375\6E69D45C-612F-4fed-98F1-C1616760548E\5\mask\10466667","147456","2026-06-17 오전 1:21:38"
"C:\Users\user\AppData\Local\CapCut Drafts\0617\matting\2d99daf14acd02ceeb707412f1139375\6E69D45C-612F-4fed-98F1-C1616760548E\5\mask\10500000","147456","2026-06-17 오전 1:21:38"
"C:\Users\user\AppData\Local\CapCut Drafts\0617\matting\2d99daf14acd02ceeb707412f1139375\6E69D45C-612F-4fed-98F1-C1616760548E\5\mask\10533333","147456","2026-06-17 오전 1:21:38"
"C:\Users\user\AppData\Local\CapCut Drafts\0617\matting\2d99daf14acd02ceeb707412f1139375\6E69D45C-612F-4fed-98F1-C1616760548E\5\mask\10566667","147456","2026-06-17 오전 1:21:38"
"C:\Users\user\AppData\Local\CapCut Drafts\0617\matting\2d99daf14acd02ceeb707412f1139375\6E69D45C-612F-4fed-98F1-C1616760548E\5\mask\10600000","147456","2026-06-17 오전 1:21:38"
"C:\Users\user\AppData\Local\CapCut Drafts\0617\matting\2d99daf14acd02ceeb707412f1139375\6E69D45C-612F-4fed-98F1-C1616760548E\5\mask\10633333","147456","2026-06-17 오전 1:21:38"
"C:\Users\user\AppData\Local\CapCut Drafts\0617\matting\2d99daf14acd02ceeb707412f1139375\6E69D45C-612F-4fed-98F1-C1616760548E\5\mask\10666667","147456","2026-06-17 오전 1:21:38"
"C:\Users\user\AppData\Local\CapCut Drafts\0617\matting\2d99daf14acd02ceeb707412f1139375\6E69D45C-612F-4fed-98F1-C1616760548E\5\mask\1066667","147456","2026-06-17 오전 1:21:39"
"C:\Users\user\AppData\Local\CapCut Drafts\0617\matting\2d99daf14acd02ceeb707412f1139375\6E69D45C-612F-4fed-98F1-C1616760548E\5\mask\10700000","147456","2026-06-17 오전 1:21:38"
"C:\Users\user\AppData\Local\CapCut Drafts\0617\matting\2d99daf14acd02ceeb707412f1139375\6E69D45C-612F-4fed-98F1-C1616760548E\5\mask\10733333","147456","2026-06-17 오전 1:21:38"
"C:\Users\user\AppData\Local\CapCut Drafts\0617\matting\2d99daf14acd02ceeb707412f1139375\6E69D45C-612F-4fed-98F1-C1616760548E\5\mask\10766667","147456","2026-06-17 오전 1:21:38"
"C:\Users\user\AppData\Local\CapCut Drafts\0617\matting\2d99daf14acd02ceeb707412f1139375\6E69D45C-612F-4fed-98F1-C1616760548E\5\mask\10800000","147456","2026-06-17 오전 1:21:38"
"C:\Users\user\AppData\Local\CapCut Drafts\0617\matting\2d99daf14acd02ceeb707412f1139375\6E69D45C-612F-4fed-98F1-C1616760548E\5\mask\10833333","147456","2026-06-17 오전 1:21:38"
"C:\Users\user\AppData\Local\CapCut Drafts\0617\matting\2d99daf14acd02ceeb707412f1139375\6E69D45C-612F-4fed-98F1-C1616760548E\5\mask\10866667","147456","2026-06-17 오전 1:21:38"
"C:\Users\user\AppData\Local\CapCut Drafts\0617\matting\2d99daf14acd02ceeb707412f1139375\6E69D45C-612F-4fed-98F1-C1616760548E\5\mask\10900000","147456","2026-06-17 오전 1:21:38"
"C:\Users\user\AppData\Local\CapCut Drafts\0617\matting\2d99daf14acd02ceeb707412f1139375\6E69D45C-612F-4fed-98F1-C1616760548E\5\mask\10933333","147456","2026-06-17 오전 1:21:38"
"C:\Users\user\AppData\Local\CapCut Drafts\0617\matting\2d99daf14acd02ceeb707412f1139375\6E69D45C-612F-4fed-98F1-C1616760548E\5\mask\10966667","147456","2026-06-17 오전 1:21:38"
"C:\Users\user\AppData\Local\CapCut Drafts\0617\matting\2d99daf14acd02ceeb707412f1139375\6E69D45C-612F-4fed-98F1-C1616760548E\5\mask\1100000","147456","2026-06-17 오전 1:21:39"
"C:\Users\user\AppData\Local\CapCut Drafts\0617\matting\2d99daf14acd02ceeb707412f1139375\6E69D45C-612F-4fed-98F1-C1616760548E\5\mask\11000000","147456","2026-06-17 오전 1:21:38"
"C:\Users\user\AppData\Local\CapCut Drafts\0617\matting\2d99daf14acd02ceeb707412f1139375\6E69D45C-612F-4fed-98F1-C1616760548E\5\mask\11033333","147456","2026-06-17 오전 1:21:38"
"C:\Users\user\AppData\Local\CapCut Drafts\0617\matting\2d99daf14acd02ceeb707412f1139375\6E69D45C-612F-4fed-98F1-C1616760548E\5\mask\11066667","147456","2026-06-17 오전 1:21:38"
"C:\Users\user\AppData\Local\CapCut Drafts\0617\matting\2d99daf14acd02ceeb707412f1139375\6E69D45C-612F-4fed-98F1-C1616760548E\5\mask\11100000","147456","2026-06-17 오전 1:21:38"
"C:\Users\user\AppData\Local\CapCut Drafts\0617\matting\2d99daf14acd02ceeb707412f1139375\6E69D45C-612F-4fed-98F1-C1616760548E\5\mask\11133333","147456","2026-06-17 오전 1:21:38"
"C:\Users\user\AppData\Local\CapCut Drafts\0617\matting\2d99daf14acd02ceeb707412f1139375\6E69D45C-612F-4fed-98F1-C1616760548E\5\mask\11166667","147456","2026-06-17 오전 1:21:38"
"C:\Users\user\AppData\Local\CapCut Drafts\0617\matting\2d99daf14acd02ceeb707412f1139375\6E69D45C-612F-4fed-98F1-C1616760548E\5\mask\11200000","147456","2026-06-17 오전 1:21:38"
"C:\Users\user\AppData\Local\CapCut Drafts\0617\matting\2d99daf14acd02ceeb707412f1139375\6E69D45C-612F-4fed-98F1-C1616760548E\5\mask\11233333","147456","2026-06-17 오전 1:21:38"
"C:\Users\user\AppData\Local\CapCut Drafts\0617\matting\2d99daf14acd02ceeb707412f1139375\6E69D45C-612F-4fed-98F1-C1616760548E\5\mask\11266667","147456","2026-06-17 오전 1:21:38"
"C:\Users\user\AppData\Local\CapCut Drafts\0617\matting\2d99daf14acd02ceeb707412f1139375\6E69D45C-612F-4fed-98F1-C1616760548E\5\mask\11300000","147456","2026-06-17 오전 1:21:38"
"C:\Users\user\AppData\Local\CapCut Drafts\0617\matting\2d99daf14acd02ceeb707412f1139375\6E69D45C-612F-4fed-98F1-C1616760548E\5\mask\1133333","147456","2026-06-17 오전 1:21:39"
"C:\Users\user\AppData\Local\CapCut Drafts\0617\matting\2d99daf14acd02ceeb707412f1139375\6E69D45C-612F-4fed-98F1-C1616760548E\5\mask\11333333","147456","2026-06-17 오전 1:21:38"
"C:\Users\user\AppData\Local\CapCut Drafts\0617\matting\2d99daf14acd02ceeb707412f1139375\6E69D45C-612F-4fed-98F1-C1616760548E\5\mask\11366667","147456","2026-06-17 오전 1:21:38"
"C:\Users\user\AppData\Local\CapCut Drafts\0617\matting\2d99daf14acd02ceeb707412f1139375\6E69D45C-612F-4fed-98F1-C1616760548E\5\mask\11400000","147456","2026-06-17 오전 1:21:38"
"C:\Users\user\AppData\Local\CapCut Drafts\0617\matting\2d99daf14acd02ceeb707412f1139375\6E69D45C-612F-4fed-98F1-C1616760548E\5\mask\11433333","147456","2026-06-17 오전 1:21:38"
"C:\Users\user\AppData\Local\CapCut Drafts\0617\matting\2d99daf14acd02ceeb707412f1139375\6E69D45C-612F-4fed-98F1-C1616760548E\5\mask\11466667","147456","2026-06-17 오전 1:21:38"
"C:\Users\user\AppData\Local\CapCut Drafts\0617\matting\2d99daf14acd02ceeb707412f1139375\6E69D45C-612F-4fed-98F1-C1616760548E\5\mask\11500000","147456","2026-06-17 오전 1:21:38"
"C:\Users\user\AppData\Local\CapCut Drafts\0617\matting\2d99daf14acd02ceeb707412f1139375\6E69D45C-612F-4fed-98F1-C1616760548E\5\mask\11533333","147456","2026-06-17 오전 1:21:38"
"C:\Users\user\AppData\Local\CapCut Drafts\0617\matting\2d99daf14acd02ceeb707412f1139375\6E69D45C-612F-4fed-98F1-C1616760548E\5\mask\11566667","147456","2026-06-17 오전 1:21:38"
"C:\Users\user\AppData\Local\CapCut Drafts\0617\matting\2d99daf14acd02ceeb707412f1139375\6E69D45C-612F-4fed-98F1-C1616760548E\5\mask\11600000","147456","2026-06-17 오전 1:21:38"
"C:\Users\user\AppData\Local\CapCut Drafts\0617\matting\2d99daf14acd02ceeb707412f1139375\6E69D45C-612F-4fed-98F1-C1616760548E\5\mask\11633333","147456","2026-06-17 오전 1:21:38"
"C:\Users\user\AppData\Local\CapCut Drafts\0617\matting\2d99daf14acd02ceeb707412f1139375\6E69D45C-612F-4fed-98F1-C1616760548E\5\mask\11666667","147456","2026-06-17 오전 1:21:38"
"C:\Users\user\AppData\Local\CapCut Drafts\0617\matting\2d99daf14acd02ceeb707412f1139375\6E69D45C-612F-4fed-98F1-C1616760548E\5\mask\1166667","147456","2026-06-17 오전 1:21:39"
"C:\Users\user\AppData\Local\CapCut Drafts\0617\matting\2d99daf14acd02ceeb707412f1139375\6E69D45C-612F-4fed-98F1-C1616760548E\5\mask\11700000","147456","2026-06-17 오전 1:21:38"
"C:\Users\user\AppData\Local\CapCut Drafts\0617\matting\2d99daf14acd02ceeb707412f1139375\6E69D45C-612F-4fed-98F1-C1616760548E\5\mask\11733333","147456","2026-06-17 오전 1:21:38"
"C:\Users\user\AppData\Local\CapCut Drafts\0617\matting\2d99daf14acd02ceeb707412f1139375\6E69D45C-612F-4fed-98F1-C1616760548E\5\mask\11766667","147456","2026-06-17 오전 1:21:38"
"C:\Users\user\AppData\Local\CapCut Drafts\0617\matting\2d99daf14acd02ceeb707412f1139375\6E69D45C-612F-4fed-98F1-C1616760548E\5\mask\11800000","147456","2026-06-17 오전 1:21:38"
"C:\Users\user\AppData\Local\CapCut Drafts\0617\matting\2d99daf14acd02ceeb707412f1139375\6E69D45C-612F-4fed-98F1-C1616760548E\5\mask\11833333","147456","2026-06-17 오전 1:21:38"
"C:\Users\user\AppData\Local\CapCut Drafts\0617\matting\2d99daf14acd02ceeb707412f1139375\6E69D45C-612F-4fed-98F1-C1616760548E\5\mask\11866667","147456","2026-06-17 오전 1:21:38"
"C:\Users\user\AppData\Local\CapCut Drafts\0617\matting\2d99daf14acd02ceeb707412f1139375\6E69D45C-612F-4fed-98F1-C1616760548E\5\mask\11900000","147456","2026-06-17 오전 1:21:38"
"C:\Users\user\AppData\Local\CapCut Drafts\0617\matting\2d99daf14acd02ceeb707412f1139375\6E69D45C-612F-4fed-98F1-C1616760548E\5\mask\11933333","147456","2026-06-17 오전 1:21:38"
"C:\Users\user\AppData\Local\CapCut Drafts\0617\matting\2d99daf14acd02ceeb707412f1139375\6E69D45C-612F-4fed-98F1-C1616760548E\5\mask\11966667","147456","2026-06-17 오전 1:21:38"
"C:\Users\user\AppData\Local\CapCut Drafts\0617\matting\2d99daf14acd02ceeb707412f1139375\6E69D45C-612F-4fed-98F1-C1616760548E\5\mask\1200000","147456","2026-06-17 오전 1:21:37"
"C:\Users\user\AppData\Local\CapCut Drafts\0617\matting\2d99daf14acd02ceeb707412f1139375\6E69D45C-612F-4fed-98F1-C1616760548E\5\mask\12000000","147456","2026-06-17 오전 1:21:38"
"C:\Users\user\AppData\Local\CapCut Drafts\0617\matting\2d99daf14acd02ceeb707412f1139375\6E69D45C-612F-4fed-98F1-C1616760548E\5\mask\12033333","147456","2026-06-17 오전 1:21:38"
"C:\Users\user\AppData\Local\CapCut Drafts\0617\matting\2d99daf14acd02ceeb707412f1139375\6E69D45C-612F-4fed-98F1-C1616760548E\5\mask\12066667","147456","2026-06-17 오전 1:21:38"
"C:\Users\user\AppData\Local\CapCut Drafts\0617\matting\2d99daf14acd02ceeb707412f1139375\6E69D45C-612F-4fed-98F1-C1616760548E\5\mask\12100000","147456","2026-06-17 오전 1:21:38"
"C:\Users\user\AppData\Local\CapCut Drafts\0617\matting\2d99daf14acd02ceeb707412f1139375\6E69D45C-612F-4fed-98F1-C1616760548E\5\mask\12133333","147456","2026-06-17 오전 1:21:38"
"C:\Users\user\AppData\Local\CapCut Drafts\0617\matting\2d99daf14acd02ceeb707412f1139375\6E69D45C-612F-4fed-98F1-C1616760548E\5\mask\12166667","147456","2026-06-17 오전 1:21:38"
"C:\Users\user\AppData\Local\CapCut Drafts\0617\matting\2d99daf14acd02ceeb707412f1139375\6E69D45C-612F-4fed-98F1-C1616760548E\5\mask\12200000","147456","2026-06-17 오전 1:21:38"
"C:\Users\user\AppData\Local\CapCut Drafts\0617\matting\2d99daf14acd02ceeb707412f1139375\6E69D45C-612F-4fed-98F1-C1616760548E\5\mask\12233333","147456","2026-06-17 오전 1:21:38"
"C:\Users\user\AppData\Local\CapCut Drafts\0617\matting\2d99daf14acd02ceeb707412f1139375\6E69D45C-612F-4fed-98F1-C1616760548E\5\mask\12266667","147456","2026-06-17 오전 1:21:38"
"C:\Users\user\AppData\Local\CapCut Drafts\0617\matting\2d99daf14acd02ceeb707412f1139375\6E69D45C-612F-4fed-98F1-C1616760548E\5\mask\12300000","147456","2026-06-17 오전 1:21:38"
"C:\Users\user\AppData\Local\CapCut Drafts\0617\matting\2d99daf14acd02ceeb707412f1139375\6E69D45C-612F-4fed-98F1-C1616760548E\5\mask\1233333","147456","2026-06-17 오전 1:21:37"
"C:\Users\user\AppData\Local\CapCut Drafts\0617\matting\2d99daf14acd02ceeb707412f1139375\6E69D45C-612F-4fed-98F1-C1616760548E\5\mask\12333333","147456","2026-06-17 오전 1:21:38"
"C:\Users\user\AppData\Local\CapCut Drafts\0617\matting\2d99daf14acd02ceeb707412f1139375\6E69D45C-612F-4fed-98F1-C1616760548E\5\mask\12366667","147456","2026-06-17 오전 1:21:38"
"C:\Users\user\AppData\Local\CapCut Drafts\0617\matting\2d99daf14acd02ceeb707412f1139375\6E69D45C-612F-4fed-98F1-C1616760548E\5\mask\12400000","147456","2026-06-17 오전 1:21:38"
"C:\Users\user\AppData\Local\CapCut Drafts\0617\matting\2d99daf14acd02ceeb707412f1139375\6E69D45C-612F-4fed-98F1-C1616760548E\5\mask\12433333","147456","2026-06-17 오전 1:21:38"
"C:\Users\user\AppData\Local\CapCut Drafts\0617\matting\2d99daf14acd02ceeb707412f1139375\6E69D45C-612F-4fed-98F1-C1616760548E\5\mask\12466667","147456","2026-06-17 오전 1:21:38"
"C:\Users\user\AppData\Local\CapCut Drafts\0617\matting\2d99daf14acd02ceeb707412f1139375\6E69D45C-612F-4fed-98F1-C1616760548E\5\mask\12500000","147456","2026-06-17 오전 1:21:38"
"C:\Users\user\AppData\Local\CapCut Drafts\0617\matting\2d99daf14acd02ceeb707412f1139375\6E69D45C-612F-4fed-98F1-C1616760548E\5\mask\12533333","147456","2026-06-17 오전 1:21:38"
"C:\Users\user\AppData\Local\CapCut Drafts\0617\matting\2d99daf14acd02ceeb707412f1139375\6E69D45C-612F-4fed-98F1-C1616760548E\5\mask\12566667","147456","2026-06-17 오전 1:21:38"
"C:\Users\user\AppData\Local\CapCut Drafts\0617\matting\2d99daf14acd02ceeb707412f1139375\6E69D45C-612F-4fed-98F1-C1616760548E\5\mask\12600000","147456","2026-06-17 오전 1:21:38"
"C:\Users\user\AppData\Local\CapCut Drafts\0617\matting\2d99daf14acd02ceeb707412f1139375\6E69D45C-612F-4fed-98F1-C1616760548E\5\mask\12633333","147456","2026-06-17 오전 1:21:38"
"C:\Users\user\AppData\Local\CapCut Drafts\0617\matting\2d99daf14acd02ceeb707412f1139375\6E69D45C-612F-4fed-98F1-C1616760548E\5\mask\12666667","147456","2026-06-17 오전 1:21:38"
"C:\Users\user\AppData\Local\CapCut Drafts\0617\matting\2d99daf14acd02ceeb707412f1139375\6E69D45C-612F-4fed-98F1-C1616760548E\5\mask\1266667","147456","2026-06-17 오전 1:21:37"
"C:\Users\user\AppData\Local\CapCut Drafts\0617\matting\2d99daf14acd02ceeb707412f1139375\6E69D45C-612F-4fed-98F1-C1616760548E\5\mask\12700000","147456","2026-06-17 오전 1:21:38"
"C:\Users\user\AppData\Local\CapCut Drafts\0617\matting\2d99daf14acd02ceeb707412f1139375\6E69D45C-612F-4fed-98F1-C1616760548E\5\mask\12733333","147456","2026-06-17 오전 1:21:38"
"C:\Users\user\AppData\Local\CapCut Drafts\0617\matting\2d99daf14acd02ceeb707412f1139375\6E69D45C-612F-4fed-98F1-C1616760548E\5\mask\12766667","147456","2026-06-17 오전 1:21:38"
"C:\Users\user\AppData\Local\CapCut Drafts\0617\matting\2d99daf14acd02ceeb707412f1139375\6E69D45C-612F-4fed-98F1-C1616760548E\5\mask\12800000","147456","2026-06-17 오전 1:21:38"
"C:\Users\user\AppData\Local\CapCut Drafts\0617\matting\2d99daf14acd02ceeb707412f1139375\6E69D45C-612F-4fed-98F1-C1616760548E\5\mask\12833333","147456","2026-06-17 오전 1:21:38"
"C:\Users\user\AppData\Local\CapCut Drafts\0617\matting\2d99daf14acd02ceeb707412f1139375\6E69D45C-612F-4fed-98F1-C1616760548E\5\mask\12866667","147456","2026-06-17 오전 1:21:38"
"C:\Users\user\AppData\Local\CapCut Drafts\0617\matting\2d99daf14acd02ceeb707412f1139375\6E69D45C-612F-4fed-98F1-C1616760548E\5\mask\12900000","147456","2026-06-17 오전 1:21:38"
"C:\Users\user\AppData\Local\CapCut Drafts\0617\matting\2d99daf14acd02ceeb707412f1139375\6E69D45C-612F-4fed-98F1-C1616760548E\5\mask\12933333","147456","2026-06-17 오전 1:21:38"
"C:\Users\user\AppData\Local\CapCut Drafts\0617\matting\2d99daf14acd02ceeb707412f1139375\6E69D45C-612F-4fed-98F1-C1616760548E\5\mask\12966667","147456","2026-06-17 오전 1:21:38"
"C:\Users\user\AppData\Local\CapCut Drafts\0617\matting\2d99daf14acd02ceeb707412f1139375\6E69D45C-612F-4fed-98F1-C1616760548E\5\mask\1300000","147456","2026-06-17 오전 1:21:37"
"C:\Users\user\AppData\Local\CapCut Drafts\0617\matting\2d99daf14acd02ceeb707412f1139375\6E69D45C-612F-4fed-98F1-C1616760548E\5\mask\13000000","147456","2026-06-17 오전 1:21:38"
"C:\Users\user\AppData\Local\CapCut Drafts\0617\matting\2d99daf14acd02ceeb707412f1139375\6E69D45C-612F-4fed-98F1-C1616760548E\5\mask\13033333","147456","2026-06-17 오전 1:21:38"
"C:\Users\user\AppData\Local\CapCut Drafts\0617\matting\2d99daf14acd02ceeb707412f1139375\6E69D45C-612F-4fed-98F1-C1616760548E\5\mask\13066667","147456","2026-06-17 오전 1:21:38"
"C:\Users\user\AppData\Local\CapCut Drafts\0617\matting\2d99daf14acd02ceeb707412f1139375\6E69D45C-612F-4fed-98F1-C1616760548E\5\mask\13100000","147456","2026-06-17 오전 1:21:38"
"C:\Users\user\AppData\Local\CapCut Drafts\0617\matting\2d99daf14acd02ceeb707412f1139375\6E69D45C-612F-4fed-98F1-C1616760548E\5\mask\13133333","147456","2026-06-17 오전 1:21:38"
"C:\Users\user\AppData\Local\CapCut Drafts\0617\matting\2d99daf14acd02ceeb707412f1139375\6E69D45C-612F-4fed-98F1-C1616760548E\5\mask\13166667","147456","2026-06-17 오전 1:21:38"
"C:\Users\user\AppData\Local\CapCut Drafts\0617\matting\2d99daf14acd02ceeb707412f1139375\6E69D45C-612F-4fed-98F1-C1616760548E\5\mask\13200000","147456","2026-06-17 오전 1:21:38"
"C:\Users\user\AppData\Local\CapCut Drafts\0617\matting\2d99daf14acd02ceeb707412f1139375\6E69D45C-612F-4fed-98F1-C1616760548E\5\mask\13233333","147456","2026-06-17 오전 1:21:38"
"C:\Users\user\AppData\Local\CapCut Drafts\0617\matting\2d99daf14acd02ceeb707412f1139375\6E69D45C-612F-4fed-98F1-C1616760548E\5\mask\13266667","147456","2026-06-17 오전 1:21:38"
"C:\Users\user\AppData\Local\CapCut Drafts\0617\matting\2d99daf14acd02ceeb707412f1139375\6E69D45C-612F-4fed-98F1-C1616760548E\5\mask\13300000","147456","2026-06-17 오전 1:21:38"
"C:\Users\user\AppData\Local\CapCut Drafts\0617\matting\2d99daf14acd02ceeb707412f1139375\6E69D45C-612F-4fed-98F1-C1616760548E\5\mask\133333","147456","2026-06-17 오전 1:21:39"
"C:\Users\user\AppData\Local\CapCut Drafts\0617\matting\2d99daf14acd02ceeb707412f1139375\6E69D45C-612F-4fed-98F1-C1616760548E\5\mask\1333333","147456","2026-06-17 오전 1:21:37"
"C:\Users\user\AppData\Local\CapCut Drafts\0617\matting\2d99daf14acd02ceeb707412f1139375\6E69D45C-612F-4fed-98F1-C1616760548E\5\mask\13333333","147456","2026-06-17 오전 1:21:38"
"C:\Users\user\AppData\Local\CapCut Drafts\0617\matting\2d99daf14acd02ceeb707412f1139375\6E69D45C-612F-4fed-98F1-C1616760548E\5\mask\13366667","147456","2026-06-17 오전 1:21:38"
"C:\Users\user\AppData\Local\CapCut Drafts\0617\matting\2d99daf14acd02ceeb707412f1139375\6E69D45C-612F-4fed-98F1-C1616760548E\5\mask\13400000","147456","2026-06-17 오전 1:21:38"
"C:\Users\user\AppData\Local\CapCut Drafts\0617\matting\2d99daf14acd02ceeb707412f1139375\6E69D45C-612F-4fed-98F1-C1616760548E\5\mask\13433333","147456","2026-06-17 오전 1:21:38"
"C:\Users\user\AppData\Local\CapCut Drafts\0617\matting\2d99daf14acd02ceeb707412f1139375\6E69D45C-612F-4fed-98F1-C1616760548E\5\mask\13466667","147456","2026-06-17 오전 1:21:38"
"C:\Users\user\AppData\Local\CapCut Drafts\0617\matting\2d99daf14acd02ceeb707412f1139375\6E69D45C-612F-4fed-98F1-C1616760548E\5\mask\13500000","147456","2026-06-17 오전 1:21:38"
"C:\Users\user\AppData\Local\CapCut Drafts\0617\matting\2d99daf14acd02ceeb707412f1139375\6E69D45C-612F-4fed-98F1-C1616760548E\5\mask\13533333","147456","2026-06-17 오전 1:21:38"
"C:\Users\user\AppData\Local\CapCut Drafts\0617\matting\2d99daf14acd02ceeb707412f1139375\6E69D45C-612F-4fed-98F1-C1616760548E\5\mask\13566667","147456","2026-06-17 오전 1:21:38"
"C:\Users\user\AppData\Local\CapCut Drafts\0617\matting\2d99daf14acd02ceeb707412f1139375\6E69D45C-612F-4fed-98F1-C1616760548E\5\mask\13600000","147456","2026-06-17 오전 1:21:38"
"C:\Users\user\AppData\Local\CapCut Drafts\0617\matting\2d99daf14acd02ceeb707412f1139375\6E69D45C-612F-4fed-98F1-C1616760548E\5\mask\13633333","147456","2026-06-17 오전 1:21:38"
"C:\Users\user\AppData\Local\CapCut Drafts\0617\matting\2d99daf14acd02ceeb707412f1139375\6E69D45C-612F-4fed-98F1-C1616760548E\5\mask\13666667","147456","2026-06-17 오전 1:21:38"
"C:\Users\user\AppData\Local\CapCut Drafts\0617\matting\2d99daf14acd02ceeb707412f1139375\6E69D45C-612F-4fed-98F1-C1616760548E\5\mask\1366667","147456","2026-06-17 오전 1:21:37"
"C:\Users\user\AppData\Local\CapCut Drafts\0617\matting\2d99daf14acd02ceeb707412f1139375\6E69D45C-612F-4fed-98F1-C1616760548E\5\mask\13700000","147456","2026-06-17 오전 1:21:38"
"C:\Users\user\AppData\Local\CapCut Drafts\0617\matting\2d99daf14acd02ceeb707412f1139375\6E69D45C-612F-4fed-98F1-C1616760548E\5\mask\13733333","147456","2026-06-17 오전 1:21:38"
"C:\Users\user\AppData\Local\CapCut Drafts\0617\matting\2d99daf14acd02ceeb707412f1139375\6E69D45C-612F-4fed-98F1-C1616760548E\5\mask\13766667","147456","2026-06-17 오전 1:21:38"
"C:\Users\user\AppData\Local\CapCut Drafts\0617\matting\2d99daf14acd02ceeb707412f1139375\6E69D45C-612F-4fed-98F1-C1616760548E\5\mask\13800000","147456","2026-06-17 오전 1:21:38"
"C:\Users\user\AppData\Local\CapCut Drafts\0617\matting\2d99daf14acd02ceeb707412f1139375\6E69D45C-612F-4fed-98F1-C1616760548E\5\mask\13833333","147456","2026-06-17 오전 1:21:38"
"C:\Users\user\AppData\Local\CapCut Drafts\0617\matting\2d99daf14acd02ceeb707412f1139375\6E69D45C-612F-4fed-98F1-C1616760548E\5\mask\13866667","147456","2026-06-17 오전 1:21:38"
"C:\Users\user\AppData\Local\CapCut Drafts\0617\matting\2d99daf14acd02ceeb707412f1139375\6E69D45C-612F-4fed-98F1-C1616760548E\5\mask\13900000","147456","2026-06-17 오전 1:21:38"
"C:\Users\user\AppData\Local\CapCut Drafts\0617\matting\2d99daf14acd02ceeb707412f1139375\6E69D45C-612F-4fed-98F1-C1616760548E\5\mask\13933333","147456","2026-06-17 오전 1:21:38"
"C:\Users\user\AppData\Local\CapCut Drafts\0617\matting\2d99daf14acd02ceeb707412f1139375\6E69D45C-612F-4fed-98F1-C1616760548E\5\mask\13966667","147456","2026-06-17 오전 1:21:38"
"C:\Users\user\AppData\Local\CapCut Drafts\0617\matting\2d99daf14acd02ceeb707412f1139375\6E69D45C-612F-4fed-98F1-C1616760548E\5\mask\1400000","147456","2026-06-17 오전 1:21:37"
"C:\Users\user\AppData\Local\CapCut Drafts\0617\matting\2d99daf14acd02ceeb707412f1139375\6E69D45C-612F-4fed-98F1-C1616760548E\5\mask\14000000","147456","2026-06-17 오전 1:21:38"
"C:\Users\user\AppData\Local\CapCut Drafts\0617\matting\2d99daf14acd02ceeb707412f1139375\6E69D45C-612F-4fed-98F1-C1616760548E\5\mask\14033333","147456","2026-06-17 오전 1:21:38"
"C:\Users\user\AppData\Local\CapCut Drafts\0617\matting\2d99daf14acd02ceeb707412f1139375\6E69D45C-612F-4fed-98F1-C1616760548E\5\mask\14066667","147456","2026-06-17 오전 1:21:38"
"C:\Users\user\AppData\Local\CapCut Drafts\0617\matting\2d99daf14acd02ceeb707412f1139375\6E69D45C-612F-4fed-98F1-C1616760548E\5\mask\14100000","147456","2026-06-17 오전 1:21:38"
"C:\Users\user\AppData\Local\CapCut Drafts\0617\matting\2d99daf14acd02ceeb707412f1139375\6E69D45C-612F-4fed-98F1-C1616760548E\5\mask\14133333","147456","2026-06-17 오전 1:21:38"
"C:\Users\user\AppData\Local\CapCut Drafts\0617\matting\2d99daf14acd02ceeb707412f1139375\6E69D45C-612F-4fed-98F1-C1616760548E\5\mask\14166667","147456","2026-06-17 오전 1:21:38"
"C:\Users\user\AppData\Local\CapCut Drafts\0617\matting\2d99daf14acd02ceeb707412f1139375\6E69D45C-612F-4fed-98F1-C1616760548E\5\mask\14200000","147456","2026-06-17 오전 1:21:38"
"C:\Users\user\AppData\Local\CapCut Drafts\0617\matting\2d99daf14acd02ceeb707412f1139375\6E69D45C-612F-4fed-98F1-C1616760548E\5\mask\14233333","147456","2026-06-17 오전 1:21:38"
"C:\Users\user\AppData\Local\CapCut Drafts\0617\matting\2d99daf14acd02ceeb707412f1139375\6E69D45C-612F-4fed-98F1-C1616760548E\5\mask\14266667","147456","2026-06-17 오전 1:21:38"
"C:\Users\user\AppData\Local\CapCut Drafts\0617\matting\2d99daf14acd02ceeb707412f1139375\6E69D45C-612F-4fed-98F1-C1616760548E\5\mask\14300000","147456","2026-06-17 오전 1:21:38"
"C:\Users\user\AppData\Local\CapCut Drafts\0617\matting\2d99daf14acd02ceeb707412f1139375\6E69D45C-612F-4fed-98F1-C1616760548E\5\mask\1433333","147456","2026-06-17 오전 1:21:37"
"C:\Users\user\AppData\Local\CapCut Drafts\0617\matting\2d99daf14acd02ceeb707412f1139375\6E69D45C-612F-4fed-98F1-C1616760548E\5\mask\14333333","147456","2026-06-17 오전 1:21:38"
"C:\Users\user\AppData\Local\CapCut Drafts\0617\matting\2d99daf14acd02ceeb707412f1139375\6E69D45C-612F-4fed-98F1-C1616760548E\5\mask\14366667","147456","2026-06-17 오전 1:21:38"
"C:\Users\user\AppData\Local\CapCut Drafts\0617\matting\2d99daf14acd02ceeb707412f1139375\6E69D45C-612F-4fed-98F1-C1616760548E\5\mask\14400000","147456","2026-06-17 오전 1:21:38"
"C:\Users\user\AppData\Local\CapCut Drafts\0617\matting\2d99daf14acd02ceeb707412f1139375\6E69D45C-612F-4fed-98F1-C1616760548E\5\mask\14433333","147456","2026-06-17 오전 1:21:38"
"C:\Users\user\AppData\Local\CapCut Drafts\0617\matting\2d99daf14acd02ceeb707412f1139375\6E69D45C-612F-4fed-98F1-C1616760548E\5\mask\14466667","147456","2026-06-17 오전 1:21:38"
"C:\Users\user\AppData\Local\CapCut Drafts\0617\matting\2d99daf14acd02ceeb707412f1139375\6E69D45C-612F-4fed-98F1-C1616760548E\5\mask\14500000","147456","2026-06-17 오전 1:21:38"
"C:\Users\user\AppData\Local\CapCut Drafts\0617\matting\2d99daf14acd02ceeb707412f1139375\6E69D45C-612F-4fed-98F1-C1616760548E\5\mask\14533333","147456","2026-06-17 오전 1:21:38"
"C:\Users\user\AppData\Local\CapCut Drafts\0617\matting\2d99daf14acd02ceeb707412f1139375\6E69D45C-612F-4fed-98F1-C1616760548E\5\mask\14566667","147456","2026-06-17 오전 1:21:38"
"C:\Users\user\AppData\Local\CapCut Drafts\0617\matting\2d99daf14acd02ceeb707412f1139375\6E69D45C-612F-4fed-98F1-C1616760548E\5\mask\14600000","147456","2026-06-17 오전 1:21:38"
"C:\Users\user\AppData\Local\CapCut Drafts\0617\matting\2d99daf14acd02ceeb707412f1139375\6E69D45C-612F-4fed-98F1-C1616760548E\5\mask\14633333","147456","2026-06-17 오전 1:21:38"
"C:\Users\user\AppData\Local\CapCut Drafts\0617\matting\2d99daf14acd02ceeb707412f1139375\6E69D45C-612F-4fed-98F1-C1616760548E\5\mask\14666667","147456","2026-06-17 오전 1:21:38"
"C:\Users\user\AppData\Local\CapCut Drafts\0617\matting\2d99daf14acd02ceeb707412f1139375\6E69D45C-612F-4fed-98F1-C1616760548E\5\mask\1466667","147456","2026-06-17 오전 1:21:37"
"C:\Users\user\AppData\Local\CapCut Drafts\0617\matting\2d99daf14acd02ceeb707412f1139375\6E69D45C-612F-4fed-98F1-C1616760548E\5\mask\14700000","147456","2026-06-17 오전 1:21:38"
"C:\Users\user\AppData\Local\CapCut Drafts\0617\matting\2d99daf14acd02ceeb707412f1139375\6E69D45C-612F-4fed-98F1-C1616760548E\5\mask\14733333","147456","2026-06-17 오전 1:21:38"
"C:\Users\user\AppData\Local\CapCut Drafts\0617\matting\2d99daf14acd02ceeb707412f1139375\6E69D45C-612F-4fed-98F1-C1616760548E\5\mask\14766667","147456","2026-06-17 오전 1:21:38"
"C:\Users\user\AppData\Local\CapCut Drafts\0617\matting\2d99daf14acd02ceeb707412f1139375\6E69D45C-612F-4fed-98F1-C1616760548E\5\mask\14800000","147456","2026-06-17 오전 1:21:38"
"C:\Users\user\AppData\Local\CapCut Drafts\0617\matting\2d99daf14acd02ceeb707412f1139375\6E69D45C-612F-4fed-98F1-C1616760548E\5\mask\14833333","147456","2026-06-17 오전 1:21:38"
"C:\Users\user\AppData\Local\CapCut Drafts\0617\matting\2d99daf14acd02ceeb707412f1139375\6E69D45C-612F-4fed-98F1-C1616760548E\5\mask\14866667","147456","2026-06-17 오전 1:21:38"
"C:\Users\user\AppData\Local\CapCut Drafts\0617\matting\2d99daf14acd02ceeb707412f1139375\6E69D45C-612F-4fed-98F1-C1616760548E\5\mask\14900000","147456","2026-06-17 오전 1:21:38"
"C:\Users\user\AppData\Local\CapCut Drafts\0617\matting\2d99daf14acd02ceeb707412f1139375\6E69D45C-612F-4fed-98F1-C1616760548E\5\mask\14933333","147456","2026-06-17 오전 1:21:38"
"C:\Users\user\AppData\Local\CapCut Drafts\0617\matting\2d99daf14acd02ceeb707412f1139375\6E69D45C-612F-4fed-98F1-C1616760548E\5\mask\14966667","147456","2026-06-17 오전 1:21:38"
"C:\Users\user\AppData\Local\CapCut Drafts\0617\matting\2d99daf14acd02ceeb707412f1139375\6E69D45C-612F-4fed-98F1-C1616760548E\5\mask\1500000","147456","2026-06-17 오전 1:21:37"
"C:\Users\user\AppData\Local\CapCut Drafts\0617\matting\2d99daf14acd02ceeb707412f1139375\6E69D45C-612F-4fed-98F1-C1616760548E\5\mask\15000000","147456","2026-06-17 오전 1:21:38"
"C:\Users\user\AppData\Local\CapCut Drafts\0617\matting\2d99daf14acd02ceeb707412f1139375\6E69D45C-612F-4fed-98F1-C1616760548E\5\mask\15033333","147456","2026-06-17 오전 1:21:38"
"C:\Users\user\AppData\Local\CapCut Drafts\0617\matting\2d99daf14acd02ceeb707412f1139375\6E69D45C-612F-4fed-98F1-C1616760548E\5\mask\15066667","147456","2026-06-17 오전 1:21:38"
"C:\Users\user\AppData\Local\CapCut Drafts\0617\matting\2d99daf14acd02ceeb707412f1139375\6E69D45C-612F-4fed-98F1-C1616760548E\5\mask\15100000","147456","2026-06-17 오전 1:21:38"
"C:\Users\user\AppData\Local\CapCut Drafts\0617\matting\2d99daf14acd02ceeb707412f1139375\6E69D45C-612F-4fed-98F1-C1616760548E\5\mask\15133333","147456","2026-06-17 오전 1:21:38"
"C:\Users\user\AppData\Local\CapCut Drafts\0617\matting\2d99daf14acd02ceeb707412f1139375\6E69D45C-612F-4fed-98F1-C1616760548E\5\mask\15166667","147456","2026-06-17 오전 1:21:38"
"C:\Users\user\AppData\Local\CapCut Drafts\0617\matting\2d99daf14acd02ceeb707412f1139375\6E69D45C-612F-4fed-98F1-C1616760548E\5\mask\15200000","147456","2026-06-17 오전 1:21:38"
"C:\Users\user\AppData\Local\CapCut Drafts\0617\matting\2d99daf14acd02ceeb707412f1139375\6E69D45C-612F-4fed-98F1-C1616760548E\5\mask\15233333","147456","2026-06-17 오전 1:21:38"
"C:\Users\user\AppData\Local\CapCut Drafts\0617\matting\2d99daf14acd02ceeb707412f1139375\6E69D45C-612F-4fed-98F1-C1616760548E\5\mask\15266667","147456","2026-06-17 오전 1:21:38"
"C:\Users\user\AppData\Local\CapCut Drafts\0617\matting\2d99daf14acd02ceeb707412f1139375\6E69D45C-612F-4fed-98F1-C1616760548E\5\mask\15300000","147456","2026-06-17 오전 1:21:38"
"C:\Users\user\AppData\Local\CapCut Drafts\0617\matting\2d99daf14acd02ceeb707412f1139375\6E69D45C-612F-4fed-98F1-C1616760548E\5\mask\1533333","147456","2026-06-17 오전 1:21:37"
"C:\Users\user\AppData\Local\CapCut Drafts\0617\matting\2d99daf14acd02ceeb707412f1139375\6E69D45C-612F-4fed-98F1-C1616760548E\5\mask\15333333","147456","2026-06-17 오전 1:21:38"
"C:\Users\user\AppData\Local\CapCut Drafts\0617\matting\2d99daf14acd02ceeb707412f1139375\6E69D45C-612F-4fed-98F1-C1616760548E\5\mask\15366667","147456","2026-06-17 오전 1:21:38"
"C:\Users\user\AppData\Local\CapCut Drafts\0617\matting\2d99daf14acd02ceeb707412f1139375\6E69D45C-612F-4fed-98F1-C1616760548E\5\mask\15400000","147456","2026-06-17 오전 1:21:38"
"C:\Users\user\AppData\Local\CapCut Drafts\0617\matting\2d99daf14acd02ceeb707412f1139375\6E69D45C-612F-4fed-98F1-C1616760548E\5\mask\15433333","147456","2026-06-17 오전 1:21:38"
"C:\Users\user\AppData\Local\CapCut Drafts\0617\matting\2d99daf14acd02ceeb707412f1139375\6E69D45C-612F-4fed-98F1-C1616760548E\5\mask\15466667","147456","2026-06-17 오전 1:21:38"
"C:\Users\user\AppData\Local\CapCut Drafts\0617\matting\2d99daf14acd02ceeb707412f1139375\6E69D45C-612F-4fed-98F1-C1616760548E\5\mask\15500000","147456","2026-06-17 오전 1:21:38"
"C:\Users\user\AppData\Local\CapCut Drafts\0617\matting\2d99daf14acd02ceeb707412f1139375\6E69D45C-612F-4fed-98F1-C1616760548E\5\mask\15533333","147456","2026-06-17 오전 1:21:38"
"C:\Users\user\AppData\Local\CapCut Drafts\0617\matting\2d99daf14acd02ceeb707412f1139375\6E69D45C-612F-4fed-98F1-C1616760548E\5\mask\15566667","147456","2026-06-17 오전 1:21:38"
"C:\Users\user\AppData\Local\CapCut Drafts\0617\matting\2d99daf14acd02ceeb707412f1139375\6E69D45C-612F-4fed-98F1-C1616760548E\5\mask\15600000","147456","2026-06-17 오전 1:21:38"
"C:\Users\user\AppData\Local\CapCut Drafts\0617\matting\2d99daf14acd02ceeb707412f1139375\6E69D45C-612F-4fed-98F1-C1616760548E\5\mask\15633333","147456","2026-06-17 오전 1:21:38"
"C:\Users\user\AppData\Local\CapCut Drafts\0617\matting\2d99daf14acd02ceeb707412f1139375\6E69D45C-612F-4fed-98F1-C1616760548E\5\mask\15666667","147456","2026-06-17 오전 1:21:39"
"C:\Users\user\AppData\Local\CapCut Drafts\0617\matting\2d99daf14acd02ceeb707412f1139375\6E69D45C-612F-4fed-98F1-C1616760548E\5\mask\1566667","147456","2026-06-17 오전 1:21:37"
"C:\Users\user\AppData\Local\CapCut Drafts\0617\matting\2d99daf14acd02ceeb707412f1139375\6E69D45C-612F-4fed-98F1-C1616760548E\5\mask\15700000","147456","2026-06-17 오전 1:21:39"
"C:\Users\user\AppData\Local\CapCut Drafts\0617\matting\2d99daf14acd02ceeb707412f1139375\6E69D45C-612F-4fed-98F1-C1616760548E\5\mask\15733333","147456","2026-06-17 오전 1:21:39"
"C:\Users\user\AppData\Local\CapCut Drafts\0617\matting\2d99daf14acd02ceeb707412f1139375\6E69D45C-612F-4fed-98F1-C1616760548E\5\mask\15766667","147456","2026-06-17 오전 1:21:39"
"C:\Users\user\AppData\Local\CapCut Drafts\0617\matting\2d99daf14acd02ceeb707412f1139375\6E69D45C-612F-4fed-98F1-C1616760548E\5\mask\15800000","147456","2026-06-17 오전 1:21:39"
"C:\Users\user\AppData\Local\CapCut Drafts\0617\matting\2d99daf14acd02ceeb707412f1139375\6E69D45C-612F-4fed-98F1-C1616760548E\5\mask\15833333","147456","2026-06-17 오전 1:21:39"
"C:\Users\user\AppData\Local\CapCut Drafts\0617\matting\2d99daf14acd02ceeb707412f1139375\6E69D45C-612F-4fed-98F1-C1616760548E\5\mask\15866667","147456","2026-06-17 오전 1:21:39"
"C:\Users\user\AppData\Local\CapCut Drafts\0617\matting\2d99daf14acd02ceeb707412f1139375\6E69D45C-612F-4fed-98F1-C1616760548E\5\mask\15900000","147456","2026-06-17 오전 1:21:39"
"C:\Users\user\AppData\Local\CapCut Drafts\0617\matting\2d99daf14acd02ceeb707412f1139375\6E69D45C-612F-4fed-98F1-C1616760548E\5\mask\15933333","147456","2026-06-17 오전 1:21:39"
"C:\Users\user\AppData\Local\CapCut Drafts\0617\matting\2d99daf14acd02ceeb707412f1139375\6E69D45C-612F-4fed-98F1-C1616760548E\5\mask\15966667","147456","2026-06-17 오전 1:21:39"
"C:\Users\user\AppData\Local\CapCut Drafts\0617\matting\2d99daf14acd02ceeb707412f1139375\6E69D45C-612F-4fed-98F1-C1616760548E\5\mask\1600000","147456","2026-06-17 오전 1:21:37"
"C:\Users\user\AppData\Local\CapCut Drafts\0617\matting\2d99daf14acd02ceeb707412f1139375\6E69D45C-612F-4fed-98F1-C1616760548E\5\mask\16000000","147456","2026-06-17 오전 1:21:39"
"C:\Users\user\AppData\Local\CapCut Drafts\0617\matting\2d99daf14acd02ceeb707412f1139375\6E69D45C-612F-4fed-98F1-C1616760548E\5\mask\16033333","147456","2026-06-17 오전 1:21:39"
"C:\Users\user\AppData\Local\CapCut Drafts\0617\matting\2d99daf14acd02ceeb707412f1139375\6E69D45C-612F-4fed-98F1-C1616760548E\5\mask\16066667","147456","2026-06-17 오전 1:21:39"
"C:\Users\user\AppData\Local\CapCut Drafts\0617\matting\2d99daf14acd02ceeb707412f1139375\6E69D45C-612F-4fed-98F1-C1616760548E\5\mask\16100000","147456","2026-06-17 오전 1:21:39"
"C:\Users\user\AppData\Local\CapCut Drafts\0617\matting\2d99daf14acd02ceeb707412f1139375\6E69D45C-612F-4fed-98F1-C1616760548E\5\mask\16133333","147456","2026-06-17 오전 1:21:39"
"C:\Users\user\AppData\Local\CapCut Drafts\0617\matting\2d99daf14acd02ceeb707412f1139375\6E69D45C-612F-4fed-98F1-C1616760548E\5\mask\16166667","147456","2026-06-17 오전 1:21:39"
"C:\Users\user\AppData\Local\CapCut Drafts\0617\matting\2d99daf14acd02ceeb707412f1139375\6E69D45C-612F-4fed-98F1-C1616760548E\5\mask\16200000","147456","2026-06-17 오전 1:21:39"
"C:\Users\user\AppData\Local\CapCut Drafts\0617\matting\2d99daf14acd02ceeb707412f1139375\6E69D45C-612F-4fed-98F1-C1616760548E\5\mask\16233333","147456","2026-06-17 오전 1:21:39"
"C:\Users\user\AppData\Local\CapCut Drafts\0617\matting\2d99daf14acd02ceeb707412f1139375\6E69D45C-612F-4fed-98F1-C1616760548E\5\mask\16266667","147456","2026-06-17 오전 1:21:39"
"C:\Users\user\AppData\Local\CapCut Drafts\0617\matting\2d99daf14acd02ceeb707412f1139375\6E69D45C-612F-4fed-98F1-C1616760548E\5\mask\16300000","147456","2026-06-17 오전 1:21:39"
"C:\Users\user\AppData\Local\CapCut Drafts\0617\matting\2d99daf14acd02ceeb707412f1139375\6E69D45C-612F-4fed-98F1-C1616760548E\5\mask\1633333","147456","2026-06-17 오전 1:21:37"
"C:\Users\user\AppData\Local\CapCut Drafts\0617\matting\2d99daf14acd02ceeb707412f1139375\6E69D45C-612F-4fed-98F1-C1616760548E\5\mask\16333333","147456","2026-06-17 오전 1:21:39"
"C:\Users\user\AppData\Local\CapCut Drafts\0617\matting\2d99daf14acd02ceeb707412f1139375\6E69D45C-612F-4fed-98F1-C1616760548E\5\mask\16366667","147456","2026-06-17 오전 1:21:39"
"C:\Users\user\AppData\Local\CapCut Drafts\0617\matting\2d99daf14acd02ceeb707412f1139375\6E69D45C-612F-4fed-98F1-C1616760548E\5\mask\16400000","147456","2026-06-17 오전 1:21:39"
"C:\Users\user\AppData\Local\CapCut Drafts\0617\matting\2d99daf14acd02ceeb707412f1139375\6E69D45C-612F-4fed-98F1-C1616760548E\5\mask\16433333","147456","2026-06-17 오전 1:21:39"
"C:\Users\user\AppData\Local\CapCut Drafts\0617\matting\2d99daf14acd02ceeb707412f1139375\6E69D45C-612F-4fed-98F1-C1616760548E\5\mask\16466667","147456","2026-06-17 오전 1:21:39"
"C:\Users\user\AppData\Local\CapCut Drafts\0617\matting\2d99daf14acd02ceeb707412f1139375\6E69D45C-612F-4fed-98F1-C1616760548E\5\mask\16500000","147456","2026-06-17 오전 1:21:39"
"C:\Users\user\AppData\Local\CapCut Drafts\0617\matting\2d99daf14acd02ceeb707412f1139375\6E69D45C-612F-4fed-98F1-C1616760548E\5\mask\16533333","147456","2026-06-17 오전 1:21:39"
"C:\Users\user\AppData\Local\CapCut Drafts\0617\matting\2d99daf14acd02ceeb707412f1139375\6E69D45C-612F-4fed-98F1-C1616760548E\5\mask\16566667","147456","2026-06-17 오전 1:21:39"
"C:\Users\user\AppData\Local\CapCut Drafts\0617\matting\2d99daf14acd02ceeb707412f1139375\6E69D45C-612F-4fed-98F1-C1616760548E\5\mask\16600000","147456","2026-06-17 오전 1:21:39"
"C:\Users\user\AppData\Local\CapCut Drafts\0617\matting\2d99daf14acd02ceeb707412f1139375\6E69D45C-612F-4fed-98F1-C1616760548E\5\mask\16633333","147456","2026-06-17 오전 1:21:39"
"C:\Users\user\AppData\Local\CapCut Drafts\0617\matting\2d99daf14acd02ceeb707412f1139375\6E69D45C-612F-4fed-98F1-C1616760548E\5\mask\16666667","147456","2026-06-17 오전 1:21:39"
"C:\Users\user\AppData\Local\CapCut Drafts\0617\matting\2d99daf14acd02ceeb707412f1139375\6E69D45C-612F-4fed-98F1-C1616760548E\5\mask\1666667","147456","2026-06-17 오전 1:21:37"
"C:\Users\user\AppData\Local\CapCut Drafts\0617\matting\2d99daf14acd02ceeb707412f1139375\6E69D45C-612F-4fed-98F1-C1616760548E\5\mask\166667","147456","2026-06-17 오전 1:21:39"
"C:\Users\user\AppData\Local\CapCut Drafts\0617\matting\2d99daf14acd02ceeb707412f1139375\6E69D45C-612F-4fed-98F1-C1616760548E\5\mask\16700000","147456","2026-06-17 오전 1:21:39"
"C:\Users\user\AppData\Local\CapCut Drafts\0617\matting\2d99daf14acd02ceeb707412f1139375\6E69D45C-612F-4fed-98F1-C1616760548E\5\mask\16733333","147456","2026-06-17 오전 1:21:39"
"C:\Users\user\AppData\Local\CapCut Drafts\0617\matting\2d99daf14acd02ceeb707412f1139375\6E69D45C-612F-4fed-98F1-C1616760548E\5\mask\16766667","147456","2026-06-17 오전 1:21:39"
"C:\Users\user\AppData\Local\CapCut Drafts\0617\matting\2d99daf14acd02ceeb707412f1139375\6E69D45C-612F-4fed-98F1-C1616760548E\5\mask\16800000","147456","2026-06-17 오전 1:21:39"
"C:\Users\user\AppData\Local\CapCut Drafts\0617\matting\2d99daf14acd02ceeb707412f1139375\6E69D45C-612F-4fed-98F1-C1616760548E\5\mask\16833333","147456","2026-06-17 오전 1:21:39"
"C:\Users\user\AppData\Local\CapCut Drafts\0617\matting\2d99daf14acd02ceeb707412f1139375\6E69D45C-612F-4fed-98F1-C1616760548E\5\mask\16866667","147456","2026-06-17 오전 1:21:39"
"C:\Users\user\AppData\Local\CapCut Drafts\0617\matting\2d99daf14acd02ceeb707412f1139375\6E69D45C-612F-4fed-98F1-C1616760548E\5\mask\16900000","147456","2026-06-17 오전 1:21:39"
"C:\Users\user\AppData\Local\CapCut Drafts\0617\matting\2d99daf14acd02ceeb707412f1139375\6E69D45C-612F-4fed-98F1-C1616760548E\5\mask\16933333","147456","2026-06-17 오전 1:21:39"
"C:\Users\user\AppData\Local\CapCut Drafts\0617\matting\2d99daf14acd02ceeb707412f1139375\6E69D45C-612F-4fed-98F1-C1616760548E\5\mask\16966667","147456","2026-06-17 오전 1:21:39"
"C:\Users\user\AppData\Local\CapCut Drafts\0617\matting\2d99daf14acd02ceeb707412f1139375\6E69D45C-612F-4fed-98F1-C1616760548E\5\mask\1700000","147456","2026-06-17 오전 1:21:37"
"C:\Users\user\AppData\Local\CapCut Drafts\0617\matting\2d99daf14acd02ceeb707412f1139375\6E69D45C-612F-4fed-98F1-C1616760548E\5\mask\17000000","147456","2026-06-17 오전 1:21:39"
"C:\Users\user\AppData\Local\CapCut Drafts\0617\matting\2d99daf14acd02ceeb707412f1139375\6E69D45C-612F-4fed-98F1-C1616760548E\5\mask\17033333","147456","2026-06-17 오전 1:21:39"
"C:\Users\user\AppData\Local\CapCut Drafts\0617\matting\2d99daf14acd02ceeb707412f1139375\6E69D45C-612F-4fed-98F1-C1616760548E\5\mask\17066667","147456","2026-06-17 오전 1:21:39"
"C:\Users\user\AppData\Local\CapCut Drafts\0617\matting\2d99daf14acd02ceeb707412f1139375\6E69D45C-612F-4fed-98F1-C1616760548E\5\mask\17100000","147456","2026-06-17 오전 1:21:39"
"C:\Users\user\AppData\Local\CapCut Drafts\0617\matting\2d99daf14acd02ceeb707412f1139375\6E69D45C-612F-4fed-98F1-C1616760548E\5\mask\17133333","147456","2026-06-17 오전 1:21:39"
"C:\Users\user\AppData\Local\CapCut Drafts\0617\matting\2d99daf14acd02ceeb707412f1139375\6E69D45C-612F-4fed-98F1-C1616760548E\5\mask\17166667","147456","2026-06-17 오전 1:21:39"
"C:\Users\user\AppData\Local\CapCut Drafts\0617\matting\2d99daf14acd02ceeb707412f1139375\6E69D45C-612F-4fed-98F1-C1616760548E\5\mask\17200000","147456","2026-06-17 오전 1:21:39"
"C:\Users\user\AppData\Local\CapCut Drafts\0617\matting\2d99daf14acd02ceeb707412f1139375\6E69D45C-612F-4fed-98F1-C1616760548E\5\mask\17233333","147456","2026-06-17 오전 1:21:39"
"C:\Users\user\AppData\Local\CapCut Drafts\0617\matting\2d99daf14acd02ceeb707412f1139375\6E69D45C-612F-4fed-98F1-C1616760548E\5\mask\17266667","147456","2026-06-17 오전 1:21:39"
"C:\Users\user\AppData\Local\CapCut Drafts\0617\matting\2d99daf14acd02ceeb707412f1139375\6E69D45C-612F-4fed-98F1-C1616760548E\5\mask\17300000","147456","2026-06-17 오전 1:21:39"
"C:\Users\user\AppData\Local\CapCut Drafts\0617\matting\2d99daf14acd02ceeb707412f1139375\6E69D45C-612F-4fed-98F1-C1616760548E\5\mask\1733333","147456","2026-06-17 오전 1:21:37"
"C:\Users\user\AppData\Local\CapCut Drafts\0617\matting\2d99daf14acd02ceeb707412f1139375\6E69D45C-612F-4fed-98F1-C1616760548E\5\mask\17333333","147456","2026-06-17 오전 1:21:39"
"C:\Users\user\AppData\Local\CapCut Drafts\0617\matting\2d99daf14acd02ceeb707412f1139375\6E69D45C-612F-4fed-98F1-C1616760548E\5\mask\17366667","147456","2026-06-17 오전 1:21:39"
"C:\Users\user\AppData\Local\CapCut Drafts\0617\matting\2d99daf14acd02ceeb707412f1139375\6E69D45C-612F-4fed-98F1-C1616760548E\5\mask\17400000","147456","2026-06-17 오전 1:21:39"
"C:\Users\user\AppData\Local\CapCut Drafts\0617\matting\2d99daf14acd02ceeb707412f1139375\6E69D45C-612F-4fed-98F1-C1616760548E\5\mask\17433333","147456","2026-06-17 오전 1:21:39"
"C:\Users\user\AppData\Local\CapCut Drafts\0617\matting\2d99daf14acd02ceeb707412f1139375\6E69D45C-612F-4fed-98F1-C1616760548E\5\mask\17466667","147456","2026-06-17 오전 1:21:39"
"C:\Users\user\AppData\Local\CapCut Drafts\0617\matting\2d99daf14acd02ceeb707412f1139375\6E69D45C-612F-4fed-98F1-C1616760548E\5\mask\17500000","147456","2026-06-17 오전 1:21:39"
"C:\Users\user\AppData\Local\CapCut Drafts\0617\matting\2d99daf14acd02ceeb707412f1139375\6E69D45C-612F-4fed-98F1-C1616760548E\5\mask\17533333","147456","2026-06-17 오전 1:21:39"
"C:\Users\user\AppData\Local\CapCut Drafts\0617\matting\2d99daf14acd02ceeb707412f1139375\6E69D45C-612F-4fed-98F1-C1616760548E\5\mask\17566667","147456","2026-06-17 오전 1:21:39"
"C:\Users\user\AppData\Local\CapCut Drafts\0617\matting\2d99daf14acd02ceeb707412f1139375\6E69D45C-612F-4fed-98F1-C1616760548E\5\mask\17600000","147456","2026-06-17 오전 1:21:39"
"C:\Users\user\AppData\Local\CapCut Drafts\0617\matting\2d99daf14acd02ceeb707412f1139375\6E69D45C-612F-4fed-98F1-C1616760548E\5\mask\17633333","147456","2026-06-17 오전 1:21:39"
"C:\Users\user\AppData\Local\CapCut Drafts\0617\matting\2d99daf14acd02ceeb707412f1139375\6E69D45C-612F-4fed-98F1-C1616760548E\5\mask\17666667","147456","2026-06-17 오전 1:21:39"
"C:\Users\user\AppData\Local\CapCut Drafts\0617\matting\2d99daf14acd02ceeb707412f1139375\6E69D45C-612F-4fed-98F1-C1616760548E\5\mask\1766667","147456","2026-06-17 오전 1:21:37"
"C:\Users\user\AppData\Local\CapCut Drafts\0617\matting\2d99daf14acd02ceeb707412f1139375\6E69D45C-612F-4fed-98F1-C1616760548E\5\mask\17700000","147456","2026-06-17 오전 1:21:39"
"C:\Users\user\AppData\Local\CapCut Drafts\0617\matting\2d99daf14acd02ceeb707412f1139375\6E69D45C-612F-4fed-98F1-C1616760548E\5\mask\17733333","147456","2026-06-17 오전 1:21:39"
"C:\Users\user\AppData\Local\CapCut Drafts\0617\matting\2d99daf14acd02ceeb707412f1139375\6E69D45C-612F-4fed-98F1-C1616760548E\5\mask\17766667","147456","2026-06-17 오전 1:21:39"
"C:\Users\user\AppData\Local\CapCut Drafts\0617\matting\2d99daf14acd02ceeb707412f1139375\6E69D45C-612F-4fed-98F1-C1616760548E\5\mask\17800000","147456","2026-06-17 오전 1:21:39"
"C:\Users\user\AppData\Local\CapCut Drafts\0617\matting\2d99daf14acd02ceeb707412f1139375\6E69D45C-612F-4fed-98F1-C1616760548E\5\mask\17833333","147456","2026-06-17 오전 1:21:39"
"C:\Users\user\AppData\Local\CapCut Drafts\0617\matting\2d99daf14acd02ceeb707412f1139375\6E69D45C-612F-4fed-98F1-C1616760548E\5\mask\1800000","147456","2026-06-17 오전 1:21:37"
"C:\Users\user\AppData\Local\CapCut Drafts\0617\matting\2d99daf14acd02ceeb707412f1139375\6E69D45C-612F-4fed-98F1-C1616760548E\5\mask\1833333","147456","2026-06-17 오전 1:21:37"
"C:\Users\user\AppData\Local\CapCut Drafts\0617\matting\2d99daf14acd02ceeb707412f1139375\6E69D45C-612F-4fed-98F1-C1616760548E\5\mask\1866667","147456","2026-06-17 오전 1:21:37"
"C:\Users\user\AppData\Local\CapCut Drafts\0617\matting\2d99daf14acd02ceeb707412f1139375\6E69D45C-612F-4fed-98F1-C1616760548E\5\mask\1900000","147456","2026-06-17 오전 1:21:37"
"C:\Users\user\AppData\Local\CapCut Drafts\0617\matting\2d99daf14acd02ceeb707412f1139375\6E69D45C-612F-4fed-98F1-C1616760548E\5\mask\1933333","147456","2026-06-17 오전 1:21:37"
"C:\Users\user\AppData\Local\CapCut Drafts\0617\matting\2d99daf14acd02ceeb707412f1139375\6E69D45C-612F-4fed-98F1-C1616760548E\5\mask\1966667","147456","2026-06-17 오전 1:21:37"
"C:\Users\user\AppData\Local\CapCut Drafts\0617\matting\2d99daf14acd02ceeb707412f1139375\6E69D45C-612F-4fed-98F1-C1616760548E\5\mask\200000","147456","2026-06-17 오전 1:21:39"
"C:\Users\user\AppData\Local\CapCut Drafts\0617\matting\2d99daf14acd02ceeb707412f1139375\6E69D45C-612F-4fed-98F1-C1616760548E\5\mask\2000000","147456","2026-06-17 오전 1:21:37"
"C:\Users\user\AppData\Local\CapCut Drafts\0617\matting\2d99daf14acd02ceeb707412f1139375\6E69D45C-612F-4fed-98F1-C1616760548E\5\mask\2033333","147456","2026-06-17 오전 1:21:37"
"C:\Users\user\AppData\Local\CapCut Drafts\0617\matting\2d99daf14acd02ceeb707412f1139375\6E69D45C-612F-4fed-98F1-C1616760548E\5\mask\2066667","147456","2026-06-17 오전 1:21:37"
"C:\Users\user\AppData\Local\CapCut Drafts\0617\matting\2d99daf14acd02ceeb707412f1139375\6E69D45C-612F-4fed-98F1-C1616760548E\5\mask\2100000","147456","2026-06-17 오전 1:21:37"
"C:\Users\user\AppData\Local\CapCut Drafts\0617\matting\2d99daf14acd02ceeb707412f1139375\6E69D45C-612F-4fed-98F1-C1616760548E\5\mask\2133333","147456","2026-06-17 오전 1:21:37"
"C:\Users\user\AppData\Local\CapCut Drafts\0617\matting\2d99daf14acd02ceeb707412f1139375\6E69D45C-612F-4fed-98F1-C1616760548E\5\mask\2166667","147456","2026-06-17 오전 1:21:37"
"C:\Users\user\AppData\Local\CapCut Drafts\0617\matting\2d99daf14acd02ceeb707412f1139375\6E69D45C-612F-4fed-98F1-C1616760548E\5\mask\2200000","147456","2026-06-17 오전 1:21:37"
"C:\Users\user\AppData\Local\CapCut Drafts\0617\matting\2d99daf14acd02ceeb707412f1139375\6E69D45C-612F-4fed-98F1-C1616760548E\5\mask\2233333","147456","2026-06-17 오전 1:21:37"
"C:\Users\user\AppData\Local\CapCut Drafts\0617\matting\2d99daf14acd02ceeb707412f1139375\6E69D45C-612F-4fed-98F1-C1616760548E\5\mask\2266667","147456","2026-06-17 오전 1:21:37"
"C:\Users\user\AppData\Local\CapCut Drafts\0617\matting\2d99daf14acd02ceeb707412f1139375\6E69D45C-612F-4fed-98F1-C1616760548E\5\mask\2300000","147456","2026-06-17 오전 1:21:37"
"C:\Users\user\AppData\Local\CapCut Drafts\0617\matting\2d99daf14acd02ceeb707412f1139375\6E69D45C-612F-4fed-98F1-C1616760548E\5\mask\233333","147456","2026-06-17 오전 1:21:39"
"C:\Users\user\AppData\Local\CapCut Drafts\0617\matting\2d99daf14acd02ceeb707412f1139375\6E69D45C-612F-4fed-98F1-C1616760548E\5\mask\2333333","147456","2026-06-17 오전 1:21:37"
"C:\Users\user\AppData\Local\CapCut Drafts\0617\matting\2d99daf14acd02ceeb707412f1139375\6E69D45C-612F-4fed-98F1-C1616760548E\5\mask\2366667","147456","2026-06-17 오전 1:21:37"
"C:\Users\user\AppData\Local\CapCut Drafts\0617\matting\2d99daf14acd02ceeb707412f1139375\6E69D45C-612F-4fed-98F1-C1616760548E\5\mask\2400000","147456","2026-06-17 오전 1:21:37"
"C:\Users\user\AppData\Local\CapCut Drafts\0617\matting\2d99daf14acd02ceeb707412f1139375\6E69D45C-612F-4fed-98F1-C1616760548E\5\mask\2433333","147456","2026-06-17 오전 1:21:37"
"C:\Users\user\AppData\Local\CapCut Drafts\0617\matting\2d99daf14acd02ceeb707412f1139375\6E69D45C-612F-4fed-98F1-C1616760548E\5\mask\2466667","147456","2026-06-17 오전 1:21:37"
"C:\Users\user\AppData\Local\CapCut Drafts\0617\matting\2d99daf14acd02ceeb707412f1139375\6E69D45C-612F-4fed-98F1-C1616760548E\5\mask\2500000","147456","2026-06-17 오전 1:21:37"
"C:\Users\user\AppData\Local\CapCut Drafts\0617\matting\2d99daf14acd02ceeb707412f1139375\6E69D45C-612F-4fed-98F1-C1616760548E\5\mask\2533333","147456","2026-06-17 오전 1:21:37"
"C:\Users\user\AppData\Local\CapCut Drafts\0617\matting\2d99daf14acd02ceeb707412f1139375\6E69D45C-612F-4fed-98F1-C1616760548E\5\mask\2566667","147456","2026-06-17 오전 1:21:37"
"C:\Users\user\AppData\Local\CapCut Drafts\0617\matting\2d99daf14acd02ceeb707412f1139375\6E69D45C-612F-4fed-98F1-C1616760548E\5\mask\2600000","147456","2026-06-17 오전 1:21:37"
"C:\Users\user\AppData\Local\CapCut Drafts\0617\matting\2d99daf14acd02ceeb707412f1139375\6E69D45C-612F-4fed-98F1-C1616760548E\5\mask\2633333","147456","2026-06-17 오전 1:21:37"
"C:\Users\user\AppData\Local\CapCut Drafts\0617\matting\2d99daf14acd02ceeb707412f1139375\6E69D45C-612F-4fed-98F1-C1616760548E\5\mask\2666667","147456","2026-06-17 오전 1:21:37"
"C:\Users\user\AppData\Local\CapCut Drafts\0617\matting\2d99daf14acd02ceeb707412f1139375\6E69D45C-612F-4fed-98F1-C1616760548E\5\mask\266667","147456","2026-06-17 오전 1:21:39"
"C:\Users\user\AppData\Local\CapCut Drafts\0617\matting\2d99daf14acd02ceeb707412f1139375\6E69D45C-612F-4fed-98F1-C1616760548E\5\mask\2700000","147456","2026-06-17 오전 1:21:37"
"C:\Users\user\AppData\Local\CapCut Drafts\0617\matting\2d99daf14acd02ceeb707412f1139375\6E69D45C-612F-4fed-98F1-C1616760548E\5\mask\2733333","147456","2026-06-17 오전 1:21:37"
"C:\Users\user\AppData\Local\CapCut Drafts\0617\matting\2d99daf14acd02ceeb707412f1139375\6E69D45C-612F-4fed-98F1-C1616760548E\5\mask\2766667","147456","2026-06-17 오전 1:21:37"
"C:\Users\user\AppData\Local\CapCut Drafts\0617\matting\2d99daf14acd02ceeb707412f1139375\6E69D45C-612F-4fed-98F1-C1616760548E\5\mask\2800000","147456","2026-06-17 오전 1:21:37"
"C:\Users\user\AppData\Local\CapCut Drafts\0617\matting\2d99daf14acd02ceeb707412f1139375\6E69D45C-612F-4fed-98F1-C1616760548E\5\mask\2833333","147456","2026-06-17 오전 1:21:37"
"C:\Users\user\AppData\Local\CapCut Drafts\0617\matting\2d99daf14acd02ceeb707412f1139375\6E69D45C-612F-4fed-98F1-C1616760548E\5\mask\2866667","147456","2026-06-17 오전 1:21:37"
"C:\Users\user\AppData\Local\CapCut Drafts\0617\matting\2d99daf14acd02ceeb707412f1139375\6E69D45C-612F-4fed-98F1-C1616760548E\5\mask\2900000","147456","2026-06-17 오전 1:21:37"
"C:\Users\user\AppData\Local\CapCut Drafts\0617\matting\2d99daf14acd02ceeb707412f1139375\6E69D45C-612F-4fed-98F1-C1616760548E\5\mask\2933333","147456","2026-06-17 오전 1:21:37"
"C:\Users\user\AppData\Local\CapCut Drafts\0617\matting\2d99daf14acd02ceeb707412f1139375\6E69D45C-612F-4fed-98F1-C1616760548E\5\mask\2966667","147456","2026-06-17 오전 1:21:37"
"C:\Users\user\AppData\Local\CapCut Drafts\0617\matting\2d99daf14acd02ceeb707412f1139375\6E69D45C-612F-4fed-98F1-C1616760548E\5\mask\300000","147456","2026-06-17 오전 1:21:39"
"C:\Users\user\AppData\Local\CapCut Drafts\0617\matting\2d99daf14acd02ceeb707412f1139375\6E69D45C-612F-4fed-98F1-C1616760548E\5\mask\3000000","147456","2026-06-17 오전 1:21:37"
"C:\Users\user\AppData\Local\CapCut Drafts\0617\matting\2d99daf14acd02ceeb707412f1139375\6E69D45C-612F-4fed-98F1-C1616760548E\5\mask\3033333","147456","2026-06-17 오전 1:21:37"
"C:\Users\user\AppData\Local\CapCut Drafts\0617\matting\2d99daf14acd02ceeb707412f1139375\6E69D45C-612F-4fed-98F1-C1616760548E\5\mask\3066667","147456","2026-06-17 오전 1:21:37"
"C:\Users\user\AppData\Local\CapCut Drafts\0617\matting\2d99daf14acd02ceeb707412f1139375\6E69D45C-612F-4fed-98F1-C1616760548E\5\mask\3100000","147456","2026-06-17 오전 1:21:37"
"C:\Users\user\AppData\Local\CapCut Drafts\0617\matting\2d99daf14acd02ceeb707412f1139375\6E69D45C-612F-4fed-98F1-C1616760548E\5\mask\3133333","147456","2026-06-17 오전 1:21:37"
"C:\Users\user\AppData\Local\CapCut Drafts\0617\matting\2d99daf14acd02ceeb707412f1139375\6E69D45C-612F-4fed-98F1-C1616760548E\5\mask\3166667","147456","2026-06-17 오전 1:21:37"
"C:\Users\user\AppData\Local\CapCut Drafts\0617\matting\2d99daf14acd02ceeb707412f1139375\6E69D45C-612F-4fed-98F1-C1616760548E\5\mask\3200000","147456","2026-06-17 오전 1:21:37"
"C:\Users\user\AppData\Local\CapCut Drafts\0617\matting\2d99daf14acd02ceeb707412f1139375\6E69D45C-612F-4fed-98F1-C1616760548E\5\mask\3233333","147456","2026-06-17 오전 1:21:37"
"C:\Users\user\AppData\Local\CapCut Drafts\0617\matting\2d99daf14acd02ceeb707412f1139375\6E69D45C-612F-4fed-98F1-C1616760548E\5\mask\3266667","147456","2026-06-17 오전 1:21:37"
"C:\Users\user\AppData\Local\CapCut Drafts\0617\matting\2d99daf14acd02ceeb707412f1139375\6E69D45C-612F-4fed-98F1-C1616760548E\5\mask\3300000","147456","2026-06-17 오전 1:21:37"
"C:\Users\user\AppData\Local\CapCut Drafts\0617\matting\2d99daf14acd02ceeb707412f1139375\6E69D45C-612F-4fed-98F1-C1616760548E\5\mask\33333","147456","2026-06-17 오전 1:21:39"
"C:\Users\user\AppData\Local\CapCut Drafts\0617\matting\2d99daf14acd02ceeb707412f1139375\6E69D45C-612F-4fed-98F1-C1616760548E\5\mask\333333","147456","2026-06-17 오전 1:21:39"
"C:\Users\user\AppData\Local\CapCut Drafts\0617\matting\2d99daf14acd02ceeb707412f1139375\6E69D45C-612F-4fed-98F1-C1616760548E\5\mask\3333333","147456","2026-06-17 오전 1:21:37"
"C:\Users\user\AppData\Local\CapCut Drafts\0617\matting\2d99daf14acd02ceeb707412f1139375\6E69D45C-612F-4fed-98F1-C1616760548E\5\mask\3366667","147456","2026-06-17 오전 1:21:37"
"C:\Users\user\AppData\Local\CapCut Drafts\0617\matting\2d99daf14acd02ceeb707412f1139375\6E69D45C-612F-4fed-98F1-C1616760548E\5\mask\3400000","147456","2026-06-17 오전 1:21:37"
"C:\Users\user\AppData\Local\CapCut Drafts\0617\matting\2d99daf14acd02ceeb707412f1139375\6E69D45C-612F-4fed-98F1-C1616760548E\5\mask\3433333","147456","2026-06-17 오전 1:21:37"
"C:\Users\user\AppData\Local\CapCut Drafts\0617\matting\2d99daf14acd02ceeb707412f1139375\6E69D45C-612F-4fed-98F1-C1616760548E\5\mask\3466667","147456","2026-06-17 오전 1:21:37"
"C:\Users\user\AppData\Local\CapCut Drafts\0617\matting\2d99daf14acd02ceeb707412f1139375\6E69D45C-612F-4fed-98F1-C1616760548E\5\mask\3500000","147456","2026-06-17 오전 1:21:37"
"C:\Users\user\AppData\Local\CapCut Drafts\0617\matting\2d99daf14acd02ceeb707412f1139375\6E69D45C-612F-4fed-98F1-C1616760548E\5\mask\3533333","147456","2026-06-17 오전 1:21:37"
"C:\Users\user\AppData\Local\CapCut Drafts\0617\matting\2d99daf14acd02ceeb707412f1139375\6E69D45C-612F-4fed-98F1-C1616760548E\5\mask\3566667","147456","2026-06-17 오전 1:21:37"
"C:\Users\user\AppData\Local\CapCut Drafts\0617\matting\2d99daf14acd02ceeb707412f1139375\6E69D45C-612F-4fed-98F1-C1616760548E\5\mask\3600000","147456","2026-06-17 오전 1:21:37"
"C:\Users\user\AppData\Local\CapCut Drafts\0617\matting\2d99daf14acd02ceeb707412f1139375\6E69D45C-612F-4fed-98F1-C1616760548E\5\mask\3633333","147456","2026-06-17 오전 1:21:37"
"C:\Users\user\AppData\Local\CapCut Drafts\0617\matting\2d99daf14acd02ceeb707412f1139375\6E69D45C-612F-4fed-98F1-C1616760548E\5\mask\3666667","147456","2026-06-17 오전 1:21:37"
"C:\Users\user\AppData\Local\CapCut Drafts\0617\matting\2d99daf14acd02ceeb707412f1139375\6E69D45C-612F-4fed-98F1-C1616760548E\5\mask\366667","147456","2026-06-17 오전 1:21:39"
"C:\Users\user\AppData\Local\CapCut Drafts\0617\matting\2d99daf14acd02ceeb707412f1139375\6E69D45C-612F-4fed-98F1-C1616760548E\5\mask\3700000","147456","2026-06-17 오전 1:21:37"
"C:\Users\user\AppData\Local\CapCut Drafts\0617\matting\2d99daf14acd02ceeb707412f1139375\6E69D45C-612F-4fed-98F1-C1616760548E\5\mask\3733333","147456","2026-06-17 오전 1:21:37"
"C:\Users\user\AppData\Local\CapCut Drafts\0617\matting\2d99daf14acd02ceeb707412f1139375\6E69D45C-612F-4fed-98F1-C1616760548E\5\mask\3766667","147456","2026-06-17 오전 1:21:37"
"C:\Users\user\AppData\Local\CapCut Drafts\0617\matting\2d99daf14acd02ceeb707412f1139375\6E69D45C-612F-4fed-98F1-C1616760548E\5\mask\3800000","147456","2026-06-17 오전 1:21:37"
"C:\Users\user\AppData\Local\CapCut Drafts\0617\matting\2d99daf14acd02ceeb707412f1139375\6E69D45C-612F-4fed-98F1-C1616760548E\5\mask\3833333","147456","2026-06-17 오전 1:21:37"
"C:\Users\user\AppData\Local\CapCut Drafts\0617\matting\2d99daf14acd02ceeb707412f1139375\6E69D45C-612F-4fed-98F1-C1616760548E\5\mask\3866667","147456","2026-06-17 오전 1:21:37"
"C:\Users\user\AppData\Local\CapCut Drafts\0617\matting\2d99daf14acd02ceeb707412f1139375\6E69D45C-612F-4fed-98F1-C1616760548E\5\mask\3900000","147456","2026-06-17 오전 1:21:37"
"C:\Users\user\AppData\Local\CapCut Drafts\0617\matting\2d99daf14acd02ceeb707412f1139375\6E69D45C-612F-4fed-98F1-C1616760548E\5\mask\3933333","147456","2026-06-17 오전 1:21:37"
"C:\Users\user\AppData\Local\CapCut Drafts\0617\matting\2d99daf14acd02ceeb707412f1139375\6E69D45C-612F-4fed-98F1-C1616760548E\5\mask\3966667","147456","2026-06-17 오전 1:21:37"
"C:\Users\user\AppData\Local\CapCut Drafts\0617\matting\2d99daf14acd02ceeb707412f1139375\6E69D45C-612F-4fed-98F1-C1616760548E\5\mask\400000","147456","2026-06-17 오전 1:21:39"
"C:\Users\user\AppData\Local\CapCut Drafts\0617\matting\2d99daf14acd02ceeb707412f1139375\6E69D45C-612F-4fed-98F1-C1616760548E\5\mask\4000000","147456","2026-06-17 오전 1:21:37"
"C:\Users\user\AppData\Local\CapCut Drafts\0617\matting\2d99daf14acd02ceeb707412f1139375\6E69D45C-612F-4fed-98F1-C1616760548E\5\mask\4033333","147456","2026-06-17 오전 1:21:37"
"C:\Users\user\AppData\Local\CapCut Drafts\0617\matting\2d99daf14acd02ceeb707412f1139375\6E69D45C-612F-4fed-98F1-C1616760548E\5\mask\4066667","147456","2026-06-17 오전 1:21:37"
"C:\Users\user\AppData\Local\CapCut Drafts\0617\matting\2d99daf14acd02ceeb707412f1139375\6E69D45C-612F-4fed-98F1-C1616760548E\5\mask\4100000","147456","2026-06-17 오전 1:21:37"
"C:\Users\user\AppData\Local\CapCut Drafts\0617\matting\2d99daf14acd02ceeb707412f1139375\6E69D45C-612F-4fed-98F1-C1616760548E\5\mask\4133333","147456","2026-06-17 오전 1:21:37"
"C:\Users\user\AppData\Local\CapCut Drafts\0617\matting\2d99daf14acd02ceeb707412f1139375\6E69D45C-612F-4fed-98F1-C1616760548E\5\mask\4166667","147456","2026-06-17 오전 1:21:37"
"C:\Users\user\AppData\Local\CapCut Drafts\0617\matting\2d99daf14acd02ceeb707412f1139375\6E69D45C-612F-4fed-98F1-C1616760548E\5\mask\4200000","147456","2026-06-17 오전 1:21:37"
"C:\Users\user\AppData\Local\CapCut Drafts\0617\matting\2d99daf14acd02ceeb707412f1139375\6E69D45C-612F-4fed-98F1-C1616760548E\5\mask\4233333","147456","2026-06-17 오전 1:21:37"
"C:\Users\user\AppData\Local\CapCut Drafts\0617\matting\2d99daf14acd02ceeb707412f1139375\6E69D45C-612F-4fed-98F1-C1616760548E\5\mask\4266667","147456","2026-06-17 오전 1:21:37"
"C:\Users\user\AppData\Local\CapCut Drafts\0617\matting\2d99daf14acd02ceeb707412f1139375\6E69D45C-612F-4fed-98F1-C1616760548E\5\mask\4300000","147456","2026-06-17 오전 1:21:37"
"C:\Users\user\AppData\Local\CapCut Drafts\0617\matting\2d99daf14acd02ceeb707412f1139375\6E69D45C-612F-4fed-98F1-C1616760548E\5\mask\433333","147456","2026-06-17 오전 1:21:39"
"C:\Users\user\AppData\Local\CapCut Drafts\0617\matting\2d99daf14acd02ceeb707412f1139375\6E69D45C-612F-4fed-98F1-C1616760548E\5\mask\4333333","147456","2026-06-17 오전 1:21:37"
"C:\Users\user\AppData\Local\CapCut Drafts\0617\matting\2d99daf14acd02ceeb707412f1139375\6E69D45C-612F-4fed-98F1-C1616760548E\5\mask\4366667","147456","2026-06-17 오전 1:21:37"
"C:\Users\user\AppData\Local\CapCut Drafts\0617\matting\2d99daf14acd02ceeb707412f1139375\6E69D45C-612F-4fed-98F1-C1616760548E\5\mask\4400000","147456","2026-06-17 오전 1:21:37"
"C:\Users\user\AppData\Local\CapCut Drafts\0617\matting\2d99daf14acd02ceeb707412f1139375\6E69D45C-612F-4fed-98F1-C1616760548E\5\mask\4433333","147456","2026-06-17 오전 1:21:37"
"C:\Users\user\AppData\Local\CapCut Drafts\0617\matting\2d99daf14acd02ceeb707412f1139375\6E69D45C-612F-4fed-98F1-C1616760548E\5\mask\4466667","147456","2026-06-17 오전 1:21:37"
"C:\Users\user\AppData\Local\CapCut Drafts\0617\matting\2d99daf14acd02ceeb707412f1139375\6E69D45C-612F-4fed-98F1-C1616760548E\5\mask\4500000","147456","2026-06-17 오전 1:21:37"
"C:\Users\user\AppData\Local\CapCut Drafts\0617\matting\2d99daf14acd02ceeb707412f1139375\6E69D45C-612F-4fed-98F1-C1616760548E\5\mask\4533333","147456","2026-06-17 오전 1:21:37"
"C:\Users\user\AppData\Local\CapCut Drafts\0617\matting\2d99daf14acd02ceeb707412f1139375\6E69D45C-612F-4fed-98F1-C1616760548E\5\mask\4566667","147456","2026-06-17 오전 1:21:37"
"C:\Users\user\AppData\Local\CapCut Drafts\0617\matting\2d99daf14acd02ceeb707412f1139375\6E69D45C-612F-4fed-98F1-C1616760548E\5\mask\4600000","147456","2026-06-17 오전 1:21:37"
"C:\Users\user\AppData\Local\CapCut Drafts\0617\matting\2d99daf14acd02ceeb707412f1139375\6E69D45C-612F-4fed-98F1-C1616760548E\5\mask\4633333","147456","2026-06-17 오전 1:21:37"
"C:\Users\user\AppData\Local\CapCut Drafts\0617\matting\2d99daf14acd02ceeb707412f1139375\6E69D45C-612F-4fed-98F1-C1616760548E\5\mask\4666667","147456","2026-06-17 오전 1:21:37"
"C:\Users\user\AppData\Local\CapCut Drafts\0617\matting\2d99daf14acd02ceeb707412f1139375\6E69D45C-612F-4fed-98F1-C1616760548E\5\mask\466667","147456","2026-06-17 오전 1:21:39"
"C:\Users\user\AppData\Local\CapCut Drafts\0617\matting\2d99daf14acd02ceeb707412f1139375\6E69D45C-612F-4fed-98F1-C1616760548E\5\mask\4700000","147456","2026-06-17 오전 1:21:37"
"C:\Users\user\AppData\Local\CapCut Drafts\0617\matting\2d99daf14acd02ceeb707412f1139375\6E69D45C-612F-4fed-98F1-C1616760548E\5\mask\4733333","147456","2026-06-17 오전 1:21:37"
"C:\Users\user\AppData\Local\CapCut Drafts\0617\matting\2d99daf14acd02ceeb707412f1139375\6E69D45C-612F-4fed-98F1-C1616760548E\5\mask\4766667","147456","2026-06-17 오전 1:21:37"
"C:\Users\user\AppData\Local\CapCut Drafts\0617\matting\2d99daf14acd02ceeb707412f1139375\6E69D45C-612F-4fed-98F1-C1616760548E\5\mask\4800000","147456","2026-06-17 오전 1:21:37"
"C:\Users\user\AppData\Local\CapCut Drafts\0617\matting\2d99daf14acd02ceeb707412f1139375\6E69D45C-612F-4fed-98F1-C1616760548E\5\mask\4833333","147456","2026-06-17 오전 1:21:37"
"C:\Users\user\AppData\Local\CapCut Drafts\0617\matting\2d99daf14acd02ceeb707412f1139375\6E69D45C-612F-4fed-98F1-C1616760548E\5\mask\4866667","147456","2026-06-17 오전 1:21:37"
"C:\Users\user\AppData\Local\CapCut Drafts\0617\matting\2d99daf14acd02ceeb707412f1139375\6E69D45C-612F-4fed-98F1-C1616760548E\5\mask\4900000","147456","2026-06-17 오전 1:21:37"
"C:\Users\user\AppData\Local\CapCut Drafts\0617\matting\2d99daf14acd02ceeb707412f1139375\6E69D45C-612F-4fed-98F1-C1616760548E\5\mask\4933333","147456","2026-06-17 오전 1:21:37"
"C:\Users\user\AppData\Local\CapCut Drafts\0617\matting\2d99daf14acd02ceeb707412f1139375\6E69D45C-612F-4fed-98F1-C1616760548E\5\mask\4966667","147456","2026-06-17 오전 1:21:37"
"C:\Users\user\AppData\Local\CapCut Drafts\0617\matting\2d99daf14acd02ceeb707412f1139375\6E69D45C-612F-4fed-98F1-C1616760548E\5\mask\500000","147456","2026-06-17 오전 1:21:39"
"C:\Users\user\AppData\Local\CapCut Drafts\0617\matting\2d99daf14acd02ceeb707412f1139375\6E69D45C-612F-4fed-98F1-C1616760548E\5\mask\5000000","147456","2026-06-17 오전 1:21:37"
"C:\Users\user\AppData\Local\CapCut Drafts\0617\matting\2d99daf14acd02ceeb707412f1139375\6E69D45C-612F-4fed-98F1-C1616760548E\5\mask\5033333","147456","2026-06-17 오전 1:21:37"
"C:\Users\user\AppData\Local\CapCut Drafts\0617\matting\2d99daf14acd02ceeb707412f1139375\6E69D45C-612F-4fed-98F1-C1616760548E\5\mask\5066667","147456","2026-06-17 오전 1:21:37"
"C:\Users\user\AppData\Local\CapCut Drafts\0617\matting\2d99daf14acd02ceeb707412f1139375\6E69D45C-612F-4fed-98F1-C1616760548E\5\mask\5100000","147456","2026-06-17 오전 1:21:37"
"C:\Users\user\AppData\Local\CapCut Drafts\0617\matting\2d99daf14acd02ceeb707412f1139375\6E69D45C-612F-4fed-98F1-C1616760548E\5\mask\5133333","147456","2026-06-17 오전 1:21:37"
"C:\Users\user\AppData\Local\CapCut Drafts\0617\matting\2d99daf14acd02ceeb707412f1139375\6E69D45C-612F-4fed-98F1-C1616760548E\5\mask\5166667","147456","2026-06-17 오전 1:21:37"
"C:\Users\user\AppData\Local\CapCut Drafts\0617\matting\2d99daf14acd02ceeb707412f1139375\6E69D45C-612F-4fed-98F1-C1616760548E\5\mask\5200000","147456","2026-06-17 오전 1:21:37"
"C:\Users\user\AppData\Local\CapCut Drafts\0617\matting\2d99daf14acd02ceeb707412f1139375\6E69D45C-612F-4fed-98F1-C1616760548E\5\mask\5233333","147456","2026-06-17 오전 1:21:37"
"C:\Users\user\AppData\Local\CapCut Drafts\0617\matting\2d99daf14acd02ceeb707412f1139375\6E69D45C-612F-4fed-98F1-C1616760548E\5\mask\5266667","147456","2026-06-17 오전 1:21:37"
"C:\Users\user\AppData\Local\CapCut Drafts\0617\matting\2d99daf14acd02ceeb707412f1139375\6E69D45C-612F-4fed-98F1-C1616760548E\5\mask\5300000","147456","2026-06-17 오전 1:21:37"
"C:\Users\user\AppData\Local\CapCut Drafts\0617\matting\2d99daf14acd02ceeb707412f1139375\6E69D45C-612F-4fed-98F1-C1616760548E\5\mask\533333","147456","2026-06-17 오전 1:21:39"
"C:\Users\user\AppData\Local\CapCut Drafts\0617\matting\2d99daf14acd02ceeb707412f1139375\6E69D45C-612F-4fed-98F1-C1616760548E\5\mask\5333333","147456","2026-06-17 오전 1:21:37"
"C:\Users\user\AppData\Local\CapCut Drafts\0617\matting\2d99daf14acd02ceeb707412f1139375\6E69D45C-612F-4fed-98F1-C1616760548E\5\mask\5366667","147456","2026-06-17 오전 1:21:37"
"C:\Users\user\AppData\Local\CapCut Drafts\0617\matting\2d99daf14acd02ceeb707412f1139375\6E69D45C-612F-4fed-98F1-C1616760548E\5\mask\5400000","147456","2026-06-17 오전 1:21:37"
"C:\Users\user\AppData\Local\CapCut Drafts\0617\matting\2d99daf14acd02ceeb707412f1139375\6E69D45C-612F-4fed-98F1-C1616760548E\5\mask\5433333","147456","2026-06-17 오전 1:21:37"
"C:\Users\user\AppData\Local\CapCut Drafts\0617\matting\2d99daf14acd02ceeb707412f1139375\6E69D45C-612F-4fed-98F1-C1616760548E\5\mask\5466667","147456","2026-06-17 오전 1:21:37"
"C:\Users\user\AppData\Local\CapCut Drafts\0617\matting\2d99daf14acd02ceeb707412f1139375\6E69D45C-612F-4fed-98F1-C1616760548E\5\mask\5500000","147456","2026-06-17 오전 1:21:37"
"C:\Users\user\AppData\Local\CapCut Drafts\0617\matting\2d99daf14acd02ceeb707412f1139375\6E69D45C-612F-4fed-98F1-C1616760548E\5\mask\5533333","147456","2026-06-17 오전 1:21:37"
"C:\Users\user\AppData\Local\CapCut Drafts\0617\matting\2d99daf14acd02ceeb707412f1139375\6E69D45C-612F-4fed-98F1-C1616760548E\5\mask\5566667","147456","2026-06-17 오전 1:21:37"
"C:\Users\user\AppData\Local\CapCut Drafts\0617\matting\2d99daf14acd02ceeb707412f1139375\6E69D45C-612F-4fed-98F1-C1616760548E\5\mask\5600000","147456","2026-06-17 오전 1:21:37"
"C:\Users\user\AppData\Local\CapCut Drafts\0617\matting\2d99daf14acd02ceeb707412f1139375\6E69D45C-612F-4fed-98F1-C1616760548E\5\mask\5633333","147456","2026-06-17 오전 1:21:37"
"C:\Users\user\AppData\Local\CapCut Drafts\0617\matting\2d99daf14acd02ceeb707412f1139375\6E69D45C-612F-4fed-98F1-C1616760548E\5\mask\5666667","147456","2026-06-17 오전 1:21:37"
"C:\Users\user\AppData\Local\CapCut Drafts\0617\matting\2d99daf14acd02ceeb707412f1139375\6E69D45C-612F-4fed-98F1-C1616760548E\5\mask\566667","147456","2026-06-17 오전 1:21:39"
"C:\Users\user\AppData\Local\CapCut Drafts\0617\matting\2d99daf14acd02ceeb707412f1139375\6E69D45C-612F-4fed-98F1-C1616760548E\5\mask\5700000","147456","2026-06-17 오전 1:21:37"
"C:\Users\user\AppData\Local\CapCut Drafts\0617\matting\2d99daf14acd02ceeb707412f1139375\6E69D45C-612F-4fed-98F1-C1616760548E\5\mask\5733333","147456","2026-06-17 오전 1:21:37"
"C:\Users\user\AppData\Local\CapCut Drafts\0617\matting\2d99daf14acd02ceeb707412f1139375\6E69D45C-612F-4fed-98F1-C1616760548E\5\mask\5766667","147456","2026-06-17 오전 1:21:37"
"C:\Users\user\AppData\Local\CapCut Drafts\0617\matting\2d99daf14acd02ceeb707412f1139375\6E69D45C-612F-4fed-98F1-C1616760548E\5\mask\5800000","147456","2026-06-17 오전 1:21:37"
"C:\Users\user\AppData\Local\CapCut Drafts\0617\matting\2d99daf14acd02ceeb707412f1139375\6E69D45C-612F-4fed-98F1-C1616760548E\5\mask\5833333","147456","2026-06-17 오전 1:21:37"
"C:\Users\user\AppData\Local\CapCut Drafts\0617\matting\2d99daf14acd02ceeb707412f1139375\6E69D45C-612F-4fed-98F1-C1616760548E\5\mask\5866667","147456","2026-06-17 오전 1:21:37"
"C:\Users\user\AppData\Local\CapCut Drafts\0617\matting\2d99daf14acd02ceeb707412f1139375\6E69D45C-612F-4fed-98F1-C1616760548E\5\mask\5900000","147456","2026-06-17 오전 1:21:37"
"C:\Users\user\AppData\Local\CapCut Drafts\0617\matting\2d99daf14acd02ceeb707412f1139375\6E69D45C-612F-4fed-98F1-C1616760548E\5\mask\5933333","147456","2026-06-17 오전 1:21:37"
"C:\Users\user\AppData\Local\CapCut Drafts\0617\matting\2d99daf14acd02ceeb707412f1139375\6E69D45C-612F-4fed-98F1-C1616760548E\5\mask\5966667","147456","2026-06-17 오전 1:21:37"
"C:\Users\user\AppData\Local\CapCut Drafts\0617\matting\2d99daf14acd02ceeb707412f1139375\6E69D45C-612F-4fed-98F1-C1616760548E\5\mask\600000","147456","2026-06-17 오전 1:21:39"
"C:\Users\user\AppData\Local\CapCut Drafts\0617\matting\2d99daf14acd02ceeb707412f1139375\6E69D45C-612F-4fed-98F1-C1616760548E\5\mask\6000000","147456","2026-06-17 오전 1:21:37"
"C:\Users\user\AppData\Local\CapCut Drafts\0617\matting\2d99daf14acd02ceeb707412f1139375\6E69D45C-612F-4fed-98F1-C1616760548E\5\mask\6033333","147456","2026-06-17 오전 1:21:37"
"C:\Users\user\AppData\Local\CapCut Drafts\0617\matting\2d99daf14acd02ceeb707412f1139375\6E69D45C-612F-4fed-98F1-C1616760548E\5\mask\6066667","147456","2026-06-17 오전 1:21:37"
"C:\Users\user\AppData\Local\CapCut Drafts\0617\matting\2d99daf14acd02ceeb707412f1139375\6E69D45C-612F-4fed-98F1-C1616760548E\5\mask\6100000","147456","2026-06-17 오전 1:21:37"
"C:\Users\user\AppData\Local\CapCut Drafts\0617\matting\2d99daf14acd02ceeb707412f1139375\6E69D45C-612F-4fed-98F1-C1616760548E\5\mask\6133333","147456","2026-06-17 오전 1:21:37"
"C:\Users\user\AppData\Local\CapCut Drafts\0617\matting\2d99daf14acd02ceeb707412f1139375\6E69D45C-612F-4fed-98F1-C1616760548E\5\mask\6166667","147456","2026-06-17 오전 1:21:37"
"C:\Users\user\AppData\Local\CapCut Drafts\0617\matting\2d99daf14acd02ceeb707412f1139375\6E69D45C-612F-4fed-98F1-C1616760548E\5\mask\6200000","147456","2026-06-17 오전 1:21:37"
"C:\Users\user\AppData\Local\CapCut Drafts\0617\matting\2d99daf14acd02ceeb707412f1139375\6E69D45C-612F-4fed-98F1-C1616760548E\5\mask\6233333","147456","2026-06-17 오전 1:21:37"
"C:\Users\user\AppData\Local\CapCut Drafts\0617\matting\2d99daf14acd02ceeb707412f1139375\6E69D45C-612F-4fed-98F1-C1616760548E\5\mask\6266667","147456","2026-06-17 오전 1:21:37"
"C:\Users\user\AppData\Local\CapCut Drafts\0617\matting\2d99daf14acd02ceeb707412f1139375\6E69D45C-612F-4fed-98F1-C1616760548E\5\mask\6300000","147456","2026-06-17 오전 1:21:37"
"C:\Users\user\AppData\Local\CapCut Drafts\0617\matting\2d99daf14acd02ceeb707412f1139375\6E69D45C-612F-4fed-98F1-C1616760548E\5\mask\633333","147456","2026-06-17 오전 1:21:39"
"C:\Users\user\AppData\Local\CapCut Drafts\0617\matting\2d99daf14acd02ceeb707412f1139375\6E69D45C-612F-4fed-98F1-C1616760548E\5\mask\6333333","147456","2026-06-17 오전 1:21:37"
"C:\Users\user\AppData\Local\CapCut Drafts\0617\matting\2d99daf14acd02ceeb707412f1139375\6E69D45C-612F-4fed-98F1-C1616760548E\5\mask\6366667","147456","2026-06-17 오전 1:21:37"
"C:\Users\user\AppData\Local\CapCut Drafts\0617\matting\2d99daf14acd02ceeb707412f1139375\6E69D45C-612F-4fed-98F1-C1616760548E\5\mask\6400000","147456","2026-06-17 오전 1:21:37"
"C:\Users\user\AppData\Local\CapCut Drafts\0617\matting\2d99daf14acd02ceeb707412f1139375\6E69D45C-612F-4fed-98F1-C1616760548E\5\mask\6433333","147456","2026-06-17 오전 1:21:37"
"C:\Users\user\AppData\Local\CapCut Drafts\0617\matting\2d99daf14acd02ceeb707412f1139375\6E69D45C-612F-4fed-98F1-C1616760548E\5\mask\6466667","147456","2026-06-17 오전 1:21:37"
"C:\Users\user\AppData\Local\CapCut Drafts\0617\matting\2d99daf14acd02ceeb707412f1139375\6E69D45C-612F-4fed-98F1-C1616760548E\5\mask\6500000","147456","2026-06-17 오전 1:21:37"
"C:\Users\user\AppData\Local\CapCut Drafts\0617\matting\2d99daf14acd02ceeb707412f1139375\6E69D45C-612F-4fed-98F1-C1616760548E\5\mask\6533333","147456","2026-06-17 오전 1:21:37"
"C:\Users\user\AppData\Local\CapCut Drafts\0617\matting\2d99daf14acd02ceeb707412f1139375\6E69D45C-612F-4fed-98F1-C1616760548E\5\mask\6566667","147456","2026-06-17 오전 1:21:37"
"C:\Users\user\AppData\Local\CapCut Drafts\0617\matting\2d99daf14acd02ceeb707412f1139375\6E69D45C-612F-4fed-98F1-C1616760548E\5\mask\6600000","147456","2026-06-17 오전 1:21:37"
"C:\Users\user\AppData\Local\CapCut Drafts\0617\matting\2d99daf14acd02ceeb707412f1139375\6E69D45C-612F-4fed-98F1-C1616760548E\5\mask\6633333","147456","2026-06-17 오전 1:21:37"
"C:\Users\user\AppData\Local\CapCut Drafts\0617\matting\2d99daf14acd02ceeb707412f1139375\6E69D45C-612F-4fed-98F1-C1616760548E\5\mask\6666667","147456","2026-06-17 오전 1:21:37"
"C:\Users\user\AppData\Local\CapCut Drafts\0617\matting\2d99daf14acd02ceeb707412f1139375\6E69D45C-612F-4fed-98F1-C1616760548E\5\mask\666667","147456","2026-06-17 오전 1:21:39"
"C:\Users\user\AppData\Local\CapCut Drafts\0617\matting\2d99daf14acd02ceeb707412f1139375\6E69D45C-612F-4fed-98F1-C1616760548E\5\mask\66667","147456","2026-06-17 오전 1:21:39"
"C:\Users\user\AppData\Local\CapCut Drafts\0617\matting\2d99daf14acd02ceeb707412f1139375\6E69D45C-612F-4fed-98F1-C1616760548E\5\mask\6700000","147456","2026-06-17 오전 1:21:37"
"C:\Users\user\AppData\Local\CapCut Drafts\0617\matting\2d99daf14acd02ceeb707412f1139375\6E69D45C-612F-4fed-98F1-C1616760548E\5\mask\6733333","147456","2026-06-17 오전 1:21:37"
"C:\Users\user\AppData\Local\CapCut Drafts\0617\matting\2d99daf14acd02ceeb707412f1139375\6E69D45C-612F-4fed-98F1-C1616760548E\5\mask\6766667","147456","2026-06-17 오전 1:21:37"
"C:\Users\user\AppData\Local\CapCut Drafts\0617\matting\2d99daf14acd02ceeb707412f1139375\6E69D45C-612F-4fed-98F1-C1616760548E\5\mask\6800000","147456","2026-06-17 오전 1:21:37"
"C:\Users\user\AppData\Local\CapCut Drafts\0617\matting\2d99daf14acd02ceeb707412f1139375\6E69D45C-612F-4fed-98F1-C1616760548E\5\mask\6833333","147456","2026-06-17 오전 1:21:37"
"C:\Users\user\AppData\Local\CapCut Drafts\0617\matting\2d99daf14acd02ceeb707412f1139375\6E69D45C-612F-4fed-98F1-C1616760548E\5\mask\6866667","147456","2026-06-17 오전 1:21:37"
"C:\Users\user\AppData\Local\CapCut Drafts\0617\matting\2d99daf14acd02ceeb707412f1139375\6E69D45C-612F-4fed-98F1-C1616760548E\5\mask\6900000","147456","2026-06-17 오전 1:21:38"
"C:\Users\user\AppData\Local\CapCut Drafts\0617\matting\2d99daf14acd02ceeb707412f1139375\6E69D45C-612F-4fed-98F1-C1616760548E\5\mask\6933333","147456","2026-06-17 오전 1:21:38"
"C:\Users\user\AppData\Local\CapCut Drafts\0617\matting\2d99daf14acd02ceeb707412f1139375\6E69D45C-612F-4fed-98F1-C1616760548E\5\mask\6966667","147456","2026-06-17 오전 1:21:38"
"C:\Users\user\AppData\Local\CapCut Drafts\0617\matting\2d99daf14acd02ceeb707412f1139375\6E69D45C-612F-4fed-98F1-C1616760548E\5\mask\700000","147456","2026-06-17 오전 1:21:39"
"C:\Users\user\AppData\Local\CapCut Drafts\0617\matting\2d99daf14acd02ceeb707412f1139375\6E69D45C-612F-4fed-98F1-C1616760548E\5\mask\7000000","147456","2026-06-17 오전 1:21:38"
"C:\Users\user\AppData\Local\CapCut Drafts\0617\matting\2d99daf14acd02ceeb707412f1139375\6E69D45C-612F-4fed-98F1-C1616760548E\5\mask\7033333","147456","2026-06-17 오전 1:21:38"
"C:\Users\user\AppData\Local\CapCut Drafts\0617\matting\2d99daf14acd02ceeb707412f1139375\6E69D45C-612F-4fed-98F1-C1616760548E\5\mask\7066667","147456","2026-06-17 오전 1:21:38"
"C:\Users\user\AppData\Local\CapCut Drafts\0617\matting\2d99daf14acd02ceeb707412f1139375\6E69D45C-612F-4fed-98F1-C1616760548E\5\mask\7100000","147456","2026-06-17 오전 1:21:38"
"C:\Users\user\AppData\Local\CapCut Drafts\0617\matting\2d99daf14acd02ceeb707412f1139375\6E69D45C-612F-4fed-98F1-C1616760548E\5\mask\7133333","147456","2026-06-17 오전 1:21:38"
"C:\Users\user\AppData\Local\CapCut Drafts\0617\matting\2d99daf14acd02ceeb707412f1139375\6E69D45C-612F-4fed-98F1-C1616760548E\5\mask\7166667","147456","2026-06-17 오전 1:21:38"
"C:\Users\user\AppData\Local\CapCut Drafts\0617\matting\2d99daf14acd02ceeb707412f1139375\6E69D45C-612F-4fed-98F1-C1616760548E\5\mask\7200000","147456","2026-06-17 오전 1:21:38"
"C:\Users\user\AppData\Local\CapCut Drafts\0617\matting\2d99daf14acd02ceeb707412f1139375\6E69D45C-612F-4fed-98F1-C1616760548E\5\mask\7233333","147456","2026-06-17 오전 1:21:38"
"C:\Users\user\AppData\Local\CapCut Drafts\0617\matting\2d99daf14acd02ceeb707412f1139375\6E69D45C-612F-4fed-98F1-C1616760548E\5\mask\7266667","147456","2026-06-17 오전 1:21:38"
"C:\Users\user\AppData\Local\CapCut Drafts\0617\matting\2d99daf14acd02ceeb707412f1139375\6E69D45C-612F-4fed-98F1-C1616760548E\5\mask\7300000","147456","2026-06-17 오전 1:21:38"
"C:\Users\user\AppData\Local\CapCut Drafts\0617\matting\2d99daf14acd02ceeb707412f1139375\6E69D45C-612F-4fed-98F1-C1616760548E\5\mask\733333","147456","2026-06-17 오전 1:21:39"
"C:\Users\user\AppData\Local\CapCut Drafts\0617\matting\2d99daf14acd02ceeb707412f1139375\6E69D45C-612F-4fed-98F1-C1616760548E\5\mask\7333333","147456","2026-06-17 오전 1:21:38"
"C:\Users\user\AppData\Local\CapCut Drafts\0617\matting\2d99daf14acd02ceeb707412f1139375\6E69D45C-612F-4fed-98F1-C1616760548E\5\mask\7366667","147456","2026-06-17 오전 1:21:38"
"C:\Users\user\AppData\Local\CapCut Drafts\0617\matting\2d99daf14acd02ceeb707412f1139375\6E69D45C-612F-4fed-98F1-C1616760548E\5\mask\7400000","147456","2026-06-17 오전 1:21:38"
"C:\Users\user\AppData\Local\CapCut Drafts\0617\matting\2d99daf14acd02ceeb707412f1139375\6E69D45C-612F-4fed-98F1-C1616760548E\5\mask\7433333","147456","2026-06-17 오전 1:21:38"
"C:\Users\user\AppData\Local\CapCut Drafts\0617\matting\2d99daf14acd02ceeb707412f1139375\6E69D45C-612F-4fed-98F1-C1616760548E\5\mask\7466667","147456","2026-06-17 오전 1:21:38"
"C:\Users\user\AppData\Local\CapCut Drafts\0617\matting\2d99daf14acd02ceeb707412f1139375\6E69D45C-612F-4fed-98F1-C1616760548E\5\mask\7500000","147456","2026-06-17 오전 1:21:38"
"C:\Users\user\AppData\Local\CapCut Drafts\0617\matting\2d99daf14acd02ceeb707412f1139375\6E69D45C-612F-4fed-98F1-C1616760548E\5\mask\7533333","147456","2026-06-17 오전 1:21:38"
"C:\Users\user\AppData\Local\CapCut Drafts\0617\matting\2d99daf14acd02ceeb707412f1139375\6E69D45C-612F-4fed-98F1-C1616760548E\5\mask\7566667","147456","2026-06-17 오전 1:21:38"
"C:\Users\user\AppData\Local\CapCut Drafts\0617\matting\2d99daf14acd02ceeb707412f1139375\6E69D45C-612F-4fed-98F1-C1616760548E\5\mask\7600000","147456","2026-06-17 오전 1:21:38"
"C:\Users\user\AppData\Local\CapCut Drafts\0617\matting\2d99daf14acd02ceeb707412f1139375\6E69D45C-612F-4fed-98F1-C1616760548E\5\mask\7633333","147456","2026-06-17 오전 1:21:38"
"C:\Users\user\AppData\Local\CapCut Drafts\0617\matting\2d99daf14acd02ceeb707412f1139375\6E69D45C-612F-4fed-98F1-C1616760548E\5\mask\7666667","147456","2026-06-17 오전 1:21:38"
"C:\Users\user\AppData\Local\CapCut Drafts\0617\matting\2d99daf14acd02ceeb707412f1139375\6E69D45C-612F-4fed-98F1-C1616760548E\5\mask\766667","147456","2026-06-17 오전 1:21:39"
"C:\Users\user\AppData\Local\CapCut Drafts\0617\matting\2d99daf14acd02ceeb707412f1139375\6E69D45C-612F-4fed-98F1-C1616760548E\5\mask\7700000","147456","2026-06-17 오전 1:21:38"
"C:\Users\user\AppData\Local\CapCut Drafts\0617\matting\2d99daf14acd02ceeb707412f1139375\6E69D45C-612F-4fed-98F1-C1616760548E\5\mask\7733333","147456","2026-06-17 오전 1:21:38"
"C:\Users\user\AppData\Local\CapCut Drafts\0617\matting\2d99daf14acd02ceeb707412f1139375\6E69D45C-612F-4fed-98F1-C1616760548E\5\mask\7766667","147456","2026-06-17 오전 1:21:38"
"C:\Users\user\AppData\Local\CapCut Drafts\0617\matting\2d99daf14acd02ceeb707412f1139375\6E69D45C-612F-4fed-98F1-C1616760548E\5\mask\7800000","147456","2026-06-17 오전 1:21:38"
"C:\Users\user\AppData\Local\CapCut Drafts\0617\matting\2d99daf14acd02ceeb707412f1139375\6E69D45C-612F-4fed-98F1-C1616760548E\5\mask\7833333","147456","2026-06-17 오전 1:21:38"
"C:\Users\user\AppData\Local\CapCut Drafts\0617\matting\2d99daf14acd02ceeb707412f1139375\6E69D45C-612F-4fed-98F1-C1616760548E\5\mask\7866667","147456","2026-06-17 오전 1:21:38"
"C:\Users\user\AppData\Local\CapCut Drafts\0617\matting\2d99daf14acd02ceeb707412f1139375\6E69D45C-612F-4fed-98F1-C1616760548E\5\mask\7900000","147456","2026-06-17 오전 1:21:38"
"C:\Users\user\AppData\Local\CapCut Drafts\0617\matting\2d99daf14acd02ceeb707412f1139375\6E69D45C-612F-4fed-98F1-C1616760548E\5\mask\7933333","147456","2026-06-17 오전 1:21:38"
"C:\Users\user\AppData\Local\CapCut Drafts\0617\matting\2d99daf14acd02ceeb707412f1139375\6E69D45C-612F-4fed-98F1-C1616760548E\5\mask\7966667","147456","2026-06-17 오전 1:21:38"
"C:\Users\user\AppData\Local\CapCut Drafts\0617\matting\2d99daf14acd02ceeb707412f1139375\6E69D45C-612F-4fed-98F1-C1616760548E\5\mask\800000","147456","2026-06-17 오전 1:21:39"
"C:\Users\user\AppData\Local\CapCut Drafts\0617\matting\2d99daf14acd02ceeb707412f1139375\6E69D45C-612F-4fed-98F1-C1616760548E\5\mask\8000000","147456","2026-06-17 오전 1:21:38"
"C:\Users\user\AppData\Local\CapCut Drafts\0617\matting\2d99daf14acd02ceeb707412f1139375\6E69D45C-612F-4fed-98F1-C1616760548E\5\mask\8033333","147456","2026-06-17 오전 1:21:38"
"C:\Users\user\AppData\Local\CapCut Drafts\0617\matting\2d99daf14acd02ceeb707412f1139375\6E69D45C-612F-4fed-98F1-C1616760548E\5\mask\8066667","147456","2026-06-17 오전 1:21:38"
"C:\Users\user\AppData\Local\CapCut Drafts\0617\matting\2d99daf14acd02ceeb707412f1139375\6E69D45C-612F-4fed-98F1-C1616760548E\5\mask\8100000","147456","2026-06-17 오전 1:21:38"
"C:\Users\user\AppData\Local\CapCut Drafts\0617\matting\2d99daf14acd02ceeb707412f1139375\6E69D45C-612F-4fed-98F1-C1616760548E\5\mask\8133333","147456","2026-06-17 오전 1:21:38"
"C:\Users\user\AppData\Local\CapCut Drafts\0617\matting\2d99daf14acd02ceeb707412f1139375\6E69D45C-612F-4fed-98F1-C1616760548E\5\mask\8166667","147456","2026-06-17 오전 1:21:38"
"C:\Users\user\AppData\Local\CapCut Drafts\0617\matting\2d99daf14acd02ceeb707412f1139375\6E69D45C-612F-4fed-98F1-C1616760548E\5\mask\8200000","147456","2026-06-17 오전 1:21:38"
"C:\Users\user\AppData\Local\CapCut Drafts\0617\matting\2d99daf14acd02ceeb707412f1139375\6E69D45C-612F-4fed-98F1-C1616760548E\5\mask\8233333","147456","2026-06-17 오전 1:21:38"
"C:\Users\user\AppData\Local\CapCut Drafts\0617\matting\2d99daf14acd02ceeb707412f1139375\6E69D45C-612F-4fed-98F1-C1616760548E\5\mask\8266667","147456","2026-06-17 오전 1:21:38"
"C:\Users\user\AppData\Local\CapCut Drafts\0617\matting\2d99daf14acd02ceeb707412f1139375\6E69D45C-612F-4fed-98F1-C1616760548E\5\mask\8300000","147456","2026-06-17 오전 1:21:38"
"C:\Users\user\AppData\Local\CapCut Drafts\0617\matting\2d99daf14acd02ceeb707412f1139375\6E69D45C-612F-4fed-98F1-C1616760548E\5\mask\833333","147456","2026-06-17 오전 1:21:39"
"C:\Users\user\AppData\Local\CapCut Drafts\0617\matting\2d99daf14acd02ceeb707412f1139375\6E69D45C-612F-4fed-98F1-C1616760548E\5\mask\8333333","147456","2026-06-17 오전 1:21:38"
"C:\Users\user\AppData\Local\CapCut Drafts\0617\matting\2d99daf14acd02ceeb707412f1139375\6E69D45C-612F-4fed-98F1-C1616760548E\5\mask\8366667","147456","2026-06-17 오전 1:21:38"
"C:\Users\user\AppData\Local\CapCut Drafts\0617\matting\2d99daf14acd02ceeb707412f1139375\6E69D45C-612F-4fed-98F1-C1616760548E\5\mask\8400000","147456","2026-06-17 오전 1:21:38"
"C:\Users\user\AppData\Local\CapCut Drafts\0617\matting\2d99daf14acd02ceeb707412f1139375\6E69D45C-612F-4fed-98F1-C1616760548E\5\mask\8433333","147456","2026-06-17 오전 1:21:38"
"C:\Users\user\AppData\Local\CapCut Drafts\0617\matting\2d99daf14acd02ceeb707412f1139375\6E69D45C-612F-4fed-98F1-C1616760548E\5\mask\8466667","147456","2026-06-17 오전 1:21:38"
"C:\Users\user\AppData\Local\CapCut Drafts\0617\matting\2d99daf14acd02ceeb707412f1139375\6E69D45C-612F-4fed-98F1-C1616760548E\5\mask\8500000","147456","2026-06-17 오전 1:21:38"
"C:\Users\user\AppData\Local\CapCut Drafts\0617\matting\2d99daf14acd02ceeb707412f1139375\6E69D45C-612F-4fed-98F1-C1616760548E\5\mask\8533333","147456","2026-06-17 오전 1:21:38"
"C:\Users\user\AppData\Local\CapCut Drafts\0617\matting\2d99daf14acd02ceeb707412f1139375\6E69D45C-612F-4fed-98F1-C1616760548E\5\mask\8566667","147456","2026-06-17 오전 1:21:38"
"C:\Users\user\AppData\Local\CapCut Drafts\0617\matting\2d99daf14acd02ceeb707412f1139375\6E69D45C-612F-4fed-98F1-C1616760548E\5\mask\8600000","147456","2026-06-17 오전 1:21:38"
"C:\Users\user\AppData\Local\CapCut Drafts\0617\matting\2d99daf14acd02ceeb707412f1139375\6E69D45C-612F-4fed-98F1-C1616760548E\5\mask\8633333","147456","2026-06-17 오전 1:21:38"
"C:\Users\user\AppData\Local\CapCut Drafts\0617\matting\2d99daf14acd02ceeb707412f1139375\6E69D45C-612F-4fed-98F1-C1616760548E\5\mask\8666667","147456","2026-06-17 오전 1:21:38"
"C:\Users\user\AppData\Local\CapCut Drafts\0617\matting\2d99daf14acd02ceeb707412f1139375\6E69D45C-612F-4fed-98F1-C1616760548E\5\mask\866667","147456","2026-06-17 오전 1:21:39"
"C:\Users\user\AppData\Local\CapCut Drafts\0617\matting\2d99daf14acd02ceeb707412f1139375\6E69D45C-612F-4fed-98F1-C1616760548E\5\mask\8700000","147456","2026-06-17 오전 1:21:38"
"C:\Users\user\AppData\Local\CapCut Drafts\0617\matting\2d99daf14acd02ceeb707412f1139375\6E69D45C-612F-4fed-98F1-C1616760548E\5\mask\8733333","147456","2026-06-17 오전 1:21:38"
"C:\Users\user\AppData\Local\CapCut Drafts\0617\matting\2d99daf14acd02ceeb707412f1139375\6E69D45C-612F-4fed-98F1-C1616760548E\5\mask\8766667","147456","2026-06-17 오전 1:21:38"
"C:\Users\user\AppData\Local\CapCut Drafts\0617\matting\2d99daf14acd02ceeb707412f1139375\6E69D45C-612F-4fed-98F1-C1616760548E\5\mask\8800000","147456","2026-06-17 오전 1:21:38"
"C:\Users\user\AppData\Local\CapCut Drafts\0617\matting\2d99daf14acd02ceeb707412f1139375\6E69D45C-612F-4fed-98F1-C1616760548E\5\mask\8833333","147456","2026-06-17 오전 1:21:38"
"C:\Users\user\AppData\Local\CapCut Drafts\0617\matting\2d99daf14acd02ceeb707412f1139375\6E69D45C-612F-4fed-98F1-C1616760548E\5\mask\8866667","147456","2026-06-17 오전 1:21:38"
"C:\Users\user\AppData\Local\CapCut Drafts\0617\matting\2d99daf14acd02ceeb707412f1139375\6E69D45C-612F-4fed-98F1-C1616760548E\5\mask\8900000","147456","2026-06-17 오전 1:21:38"
"C:\Users\user\AppData\Local\CapCut Drafts\0617\matting\2d99daf14acd02ceeb707412f1139375\6E69D45C-612F-4fed-98F1-C1616760548E\5\mask\8933333","147456","2026-06-17 오전 1:21:38"
"C:\Users\user\AppData\Local\CapCut Drafts\0617\matting\2d99daf14acd02ceeb707412f1139375\6E69D45C-612F-4fed-98F1-C1616760548E\5\mask\8966667","147456","2026-06-17 오전 1:21:38"
"C:\Users\user\AppData\Local\CapCut Drafts\0617\matting\2d99daf14acd02ceeb707412f1139375\6E69D45C-612F-4fed-98F1-C1616760548E\5\mask\900000","147456","2026-06-17 오전 1:21:39"
"C:\Users\user\AppData\Local\CapCut Drafts\0617\matting\2d99daf14acd02ceeb707412f1139375\6E69D45C-612F-4fed-98F1-C1616760548E\5\mask\9000000","147456","2026-06-17 오전 1:21:38"
"C:\Users\user\AppData\Local\CapCut Drafts\0617\matting\2d99daf14acd02ceeb707412f1139375\6E69D45C-612F-4fed-98F1-C1616760548E\5\mask\9033333","147456","2026-06-17 오전 1:21:38"
"C:\Users\user\AppData\Local\CapCut Drafts\0617\matting\2d99daf14acd02ceeb707412f1139375\6E69D45C-612F-4fed-98F1-C1616760548E\5\mask\9066667","147456","2026-06-17 오전 1:21:38"
"C:\Users\user\AppData\Local\CapCut Drafts\0617\matting\2d99daf14acd02ceeb707412f1139375\6E69D45C-612F-4fed-98F1-C1616760548E\5\mask\9100000","147456","2026-06-17 오전 1:21:38"
"C:\Users\user\AppData\Local\CapCut Drafts\0617\matting\2d99daf14acd02ceeb707412f1139375\6E69D45C-612F-4fed-98F1-C1616760548E\5\mask\9133333","147456","2026-06-17 오전 1:21:38"
"C:\Users\user\AppData\Local\CapCut Drafts\0617\matting\2d99daf14acd02ceeb707412f1139375\6E69D45C-612F-4fed-98F1-C1616760548E\5\mask\9166667","147456","2026-06-17 오전 1:21:38"
"C:\Users\user\AppData\Local\CapCut Drafts\0617\matting\2d99daf14acd02ceeb707412f1139375\6E69D45C-612F-4fed-98F1-C1616760548E\5\mask\9200000","147456","2026-06-17 오전 1:21:38"
"C:\Users\user\AppData\Local\CapCut Drafts\0617\matting\2d99daf14acd02ceeb707412f1139375\6E69D45C-612F-4fed-98F1-C1616760548E\5\mask\9233333","147456","2026-06-17 오전 1:21:38"
"C:\Users\user\AppData\Local\CapCut Drafts\0617\matting\2d99daf14acd02ceeb707412f1139375\6E69D45C-612F-4fed-98F1-C1616760548E\5\mask\9266667","147456","2026-06-17 오전 1:21:38"
"C:\Users\user\AppData\Local\CapCut Drafts\0617\matting\2d99daf14acd02ceeb707412f1139375\6E69D45C-612F-4fed-98F1-C1616760548E\5\mask\9300000","147456","2026-06-17 오전 1:21:38"
"C:\Users\user\AppData\Local\CapCut Drafts\0617\matting\2d99daf14acd02ceeb707412f1139375\6E69D45C-612F-4fed-98F1-C1616760548E\5\mask\933333","147456","2026-06-17 오전 1:21:39"
"C:\Users\user\AppData\Local\CapCut Drafts\0617\matting\2d99daf14acd02ceeb707412f1139375\6E69D45C-612F-4fed-98F1-C1616760548E\5\mask\9333333","147456","2026-06-17 오전 1:21:38"
"C:\Users\user\AppData\Local\CapCut Drafts\0617\matting\2d99daf14acd02ceeb707412f1139375\6E69D45C-612F-4fed-98F1-C1616760548E\5\mask\9366667","147456","2026-06-17 오전 1:21:38"
"C:\Users\user\AppData\Local\CapCut Drafts\0617\matting\2d99daf14acd02ceeb707412f1139375\6E69D45C-612F-4fed-98F1-C1616760548E\5\mask\9400000","147456","2026-06-17 오전 1:21:38"
"C:\Users\user\AppData\Local\CapCut Drafts\0617\matting\2d99daf14acd02ceeb707412f1139375\6E69D45C-612F-4fed-98F1-C1616760548E\5\mask\9433333","147456","2026-06-17 오전 1:21:38"
"C:\Users\user\AppData\Local\CapCut Drafts\0617\matting\2d99daf14acd02ceeb707412f1139375\6E69D45C-612F-4fed-98F1-C1616760548E\5\mask\9466667","147456","2026-06-17 오전 1:21:38"
"C:\Users\user\AppData\Local\CapCut Drafts\0617\matting\2d99daf14acd02ceeb707412f1139375\6E69D45C-612F-4fed-98F1-C1616760548E\5\mask\9500000","147456","2026-06-17 오전 1:21:38"
"C:\Users\user\AppData\Local\CapCut Drafts\0617\matting\2d99daf14acd02ceeb707412f1139375\6E69D45C-612F-4fed-98F1-C1616760548E\5\mask\9533333","147456","2026-06-17 오전 1:21:38"
"C:\Users\user\AppData\Local\CapCut Drafts\0617\matting\2d99daf14acd02ceeb707412f1139375\6E69D45C-612F-4fed-98F1-C1616760548E\5\mask\9566667","147456","2026-06-17 오전 1:21:38"
"C:\Users\user\AppData\Local\CapCut Drafts\0617\matting\2d99daf14acd02ceeb707412f1139375\6E69D45C-612F-4fed-98F1-C1616760548E\5\mask\9600000","147456","2026-06-17 오전 1:21:38"
"C:\Users\user\AppData\Local\CapCut Drafts\0617\matting\2d99daf14acd02ceeb707412f1139375\6E69D45C-612F-4fed-98F1-C1616760548E\5\mask\9633333","147456","2026-06-17 오전 1:21:38"
"C:\Users\user\AppData\Local\CapCut Drafts\0617\matting\2d99daf14acd02ceeb707412f1139375\6E69D45C-612F-4fed-98F1-C1616760548E\5\mask\9666667","147456","2026-06-17 오전 1:21:38"
"C:\Users\user\AppData\Local\CapCut Drafts\0617\matting\2d99daf14acd02ceeb707412f1139375\6E69D45C-612F-4fed-98F1-C1616760548E\5\mask\966667","147456","2026-06-17 오전 1:21:39"
"C:\Users\user\AppData\Local\CapCut Drafts\0617\matting\2d99daf14acd02ceeb707412f1139375\6E69D45C-612F-4fed-98F1-C1616760548E\5\mask\9700000","147456","2026-06-17 오전 1:21:38"
"C:\Users\user\AppData\Local\CapCut Drafts\0617\matting\2d99daf14acd02ceeb707412f1139375\6E69D45C-612F-4fed-98F1-C1616760548E\5\mask\9733333","147456","2026-06-17 오전 1:21:38"
"C:\Users\user\AppData\Local\CapCut Drafts\0617\matting\2d99daf14acd02ceeb707412f1139375\6E69D45C-612F-4fed-98F1-C1616760548E\5\mask\9766667","147456","2026-06-17 오전 1:21:38"
"C:\Users\user\AppData\Local\CapCut Drafts\0617\matting\2d99daf14acd02ceeb707412f1139375\6E69D45C-612F-4fed-98F1-C1616760548E\5\mask\9800000","147456","2026-06-17 오전 1:21:38"
"C:\Users\user\AppData\Local\CapCut Drafts\0617\matting\2d99daf14acd02ceeb707412f1139375\6E69D45C-612F-4fed-98F1-C1616760548E\5\mask\9833333","147456","2026-06-17 오전 1:21:38"
"C:\Users\user\AppData\Local\CapCut Drafts\0617\matting\2d99daf14acd02ceeb707412f1139375\6E69D45C-612F-4fed-98F1-C1616760548E\5\mask\9866667","147456","2026-06-17 오전 1:21:38"
"C:\Users\user\AppData\Local\CapCut Drafts\0617\matting\2d99daf14acd02ceeb707412f1139375\6E69D45C-612F-4fed-98F1-C1616760548E\5\mask\9900000","147456","2026-06-17 오전 1:21:38"
"C:\Users\user\AppData\Local\CapCut Drafts\0617\matting\2d99daf14acd02ceeb707412f1139375\6E69D45C-612F-4fed-98F1-C1616760548E\5\mask\9933333","147456","2026-06-17 오전 1:21:38"
"C:\Users\user\AppData\Local\CapCut Drafts\0617\matting\2d99daf14acd02ceeb707412f1139375\6E69D45C-612F-4fed-98F1-C1616760548E\5\mask\9966667","147456","2026-06-17 오전 1:21:38"
"C:\Users\user\AppData\Local\CapCut Drafts\0617\matting\2d99daf14acd02ceeb707412f1139375\6E69D45C-612F-4fed-98F1-C1616760548E\5\maskinfo\0","110","2026-06-17 오전 1:21:39"
"C:\Users\user\AppData\Local\CapCut Drafts\0617\matting\2d99daf14acd02ceeb707412f1139375\6E69D45C-612F-4fed-98F1-C1616760548E\5\maskinfo\100000","110","2026-06-17 오전 1:21:39"
"C:\Users\user\AppData\Local\CapCut Drafts\0617\matting\2d99daf14acd02ceeb707412f1139375\6E69D45C-612F-4fed-98F1-C1616760548E\5\maskinfo\1000000","110","2026-06-17 오전 1:21:39"
"C:\Users\user\AppData\Local\CapCut Drafts\0617\matting\2d99daf14acd02ceeb707412f1139375\6E69D45C-612F-4fed-98F1-C1616760548E\5\maskinfo\10000000","110","2026-06-17 오전 1:21:38"
"C:\Users\user\AppData\Local\CapCut Drafts\0617\matting\2d99daf14acd02ceeb707412f1139375\6E69D45C-612F-4fed-98F1-C1616760548E\5\maskinfo\10033333","110","2026-06-17 오전 1:21:38"
"C:\Users\user\AppData\Local\CapCut Drafts\0617\matting\2d99daf14acd02ceeb707412f1139375\6E69D45C-612F-4fed-98F1-C1616760548E\5\maskinfo\10066667","110","2026-06-17 오전 1:21:38"
"C:\Users\user\AppData\Local\CapCut Drafts\0617\matting\2d99daf14acd02ceeb707412f1139375\6E69D45C-612F-4fed-98F1-C1616760548E\5\maskinfo\10100000","110","2026-06-17 오전 1:21:38"
"C:\Users\user\AppData\Local\CapCut Drafts\0617\matting\2d99daf14acd02ceeb707412f1139375\6E69D45C-612F-4fed-98F1-C1616760548E\5\maskinfo\10133333","110","2026-06-17 오전 1:21:38"
"C:\Users\user\AppData\Local\CapCut Drafts\0617\matting\2d99daf14acd02ceeb707412f1139375\6E69D45C-612F-4fed-98F1-C1616760548E\5\maskinfo\10166667","110","2026-06-17 오전 1:21:38"
"C:\Users\user\AppData\Local\CapCut Drafts\0617\matting\2d99daf14acd02ceeb707412f1139375\6E69D45C-612F-4fed-98F1-C1616760548E\5\maskinfo\10200000","110","2026-06-17 오전 1:21:38"
"C:\Users\user\AppData\Local\CapCut Drafts\0617\matting\2d99daf14acd02ceeb707412f1139375\6E69D45C-612F-4fed-98F1-C1616760548E\5\maskinfo\10233333","110","2026-06-17 오전 1:21:38"
"C:\Users\user\AppData\Local\CapCut Drafts\0617\matting\2d99daf14acd02ceeb707412f1139375\6E69D45C-612F-4fed-98F1-C1616760548E\5\maskinfo\10266667","110","2026-06-17 오전 1:21:38"
"C:\Users\user\AppData\Local\CapCut Drafts\0617\matting\2d99daf14acd02ceeb707412f1139375\6E69D45C-612F-4fed-98F1-C1616760548E\5\maskinfo\10300000","110","2026-06-17 오전 1:21:38"
"C:\Users\user\AppData\Local\CapCut Drafts\0617\matting\2d99daf14acd02ceeb707412f1139375\6E69D45C-612F-4fed-98F1-C1616760548E\5\maskinfo\1033333","110","2026-06-17 오전 1:21:39"
"C:\Users\user\AppData\Local\CapCut Drafts\0617\matting\2d99daf14acd02ceeb707412f1139375\6E69D45C-612F-4fed-98F1-C1616760548E\5\maskinfo\10333333","110","2026-06-17 오전 1:21:38"
"C:\Users\user\AppData\Local\CapCut Drafts\0617\matting\2d99daf14acd02ceeb707412f1139375\6E69D45C-612F-4fed-98F1-C1616760548E\5\maskinfo\10366667","110","2026-06-17 오전 1:21:38"
"C:\Users\user\AppData\Local\CapCut Drafts\0617\matting\2d99daf14acd02ceeb707412f1139375\6E69D45C-612F-4fed-98F1-C1616760548E\5\maskinfo\10400000","110","2026-06-17 오전 1:21:38"
"C:\Users\user\AppData\Local\CapCut Drafts\0617\matting\2d99daf14acd02ceeb707412f1139375\6E69D45C-612F-4fed-98F1-C1616760548E\5\maskinfo\10433333","110","2026-06-17 오전 1:21:38"
"C:\Users\user\AppData\Local\CapCut Drafts\0617\matting\2d99daf14acd02ceeb707412f1139375\6E69D45C-612F-4fed-98F1-C1616760548E\5\maskinfo\10466667","110","2026-06-17 오전 1:21:38"
"C:\Users\user\AppData\Local\CapCut Drafts\0617\matting\2d99daf14acd02ceeb707412f1139375\6E69D45C-612F-4fed-98F1-C1616760548E\5\maskinfo\10500000","110","2026-06-17 오전 1:21:38"
"C:\Users\user\AppData\Local\CapCut Drafts\0617\matting\2d99daf14acd02ceeb707412f1139375\6E69D45C-612F-4fed-98F1-C1616760548E\5\maskinfo\10533333","110","2026-06-17 오전 1:21:38"
"C:\Users\user\AppData\Local\CapCut Drafts\0617\matting\2d99daf14acd02ceeb707412f1139375\6E69D45C-612F-4fed-98F1-C1616760548E\5\maskinfo\10566667","110","2026-06-17 오전 1:21:38"
"C:\Users\user\AppData\Local\CapCut Drafts\0617\matting\2d99daf14acd02ceeb707412f1139375\6E69D45C-612F-4fed-98F1-C1616760548E\5\maskinfo\10600000","110","2026-06-17 오전 1:21:38"
"C:\Users\user\AppData\Local\CapCut Drafts\0617\matting\2d99daf14acd02ceeb707412f1139375\6E69D45C-612F-4fed-98F1-C1616760548E\5\maskinfo\10633333","110","2026-06-17 오전 1:21:38"
"C:\Users\user\AppData\Local\CapCut Drafts\0617\matting\2d99daf14acd02ceeb707412f1139375\6E69D45C-612F-4fed-98F1-C1616760548E\5\maskinfo\10666667","110","2026-06-17 오전 1:21:38"
"C:\Users\user\AppData\Local\CapCut Drafts\0617\matting\2d99daf14acd02ceeb707412f1139375\6E69D45C-612F-4fed-98F1-C1616760548E\5\maskinfo\1066667","110","2026-06-17 오전 1:21:39"
"C:\Users\user\AppData\Local\CapCut Drafts\0617\matting\2d99daf14acd02ceeb707412f1139375\6E69D45C-612F-4fed-98F1-C1616760548E\5\maskinfo\10700000","110","2026-06-17 오전 1:21:38"
"C:\Users\user\AppData\Local\CapCut Drafts\0617\matting\2d99daf14acd02ceeb707412f1139375\6E69D45C-612F-4fed-98F1-C1616760548E\5\maskinfo\10733333","110","2026-06-17 오전 1:21:38"
"C:\Users\user\AppData\Local\CapCut Drafts\0617\matting\2d99daf14acd02ceeb707412f1139375\6E69D45C-612F-4fed-98F1-C1616760548E\5\maskinfo\10766667","110","2026-06-17 오전 1:21:38"
"C:\Users\user\AppData\Local\CapCut Drafts\0617\matting\2d99daf14acd02ceeb707412f1139375\6E69D45C-612F-4fed-98F1-C1616760548E\5\maskinfo\10800000","110","2026-06-17 오전 1:21:38"
"C:\Users\user\AppData\Local\CapCut Drafts\0617\matting\2d99daf14acd02ceeb707412f1139375\6E69D45C-612F-4fed-98F1-C1616760548E\5\maskinfo\10833333","110","2026-06-17 오전 1:21:38"
"C:\Users\user\AppData\Local\CapCut Drafts\0617\matting\2d99daf14acd02ceeb707412f1139375\6E69D45C-612F-4fed-98F1-C1616760548E\5\maskinfo\10866667","110","2026-06-17 오전 1:21:38"
"C:\Users\user\AppData\Local\CapCut Drafts\0617\matting\2d99daf14acd02ceeb707412f1139375\6E69D45C-612F-4fed-98F1-C1616760548E\5\maskinfo\10900000","110","2026-06-17 오전 1:21:38"
"C:\Users\user\AppData\Local\CapCut Drafts\0617\matting\2d99daf14acd02ceeb707412f1139375\6E69D45C-612F-4fed-98F1-C1616760548E\5\maskinfo\10933333","110","2026-06-17 오전 1:21:38"
"C:\Users\user\AppData\Local\CapCut Drafts\0617\matting\2d99daf14acd02ceeb707412f1139375\6E69D45C-612F-4fed-98F1-C1616760548E\5\maskinfo\10966667","110","2026-06-17 오전 1:21:38"
"C:\Users\user\AppData\Local\CapCut Drafts\0617\matting\2d99daf14acd02ceeb707412f1139375\6E69D45C-612F-4fed-98F1-C1616760548E\5\maskinfo\1100000","110","2026-06-17 오전 1:21:39"
"C:\Users\user\AppData\Local\CapCut Drafts\0617\matting\2d99daf14acd02ceeb707412f1139375\6E69D45C-612F-4fed-98F1-C1616760548E\5\maskinfo\11000000","110","2026-06-17 오전 1:21:38"
"C:\Users\user\AppData\Local\CapCut Drafts\0617\matting\2d99daf14acd02ceeb707412f1139375\6E69D45C-612F-4fed-98F1-C1616760548E\5\maskinfo\11033333","110","2026-06-17 오전 1:21:38"
"C:\Users\user\AppData\Local\CapCut Drafts\0617\matting\2d99daf14acd02ceeb707412f1139375\6E69D45C-612F-4fed-98F1-C1616760548E\5\maskinfo\11066667","110","2026-06-17 오전 1:21:38"
"C:\Users\user\AppData\Local\CapCut Drafts\0617\matting\2d99daf14acd02ceeb707412f1139375\6E69D45C-612F-4fed-98F1-C1616760548E\5\maskinfo\11100000","110","2026-06-17 오전 1:21:38"
"C:\Users\user\AppData\Local\CapCut Drafts\0617\matting\2d99daf14acd02ceeb707412f1139375\6E69D45C-612F-4fed-98F1-C1616760548E\5\maskinfo\11133333","110","2026-06-17 오전 1:21:38"
"C:\Users\user\AppData\Local\CapCut Drafts\0617\matting\2d99daf14acd02ceeb707412f1139375\6E69D45C-612F-4fed-98F1-C1616760548E\5\maskinfo\11166667","110","2026-06-17 오전 1:21:38"
"C:\Users\user\AppData\Local\CapCut Drafts\0617\matting\2d99daf14acd02ceeb707412f1139375\6E69D45C-612F-4fed-98F1-C1616760548E\5\maskinfo\11200000","110","2026-06-17 오전 1:21:38"
"C:\Users\user\AppData\Local\CapCut Drafts\0617\matting\2d99daf14acd02ceeb707412f1139375\6E69D45C-612F-4fed-98F1-C1616760548E\5\maskinfo\11233333","110","2026-06-17 오전 1:21:38"
"C:\Users\user\AppData\Local\CapCut Drafts\0617\matting\2d99daf14acd02ceeb707412f1139375\6E69D45C-612F-4fed-98F1-C1616760548E\5\maskinfo\11266667","110","2026-06-17 오전 1:21:38"
"C:\Users\user\AppData\Local\CapCut Drafts\0617\matting\2d99daf14acd02ceeb707412f1139375\6E69D45C-612F-4fed-98F1-C1616760548E\5\maskinfo\11300000","110","2026-06-17 오전 1:21:38"
"C:\Users\user\AppData\Local\CapCut Drafts\0617\matting\2d99daf14acd02ceeb707412f1139375\6E69D45C-612F-4fed-98F1-C1616760548E\5\maskinfo\1133333","110","2026-06-17 오전 1:21:39"
"C:\Users\user\AppData\Local\CapCut Drafts\0617\matting\2d99daf14acd02ceeb707412f1139375\6E69D45C-612F-4fed-98F1-C1616760548E\5\maskinfo\11333333","110","2026-06-17 오전 1:21:38"
"C:\Users\user\AppData\Local\CapCut Drafts\0617\matting\2d99daf14acd02ceeb707412f1139375\6E69D45C-612F-4fed-98F1-C1616760548E\5\maskinfo\11366667","110","2026-06-17 오전 1:21:38"
"C:\Users\user\AppData\Local\CapCut Drafts\0617\matting\2d99daf14acd02ceeb707412f1139375\6E69D45C-612F-4fed-98F1-C1616760548E\5\maskinfo\11400000","110","2026-06-17 오전 1:21:38"
"C:\Users\user\AppData\Local\CapCut Drafts\0617\matting\2d99daf14acd02ceeb707412f1139375\6E69D45C-612F-4fed-98F1-C1616760548E\5\maskinfo\11433333","110","2026-06-17 오전 1:21:38"
"C:\Users\user\AppData\Local\CapCut Drafts\0617\matting\2d99daf14acd02ceeb707412f1139375\6E69D45C-612F-4fed-98F1-C1616760548E\5\maskinfo\11466667","110","2026-06-17 오전 1:21:38"
"C:\Users\user\AppData\Local\CapCut Drafts\0617\matting\2d99daf14acd02ceeb707412f1139375\6E69D45C-612F-4fed-98F1-C1616760548E\5\maskinfo\11500000","110","2026-06-17 오전 1:21:38"
"C:\Users\user\AppData\Local\CapCut Drafts\0617\matting\2d99daf14acd02ceeb707412f1139375\6E69D45C-612F-4fed-98F1-C1616760548E\5\maskinfo\11533333","110","2026-06-17 오전 1:21:38"
"C:\Users\user\AppData\Local\CapCut Drafts\0617\matting\2d99daf14acd02ceeb707412f1139375\6E69D45C-612F-4fed-98F1-C1616760548E\5\maskinfo\11566667","110","2026-06-17 오전 1:21:38"
"C:\Users\user\AppData\Local\CapCut Drafts\0617\matting\2d99daf14acd02ceeb707412f1139375\6E69D45C-612F-4fed-98F1-C1616760548E\5\maskinfo\11600000","110","2026-06-17 오전 1:21:38"
"C:\Users\user\AppData\Local\CapCut Drafts\0617\matting\2d99daf14acd02ceeb707412f1139375\6E69D45C-612F-4fed-98F1-C1616760548E\5\maskinfo\11633333","110","2026-06-17 오전 1:21:38"
"C:\Users\user\AppData\Local\CapCut Drafts\0617\matting\2d99daf14acd02ceeb707412f1139375\6E69D45C-612F-4fed-98F1-C1616760548E\5\maskinfo\11666667","110","2026-06-17 오전 1:21:38"
"C:\Users\user\AppData\Local\CapCut Drafts\0617\matting\2d99daf14acd02ceeb707412f1139375\6E69D45C-612F-4fed-98F1-C1616760548E\5\maskinfo\1166667","110","2026-06-17 오전 1:21:39"
"C:\Users\user\AppData\Local\CapCut Drafts\0617\matting\2d99daf14acd02ceeb707412f1139375\6E69D45C-612F-4fed-98F1-C1616760548E\5\maskinfo\11700000","110","2026-06-17 오전 1:21:38"
"C:\Users\user\AppData\Local\CapCut Drafts\0617\matting\2d99daf14acd02ceeb707412f1139375\6E69D45C-612F-4fed-98F1-C1616760548E\5\maskinfo\11733333","110","2026-06-17 오전 1:21:38"
"C:\Users\user\AppData\Local\CapCut Drafts\0617\matting\2d99daf14acd02ceeb707412f1139375\6E69D45C-612F-4fed-98F1-C1616760548E\5\maskinfo\11766667","110","2026-06-17 오전 1:21:38"
"C:\Users\user\AppData\Local\CapCut Drafts\0617\matting\2d99daf14acd02ceeb707412f1139375\6E69D45C-612F-4fed-98F1-C1616760548E\5\maskinfo\11800000","110","2026-06-17 오전 1:21:38"
"C:\Users\user\AppData\Local\CapCut Drafts\0617\matting\2d99daf14acd02ceeb707412f1139375\6E69D45C-612F-4fed-98F1-C1616760548E\5\maskinfo\11833333","110","2026-06-17 오전 1:21:38"
"C:\Users\user\AppData\Local\CapCut Drafts\0617\matting\2d99daf14acd02ceeb707412f1139375\6E69D45C-612F-4fed-98F1-C1616760548E\5\maskinfo\11866667","110","2026-06-17 오전 1:21:38"
"C:\Users\user\AppData\Local\CapCut Drafts\0617\matting\2d99daf14acd02ceeb707412f1139375\6E69D45C-612F-4fed-98F1-C1616760548E\5\maskinfo\11900000","110","2026-06-17 오전 1:21:38"
"C:\Users\user\AppData\Local\CapCut Drafts\0617\matting\2d99daf14acd02ceeb707412f1139375\6E69D45C-612F-4fed-98F1-C1616760548E\5\maskinfo\11933333","110","2026-06-17 오전 1:21:38"
"C:\Users\user\AppData\Local\CapCut Drafts\0617\matting\2d99daf14acd02ceeb707412f1139375\6E69D45C-612F-4fed-98F1-C1616760548E\5\maskinfo\11966667","110","2026-06-17 오전 1:21:38"
"C:\Users\user\AppData\Local\CapCut Drafts\0617\matting\2d99daf14acd02ceeb707412f1139375\6E69D45C-612F-4fed-98F1-C1616760548E\5\maskinfo\1200000","110","2026-06-17 오전 1:21:37"
"C:\Users\user\AppData\Local\CapCut Drafts\0617\matting\2d99daf14acd02ceeb707412f1139375\6E69D45C-612F-4fed-98F1-C1616760548E\5\maskinfo\12000000","110","2026-06-17 오전 1:21:38"
"C:\Users\user\AppData\Local\CapCut Drafts\0617\matting\2d99daf14acd02ceeb707412f1139375\6E69D45C-612F-4fed-98F1-C1616760548E\5\maskinfo\12033333","110","2026-06-17 오전 1:21:38"
"C:\Users\user\AppData\Local\CapCut Drafts\0617\matting\2d99daf14acd02ceeb707412f1139375\6E69D45C-612F-4fed-98F1-C1616760548E\5\maskinfo\12066667","110","2026-06-17 오전 1:21:38"
"C:\Users\user\AppData\Local\CapCut Drafts\0617\matting\2d99daf14acd02ceeb707412f1139375\6E69D45C-612F-4fed-98F1-C1616760548E\5\maskinfo\12100000","110","2026-06-17 오전 1:21:38"
"C:\Users\user\AppData\Local\CapCut Drafts\0617\matting\2d99daf14acd02ceeb707412f1139375\6E69D45C-612F-4fed-98F1-C1616760548E\5\maskinfo\12133333","110","2026-06-17 오전 1:21:38"
"C:\Users\user\AppData\Local\CapCut Drafts\0617\matting\2d99daf14acd02ceeb707412f1139375\6E69D45C-612F-4fed-98F1-C1616760548E\5\maskinfo\12166667","110","2026-06-17 오전 1:21:38"
"C:\Users\user\AppData\Local\CapCut Drafts\0617\matting\2d99daf14acd02ceeb707412f1139375\6E69D45C-612F-4fed-98F1-C1616760548E\5\maskinfo\12200000","110","2026-06-17 오전 1:21:38"
"C:\Users\user\AppData\Local\CapCut Drafts\0617\matting\2d99daf14acd02ceeb707412f1139375\6E69D45C-612F-4fed-98F1-C1616760548E\5\maskinfo\12233333","110","2026-06-17 오전 1:21:38"
"C:\Users\user\AppData\Local\CapCut Drafts\0617\matting\2d99daf14acd02ceeb707412f1139375\6E69D45C-612F-4fed-98F1-C1616760548E\5\maskinfo\12266667","110","2026-06-17 오전 1:21:38"
"C:\Users\user\AppData\Local\CapCut Drafts\0617\matting\2d99daf14acd02ceeb707412f1139375\6E69D45C-612F-4fed-98F1-C1616760548E\5\maskinfo\12300000","110","2026-06-17 오전 1:21:38"
"C:\Users\user\AppData\Local\CapCut Drafts\0617\matting\2d99daf14acd02ceeb707412f1139375\6E69D45C-612F-4fed-98F1-C1616760548E\5\maskinfo\1233333","110","2026-06-17 오전 1:21:37"
"C:\Users\user\AppData\Local\CapCut Drafts\0617\matting\2d99daf14acd02ceeb707412f1139375\6E69D45C-612F-4fed-98F1-C1616760548E\5\maskinfo\12333333","110","2026-06-17 오전 1:21:38"
"C:\Users\user\AppData\Local\CapCut Drafts\0617\matting\2d99daf14acd02ceeb707412f1139375\6E69D45C-612F-4fed-98F1-C1616760548E\5\maskinfo\12366667","110","2026-06-17 오전 1:21:38"
"C:\Users\user\AppData\Local\CapCut Drafts\0617\matting\2d99daf14acd02ceeb707412f1139375\6E69D45C-612F-4fed-98F1-C1616760548E\5\maskinfo\12400000","110","2026-06-17 오전 1:21:38"
"C:\Users\user\AppData\Local\CapCut Drafts\0617\matting\2d99daf14acd02ceeb707412f1139375\6E69D45C-612F-4fed-98F1-C1616760548E\5\maskinfo\12433333","110","2026-06-17 오전 1:21:38"
"C:\Users\user\AppData\Local\CapCut Drafts\0617\matting\2d99daf14acd02ceeb707412f1139375\6E69D45C-612F-4fed-98F1-C1616760548E\5\maskinfo\12466667","110","2026-06-17 오전 1:21:38"
"C:\Users\user\AppData\Local\CapCut Drafts\0617\matting\2d99daf14acd02ceeb707412f1139375\6E69D45C-612F-4fed-98F1-C1616760548E\5\maskinfo\12500000","110","2026-06-17 오전 1:21:38"
"C:\Users\user\AppData\Local\CapCut Drafts\0617\matting\2d99daf14acd02ceeb707412f1139375\6E69D45C-612F-4fed-98F1-C1616760548E\5\maskinfo\12533333","110","2026-06-17 오전 1:21:38"
"C:\Users\user\AppData\Local\CapCut Drafts\0617\matting\2d99daf14acd02ceeb707412f1139375\6E69D45C-612F-4fed-98F1-C1616760548E\5\maskinfo\12566667","110","2026-06-17 오전 1:21:38"
"C:\Users\user\AppData\Local\CapCut Drafts\0617\matting\2d99daf14acd02ceeb707412f1139375\6E69D45C-612F-4fed-98F1-C1616760548E\5\maskinfo\12600000","110","2026-06-17 오전 1:21:38"
"C:\Users\user\AppData\Local\CapCut Drafts\0617\matting\2d99daf14acd02ceeb707412f1139375\6E69D45C-612F-4fed-98F1-C1616760548E\5\maskinfo\12633333","110","2026-06-17 오전 1:21:38"
"C:\Users\user\AppData\Local\CapCut Drafts\0617\matting\2d99daf14acd02ceeb707412f1139375\6E69D45C-612F-4fed-98F1-C1616760548E\5\maskinfo\12666667","110","2026-06-17 오전 1:21:38"
"C:\Users\user\AppData\Local\CapCut Drafts\0617\matting\2d99daf14acd02ceeb707412f1139375\6E69D45C-612F-4fed-98F1-C1616760548E\5\maskinfo\1266667","110","2026-06-17 오전 1:21:37"
"C:\Users\user\AppData\Local\CapCut Drafts\0617\matting\2d99daf14acd02ceeb707412f1139375\6E69D45C-612F-4fed-98F1-C1616760548E\5\maskinfo\12700000","110","2026-06-17 오전 1:21:38"
"C:\Users\user\AppData\Local\CapCut Drafts\0617\matting\2d99daf14acd02ceeb707412f1139375\6E69D45C-612F-4fed-98F1-C1616760548E\5\maskinfo\12733333","110","2026-06-17 오전 1:21:38"
"C:\Users\user\AppData\Local\CapCut Drafts\0617\matting\2d99daf14acd02ceeb707412f1139375\6E69D45C-612F-4fed-98F1-C1616760548E\5\maskinfo\12766667","110","2026-06-17 오전 1:21:38"
"C:\Users\user\AppData\Local\CapCut Drafts\0617\matting\2d99daf14acd02ceeb707412f1139375\6E69D45C-612F-4fed-98F1-C1616760548E\5\maskinfo\12800000","110","2026-06-17 오전 1:21:38"
"C:\Users\user\AppData\Local\CapCut Drafts\0617\matting\2d99daf14acd02ceeb707412f1139375\6E69D45C-612F-4fed-98F1-C1616760548E\5\maskinfo\12833333","110","2026-06-17 오전 1:21:38"
"C:\Users\user\AppData\Local\CapCut Drafts\0617\matting\2d99daf14acd02ceeb707412f1139375\6E69D45C-612F-4fed-98F1-C1616760548E\5\maskinfo\12866667","110","2026-06-17 오전 1:21:38"
"C:\Users\user\AppData\Local\CapCut Drafts\0617\matting\2d99daf14acd02ceeb707412f1139375\6E69D45C-612F-4fed-98F1-C1616760548E\5\maskinfo\12900000","110","2026-06-17 오전 1:21:38"
"C:\Users\user\AppData\Local\CapCut Drafts\0617\matting\2d99daf14acd02ceeb707412f1139375\6E69D45C-612F-4fed-98F1-C1616760548E\5\maskinfo\12933333","110","2026-06-17 오전 1:21:38"
"C:\Users\user\AppData\Local\CapCut Drafts\0617\matting\2d99daf14acd02ceeb707412f1139375\6E69D45C-612F-4fed-98F1-C1616760548E\5\maskinfo\12966667","110","2026-06-17 오전 1:21:38"
"C:\Users\user\AppData\Local\CapCut Drafts\0617\matting\2d99daf14acd02ceeb707412f1139375\6E69D45C-612F-4fed-98F1-C1616760548E\5\maskinfo\1300000","110","2026-06-17 오전 1:21:37"
"C:\Users\user\AppData\Local\CapCut Drafts\0617\matting\2d99daf14acd02ceeb707412f1139375\6E69D45C-612F-4fed-98F1-C1616760548E\5\maskinfo\13000000","110","2026-06-17 오전 1:21:38"
"C:\Users\user\AppData\Local\CapCut Drafts\0617\matting\2d99daf14acd02ceeb707412f1139375\6E69D45C-612F-4fed-98F1-C1616760548E\5\maskinfo\13033333","110","2026-06-17 오전 1:21:38"
"C:\Users\user\AppData\Local\CapCut Drafts\0617\matting\2d99daf14acd02ceeb707412f1139375\6E69D45C-612F-4fed-98F1-C1616760548E\5\maskinfo\13066667","110","2026-06-17 오전 1:21:38"
"C:\Users\user\AppData\Local\CapCut Drafts\0617\matting\2d99daf14acd02ceeb707412f1139375\6E69D45C-612F-4fed-98F1-C1616760548E\5\maskinfo\13100000","110","2026-06-17 오전 1:21:38"
"C:\Users\user\AppData\Local\CapCut Drafts\0617\matting\2d99daf14acd02ceeb707412f1139375\6E69D45C-612F-4fed-98F1-C1616760548E\5\maskinfo\13133333","110","2026-06-17 오전 1:21:38"
"C:\Users\user\AppData\Local\CapCut Drafts\0617\matting\2d99daf14acd02ceeb707412f1139375\6E69D45C-612F-4fed-98F1-C1616760548E\5\maskinfo\13166667","110","2026-06-17 오전 1:21:38"
"C:\Users\user\AppData\Local\CapCut Drafts\0617\matting\2d99daf14acd02ceeb707412f1139375\6E69D45C-612F-4fed-98F1-C1616760548E\5\maskinfo\13200000","110","2026-06-17 오전 1:21:38"
"C:\Users\user\AppData\Local\CapCut Drafts\0617\matting\2d99daf14acd02ceeb707412f1139375\6E69D45C-612F-4fed-98F1-C1616760548E\5\maskinfo\13233333","110","2026-06-17 오전 1:21:38"
"C:\Users\user\AppData\Local\CapCut Drafts\0617\matting\2d99daf14acd02ceeb707412f1139375\6E69D45C-612F-4fed-98F1-C1616760548E\5\maskinfo\13266667","110","2026-06-17 오전 1:21:38"
"C:\Users\user\AppData\Local\CapCut Drafts\0617\matting\2d99daf14acd02ceeb707412f1139375\6E69D45C-612F-4fed-98F1-C1616760548E\5\maskinfo\13300000","110","2026-06-17 오전 1:21:38"
"C:\Users\user\AppData\Local\CapCut Drafts\0617\matting\2d99daf14acd02ceeb707412f1139375\6E69D45C-612F-4fed-98F1-C1616760548E\5\maskinfo\133333","110","2026-06-17 오전 1:21:39"
"C:\Users\user\AppData\Local\CapCut Drafts\0617\matting\2d99daf14acd02ceeb707412f1139375\6E69D45C-612F-4fed-98F1-C1616760548E\5\maskinfo\1333333","110","2026-06-17 오전 1:21:37"
"C:\Users\user\AppData\Local\CapCut Drafts\0617\matting\2d99daf14acd02ceeb707412f1139375\6E69D45C-612F-4fed-98F1-C1616760548E\5\maskinfo\13333333","110","2026-06-17 오전 1:21:38"
"C:\Users\user\AppData\Local\CapCut Drafts\0617\matting\2d99daf14acd02ceeb707412f1139375\6E69D45C-612F-4fed-98F1-C1616760548E\5\maskinfo\13366667","110","2026-06-17 오전 1:21:38"
"C:\Users\user\AppData\Local\CapCut Drafts\0617\matting\2d99daf14acd02ceeb707412f1139375\6E69D45C-612F-4fed-98F1-C1616760548E\5\maskinfo\13400000","110","2026-06-17 오전 1:21:38"
"C:\Users\user\AppData\Local\CapCut Drafts\0617\matting\2d99daf14acd02ceeb707412f1139375\6E69D45C-612F-4fed-98F1-C1616760548E\5\maskinfo\13433333","110","2026-06-17 오전 1:21:38"
"C:\Users\user\AppData\Local\CapCut Drafts\0617\matting\2d99daf14acd02ceeb707412f1139375\6E69D45C-612F-4fed-98F1-C1616760548E\5\maskinfo\13466667","110","2026-06-17 오전 1:21:38"
"C:\Users\user\AppData\Local\CapCut Drafts\0617\matting\2d99daf14acd02ceeb707412f1139375\6E69D45C-612F-4fed-98F1-C1616760548E\5\maskinfo\13500000","110","2026-06-17 오전 1:21:38"
"C:\Users\user\AppData\Local\CapCut Drafts\0617\matting\2d99daf14acd02ceeb707412f1139375\6E69D45C-612F-4fed-98F1-C1616760548E\5\maskinfo\13533333","110","2026-06-17 오전 1:21:38"
"C:\Users\user\AppData\Local\CapCut Drafts\0617\matting\2d99daf14acd02ceeb707412f1139375\6E69D45C-612F-4fed-98F1-C1616760548E\5\maskinfo\13566667","110","2026-06-17 오전 1:21:38"
"C:\Users\user\AppData\Local\CapCut Drafts\0617\matting\2d99daf14acd02ceeb707412f1139375\6E69D45C-612F-4fed-98F1-C1616760548E\5\maskinfo\13600000","110","2026-06-17 오전 1:21:38"
"C:\Users\user\AppData\Local\CapCut Drafts\0617\matting\2d99daf14acd02ceeb707412f1139375\6E69D45C-612F-4fed-98F1-C1616760548E\5\maskinfo\13633333","110","2026-06-17 오전 1:21:38"
"C:\Users\user\AppData\Local\CapCut Drafts\0617\matting\2d99daf14acd02ceeb707412f1139375\6E69D45C-612F-4fed-98F1-C1616760548E\5\maskinfo\13666667","110","2026-06-17 오전 1:21:38"
"C:\Users\user\AppData\Local\CapCut Drafts\0617\matting\2d99daf14acd02ceeb707412f1139375\6E69D45C-612F-4fed-98F1-C1616760548E\5\maskinfo\1366667","110","2026-06-17 오전 1:21:37"
"C:\Users\user\AppData\Local\CapCut Drafts\0617\matting\2d99daf14acd02ceeb707412f1139375\6E69D45C-612F-4fed-98F1-C1616760548E\5\maskinfo\13700000","110","2026-06-17 오전 1:21:38"
"C:\Users\user\AppData\Local\CapCut Drafts\0617\matting\2d99daf14acd02ceeb707412f1139375\6E69D45C-612F-4fed-98F1-C1616760548E\5\maskinfo\13733333","110","2026-06-17 오전 1:21:38"
"C:\Users\user\AppData\Local\CapCut Drafts\0617\matting\2d99daf14acd02ceeb707412f1139375\6E69D45C-612F-4fed-98F1-C1616760548E\5\maskinfo\13766667","110","2026-06-17 오전 1:21:38"
"C:\Users\user\AppData\Local\CapCut Drafts\0617\matting\2d99daf14acd02ceeb707412f1139375\6E69D45C-612F-4fed-98F1-C1616760548E\5\maskinfo\13800000","110","2026-06-17 오전 1:21:38"
"C:\Users\user\AppData\Local\CapCut Drafts\0617\matting\2d99daf14acd02ceeb707412f1139375\6E69D45C-612F-4fed-98F1-C1616760548E\5\maskinfo\13833333","110","2026-06-17 오전 1:21:38"
"C:\Users\user\AppData\Local\CapCut Drafts\0617\matting\2d99daf14acd02ceeb707412f1139375\6E69D45C-612F-4fed-98F1-C1616760548E\5\maskinfo\13866667","110","2026-06-17 오전 1:21:38"
"C:\Users\user\AppData\Local\CapCut Drafts\0617\matting\2d99daf14acd02ceeb707412f1139375\6E69D45C-612F-4fed-98F1-C1616760548E\5\maskinfo\13900000","110","2026-06-17 오전 1:21:38"
"C:\Users\user\AppData\Local\CapCut Drafts\0617\matting\2d99daf14acd02ceeb707412f1139375\6E69D45C-612F-4fed-98F1-C1616760548E\5\maskinfo\13933333","110","2026-06-17 오전 1:21:38"
"C:\Users\user\AppData\Local\CapCut Drafts\0617\matting\2d99daf14acd02ceeb707412f1139375\6E69D45C-612F-4fed-98F1-C1616760548E\5\maskinfo\13966667","110","2026-06-17 오전 1:21:38"
"C:\Users\user\AppData\Local\CapCut Drafts\0617\matting\2d99daf14acd02ceeb707412f1139375\6E69D45C-612F-4fed-98F1-C1616760548E\5\maskinfo\1400000","110","2026-06-17 오전 1:21:37"
"C:\Users\user\AppData\Local\CapCut Drafts\0617\matting\2d99daf14acd02ceeb707412f1139375\6E69D45C-612F-4fed-98F1-C1616760548E\5\maskinfo\14000000","110","2026-06-17 오전 1:21:38"
"C:\Users\user\AppData\Local\CapCut Drafts\0617\matting\2d99daf14acd02ceeb707412f1139375\6E69D45C-612F-4fed-98F1-C1616760548E\5\maskinfo\14033333","110","2026-06-17 오전 1:21:38"
"C:\Users\user\AppData\Local\CapCut Drafts\0617\matting\2d99daf14acd02ceeb707412f1139375\6E69D45C-612F-4fed-98F1-C1616760548E\5\maskinfo\14066667","110","2026-06-17 오전 1:21:38"
"C:\Users\user\AppData\Local\CapCut Drafts\0617\matting\2d99daf14acd02ceeb707412f1139375\6E69D45C-612F-4fed-98F1-C1616760548E\5\maskinfo\14100000","110","2026-06-17 오전 1:21:38"
"C:\Users\user\AppData\Local\CapCut Drafts\0617\matting\2d99daf14acd02ceeb707412f1139375\6E69D45C-612F-4fed-98F1-C1616760548E\5\maskinfo\14133333","110","2026-06-17 오전 1:21:38"
"C:\Users\user\AppData\Local\CapCut Drafts\0617\matting\2d99daf14acd02ceeb707412f1139375\6E69D45C-612F-4fed-98F1-C1616760548E\5\maskinfo\14166667","110","2026-06-17 오전 1:21:38"
"C:\Users\user\AppData\Local\CapCut Drafts\0617\matting\2d99daf14acd02ceeb707412f1139375\6E69D45C-612F-4fed-98F1-C1616760548E\5\maskinfo\14200000","110","2026-06-17 오전 1:21:38"
"C:\Users\user\AppData\Local\CapCut Drafts\0617\matting\2d99daf14acd02ceeb707412f1139375\6E69D45C-612F-4fed-98F1-C1616760548E\5\maskinfo\14233333","110","2026-06-17 오전 1:21:38"
"C:\Users\user\AppData\Local\CapCut Drafts\0617\matting\2d99daf14acd02ceeb707412f1139375\6E69D45C-612F-4fed-98F1-C1616760548E\5\maskinfo\14266667","110","2026-06-17 오전 1:21:38"
"C:\Users\user\AppData\Local\CapCut Drafts\0617\matting\2d99daf14acd02ceeb707412f1139375\6E69D45C-612F-4fed-98F1-C1616760548E\5\maskinfo\14300000","110","2026-06-17 오전 1:21:38"
"C:\Users\user\AppData\Local\CapCut Drafts\0617\matting\2d99daf14acd02ceeb707412f1139375\6E69D45C-612F-4fed-98F1-C1616760548E\5\maskinfo\1433333","110","2026-06-17 오전 1:21:37"
"C:\Users\user\AppData\Local\CapCut Drafts\0617\matting\2d99daf14acd02ceeb707412f1139375\6E69D45C-612F-4fed-98F1-C1616760548E\5\maskinfo\14333333","110","2026-06-17 오전 1:21:38"
"C:\Users\user\AppData\Local\CapCut Drafts\0617\matting\2d99daf14acd02ceeb707412f1139375\6E69D45C-612F-4fed-98F1-C1616760548E\5\maskinfo\14366667","110","2026-06-17 오전 1:21:38"
"C:\Users\user\AppData\Local\CapCut Drafts\0617\matting\2d99daf14acd02ceeb707412f1139375\6E69D45C-612F-4fed-98F1-C1616760548E\5\maskinfo\14400000","110","2026-06-17 오전 1:21:38"
"C:\Users\user\AppData\Local\CapCut Drafts\0617\matting\2d99daf14acd02ceeb707412f1139375\6E69D45C-612F-4fed-98F1-C1616760548E\5\maskinfo\14433333","110","2026-06-17 오전 1:21:38"
"C:\Users\user\AppData\Local\CapCut Drafts\0617\matting\2d99daf14acd02ceeb707412f1139375\6E69D45C-612F-4fed-98F1-C1616760548E\5\maskinfo\14466667","110","2026-06-17 오전 1:21:38"
"C:\Users\user\AppData\Local\CapCut Drafts\0617\matting\2d99daf14acd02ceeb707412f1139375\6E69D45C-612F-4fed-98F1-C1616760548E\5\maskinfo\14500000","110","2026-06-17 오전 1:21:38"
"C:\Users\user\AppData\Local\CapCut Drafts\0617\matting\2d99daf14acd02ceeb707412f1139375\6E69D45C-612F-4fed-98F1-C1616760548E\5\maskinfo\14533333","110","2026-06-17 오전 1:21:38"
"C:\Users\user\AppData\Local\CapCut Drafts\0617\matting\2d99daf14acd02ceeb707412f1139375\6E69D45C-612F-4fed-98F1-C1616760548E\5\maskinfo\14566667","110","2026-06-17 오전 1:21:38"
"C:\Users\user\AppData\Local\CapCut Drafts\0617\matting\2d99daf14acd02ceeb707412f1139375\6E69D45C-612F-4fed-98F1-C1616760548E\5\maskinfo\14600000","110","2026-06-17 오전 1:21:38"
"C:\Users\user\AppData\Local\CapCut Drafts\0617\matting\2d99daf14acd02ceeb707412f1139375\6E69D45C-612F-4fed-98F1-C1616760548E\5\maskinfo\14633333","110","2026-06-17 오전 1:21:38"
"C:\Users\user\AppData\Local\CapCut Drafts\0617\matting\2d99daf14acd02ceeb707412f1139375\6E69D45C-612F-4fed-98F1-C1616760548E\5\maskinfo\14666667","110","2026-06-17 오전 1:21:38"
"C:\Users\user\AppData\Local\CapCut Drafts\0617\matting\2d99daf14acd02ceeb707412f1139375\6E69D45C-612F-4fed-98F1-C1616760548E\5\maskinfo\1466667","110","2026-06-17 오전 1:21:37"
"C:\Users\user\AppData\Local\CapCut Drafts\0617\matting\2d99daf14acd02ceeb707412f1139375\6E69D45C-612F-4fed-98F1-C1616760548E\5\maskinfo\14700000","110","2026-06-17 오전 1:21:38"
"C:\Users\user\AppData\Local\CapCut Drafts\0617\matting\2d99daf14acd02ceeb707412f1139375\6E69D45C-612F-4fed-98F1-C1616760548E\5\maskinfo\14733333","110","2026-06-17 오전 1:21:38"
"C:\Users\user\AppData\Local\CapCut Drafts\0617\matting\2d99daf14acd02ceeb707412f1139375\6E69D45C-612F-4fed-98F1-C1616760548E\5\maskinfo\14766667","110","2026-06-17 오전 1:21:38"
"C:\Users\user\AppData\Local\CapCut Drafts\0617\matting\2d99daf14acd02ceeb707412f1139375\6E69D45C-612F-4fed-98F1-C1616760548E\5\maskinfo\14800000","110","2026-06-17 오전 1:21:38"
"C:\Users\user\AppData\Local\CapCut Drafts\0617\matting\2d99daf14acd02ceeb707412f1139375\6E69D45C-612F-4fed-98F1-C1616760548E\5\maskinfo\14833333","110","2026-06-17 오전 1:21:38"
"C:\Users\user\AppData\Local\CapCut Drafts\0617\matting\2d99daf14acd02ceeb707412f1139375\6E69D45C-612F-4fed-98F1-C1616760548E\5\maskinfo\14866667","110","2026-06-17 오전 1:21:38"
"C:\Users\user\AppData\Local\CapCut Drafts\0617\matting\2d99daf14acd02ceeb707412f1139375\6E69D45C-612F-4fed-98F1-C1616760548E\5\maskinfo\14900000","110","2026-06-17 오전 1:21:38"
"C:\Users\user\AppData\Local\CapCut Drafts\0617\matting\2d99daf14acd02ceeb707412f1139375\6E69D45C-612F-4fed-98F1-C1616760548E\5\maskinfo\14933333","110","2026-06-17 오전 1:21:38"
"C:\Users\user\AppData\Local\CapCut Drafts\0617\matting\2d99daf14acd02ceeb707412f1139375\6E69D45C-612F-4fed-98F1-C1616760548E\5\maskinfo\14966667","110","2026-06-17 오전 1:21:38"
"C:\Users\user\AppData\Local\CapCut Drafts\0617\matting\2d99daf14acd02ceeb707412f1139375\6E69D45C-612F-4fed-98F1-C1616760548E\5\maskinfo\1500000","110","2026-06-17 오전 1:21:37"
"C:\Users\user\AppData\Local\CapCut Drafts\0617\matting\2d99daf14acd02ceeb707412f1139375\6E69D45C-612F-4fed-98F1-C1616760548E\5\maskinfo\15000000","110","2026-06-17 오전 1:21:38"
"C:\Users\user\AppData\Local\CapCut Drafts\0617\matting\2d99daf14acd02ceeb707412f1139375\6E69D45C-612F-4fed-98F1-C1616760548E\5\maskinfo\15033333","110","2026-06-17 오전 1:21:38"
"C:\Users\user\AppData\Local\CapCut Drafts\0617\matting\2d99daf14acd02ceeb707412f1139375\6E69D45C-612F-4fed-98F1-C1616760548E\5\maskinfo\15066667","110","2026-06-17 오전 1:21:38"
"C:\Users\user\AppData\Local\CapCut Drafts\0617\matting\2d99daf14acd02ceeb707412f1139375\6E69D45C-612F-4fed-98F1-C1616760548E\5\maskinfo\15100000","110","2026-06-17 오전 1:21:38"
"C:\Users\user\AppData\Local\CapCut Drafts\0617\matting\2d99daf14acd02ceeb707412f1139375\6E69D45C-612F-4fed-98F1-C1616760548E\5\maskinfo\15133333","110","2026-06-17 오전 1:21:38"
"C:\Users\user\AppData\Local\CapCut Drafts\0617\matting\2d99daf14acd02ceeb707412f1139375\6E69D45C-612F-4fed-98F1-C1616760548E\5\maskinfo\15166667","110","2026-06-17 오전 1:21:38"
"C:\Users\user\AppData\Local\CapCut Drafts\0617\matting\2d99daf14acd02ceeb707412f1139375\6E69D45C-612F-4fed-98F1-C1616760548E\5\maskinfo\15200000","110","2026-06-17 오전 1:21:38"
"C:\Users\user\AppData\Local\CapCut Drafts\0617\matting\2d99daf14acd02ceeb707412f1139375\6E69D45C-612F-4fed-98F1-C1616760548E\5\maskinfo\15233333","110","2026-06-17 오전 1:21:38"
"C:\Users\user\AppData\Local\CapCut Drafts\0617\matting\2d99daf14acd02ceeb707412f1139375\6E69D45C-612F-4fed-98F1-C1616760548E\5\maskinfo\15266667","110","2026-06-17 오전 1:21:38"
"C:\Users\user\AppData\Local\CapCut Drafts\0617\matting\2d99daf14acd02ceeb707412f1139375\6E69D45C-612F-4fed-98F1-C1616760548E\5\maskinfo\15300000","110","2026-06-17 오전 1:21:38"
"C:\Users\user\AppData\Local\CapCut Drafts\0617\matting\2d99daf14acd02ceeb707412f1139375\6E69D45C-612F-4fed-98F1-C1616760548E\5\maskinfo\1533333","110","2026-06-17 오전 1:21:37"
"C:\Users\user\AppData\Local\CapCut Drafts\0617\matting\2d99daf14acd02ceeb707412f1139375\6E69D45C-612F-4fed-98F1-C1616760548E\5\maskinfo\15333333","110","2026-06-17 오전 1:21:38"
"C:\Users\user\AppData\Local\CapCut Drafts\0617\matting\2d99daf14acd02ceeb707412f1139375\6E69D45C-612F-4fed-98F1-C1616760548E\5\maskinfo\15366667","110","2026-06-17 오전 1:21:38"
"C:\Users\user\AppData\Local\CapCut Drafts\0617\matting\2d99daf14acd02ceeb707412f1139375\6E69D45C-612F-4fed-98F1-C1616760548E\5\maskinfo\15400000","110","2026-06-17 오전 1:21:38"
"C:\Users\user\AppData\Local\CapCut Drafts\0617\matting\2d99daf14acd02ceeb707412f1139375\6E69D45C-612F-4fed-98F1-C1616760548E\5\maskinfo\15433333","110","2026-06-17 오전 1:21:38"
"C:\Users\user\AppData\Local\CapCut Drafts\0617\matting\2d99daf14acd02ceeb707412f1139375\6E69D45C-612F-4fed-98F1-C1616760548E\5\maskinfo\15466667","110","2026-06-17 오전 1:21:38"
"C:\Users\user\AppData\Local\CapCut Drafts\0617\matting\2d99daf14acd02ceeb707412f1139375\6E69D45C-612F-4fed-98F1-C1616760548E\5\maskinfo\15500000","110","2026-06-17 오전 1:21:38"
"C:\Users\user\AppData\Local\CapCut Drafts\0617\matting\2d99daf14acd02ceeb707412f1139375\6E69D45C-612F-4fed-98F1-C1616760548E\5\maskinfo\15533333","110","2026-06-17 오전 1:21:38"
"C:\Users\user\AppData\Local\CapCut Drafts\0617\matting\2d99daf14acd02ceeb707412f1139375\6E69D45C-612F-4fed-98F1-C1616760548E\5\maskinfo\15566667","110","2026-06-17 오전 1:21:38"
"C:\Users\user\AppData\Local\CapCut Drafts\0617\matting\2d99daf14acd02ceeb707412f1139375\6E69D45C-612F-4fed-98F1-C1616760548E\5\maskinfo\15600000","110","2026-06-17 오전 1:21:38"
"C:\Users\user\AppData\Local\CapCut Drafts\0617\matting\2d99daf14acd02ceeb707412f1139375\6E69D45C-612F-4fed-98F1-C1616760548E\5\maskinfo\15633333","110","2026-06-17 오전 1:21:38"
"C:\Users\user\AppData\Local\CapCut Drafts\0617\matting\2d99daf14acd02ceeb707412f1139375\6E69D45C-612F-4fed-98F1-C1616760548E\5\maskinfo\15666667","110","2026-06-17 오전 1:21:39"
"C:\Users\user\AppData\Local\CapCut Drafts\0617\matting\2d99daf14acd02ceeb707412f1139375\6E69D45C-612F-4fed-98F1-C1616760548E\5\maskinfo\1566667","110","2026-06-17 오전 1:21:37"
"C:\Users\user\AppData\Local\CapCut Drafts\0617\matting\2d99daf14acd02ceeb707412f1139375\6E69D45C-612F-4fed-98F1-C1616760548E\5\maskinfo\15700000","110","2026-06-17 오전 1:21:39"
"C:\Users\user\AppData\Local\CapCut Drafts\0617\matting\2d99daf14acd02ceeb707412f1139375\6E69D45C-612F-4fed-98F1-C1616760548E\5\maskinfo\15733333","110","2026-06-17 오전 1:21:39"
"C:\Users\user\AppData\Local\CapCut Drafts\0617\matting\2d99daf14acd02ceeb707412f1139375\6E69D45C-612F-4fed-98F1-C1616760548E\5\maskinfo\15766667","110","2026-06-17 오전 1:21:39"
"C:\Users\user\AppData\Local\CapCut Drafts\0617\matting\2d99daf14acd02ceeb707412f1139375\6E69D45C-612F-4fed-98F1-C1616760548E\5\maskinfo\15800000","110","2026-06-17 오전 1:21:39"
"C:\Users\user\AppData\Local\CapCut Drafts\0617\matting\2d99daf14acd02ceeb707412f1139375\6E69D45C-612F-4fed-98F1-C1616760548E\5\maskinfo\15833333","110","2026-06-17 오전 1:21:39"
"C:\Users\user\AppData\Local\CapCut Drafts\0617\matting\2d99daf14acd02ceeb707412f1139375\6E69D45C-612F-4fed-98F1-C1616760548E\5\maskinfo\15866667","110","2026-06-17 오전 1:21:39"
"C:\Users\user\AppData\Local\CapCut Drafts\0617\matting\2d99daf14acd02ceeb707412f1139375\6E69D45C-612F-4fed-98F1-C1616760548E\5\maskinfo\15900000","110","2026-06-17 오전 1:21:39"
"C:\Users\user\AppData\Local\CapCut Drafts\0617\matting\2d99daf14acd02ceeb707412f1139375\6E69D45C-612F-4fed-98F1-C1616760548E\5\maskinfo\15933333","110","2026-06-17 오전 1:21:39"
"C:\Users\user\AppData\Local\CapCut Drafts\0617\matting\2d99daf14acd02ceeb707412f1139375\6E69D45C-612F-4fed-98F1-C1616760548E\5\maskinfo\15966667","110","2026-06-17 오전 1:21:39"
"C:\Users\user\AppData\Local\CapCut Drafts\0617\matting\2d99daf14acd02ceeb707412f1139375\6E69D45C-612F-4fed-98F1-C1616760548E\5\maskinfo\1600000","110","2026-06-17 오전 1:21:37"
"C:\Users\user\AppData\Local\CapCut Drafts\0617\matting\2d99daf14acd02ceeb707412f1139375\6E69D45C-612F-4fed-98F1-C1616760548E\5\maskinfo\16000000","110","2026-06-17 오전 1:21:39"
"C:\Users\user\AppData\Local\CapCut Drafts\0617\matting\2d99daf14acd02ceeb707412f1139375\6E69D45C-612F-4fed-98F1-C1616760548E\5\maskinfo\16033333","110","2026-06-17 오전 1:21:39"
"C:\Users\user\AppData\Local\CapCut Drafts\0617\matting\2d99daf14acd02ceeb707412f1139375\6E69D45C-612F-4fed-98F1-C1616760548E\5\maskinfo\16066667","110","2026-06-17 오전 1:21:39"
"C:\Users\user\AppData\Local\CapCut Drafts\0617\matting\2d99daf14acd02ceeb707412f1139375\6E69D45C-612F-4fed-98F1-C1616760548E\5\maskinfo\16100000","110","2026-06-17 오전 1:21:39"
"C:\Users\user\AppData\Local\CapCut Drafts\0617\matting\2d99daf14acd02ceeb707412f1139375\6E69D45C-612F-4fed-98F1-C1616760548E\5\maskinfo\16133333","110","2026-06-17 오전 1:21:39"
"C:\Users\user\AppData\Local\CapCut Drafts\0617\matting\2d99daf14acd02ceeb707412f1139375\6E69D45C-612F-4fed-98F1-C1616760548E\5\maskinfo\16166667","110","2026-06-17 오전 1:21:39"
"C:\Users\user\AppData\Local\CapCut Drafts\0617\matting\2d99daf14acd02ceeb707412f1139375\6E69D45C-612F-4fed-98F1-C1616760548E\5\maskinfo\16200000","110","2026-06-17 오전 1:21:39"
"C:\Users\user\AppData\Local\CapCut Drafts\0617\matting\2d99daf14acd02ceeb707412f1139375\6E69D45C-612F-4fed-98F1-C1616760548E\5\maskinfo\16233333","110","2026-06-17 오전 1:21:39"
"C:\Users\user\AppData\Local\CapCut Drafts\0617\matting\2d99daf14acd02ceeb707412f1139375\6E69D45C-612F-4fed-98F1-C1616760548E\5\maskinfo\16266667","110","2026-06-17 오전 1:21:39"
"C:\Users\user\AppData\Local\CapCut Drafts\0617\matting\2d99daf14acd02ceeb707412f1139375\6E69D45C-612F-4fed-98F1-C1616760548E\5\maskinfo\16300000","110","2026-06-17 오전 1:21:39"
"C:\Users\user\AppData\Local\CapCut Drafts\0617\matting\2d99daf14acd02ceeb707412f1139375\6E69D45C-612F-4fed-98F1-C1616760548E\5\maskinfo\1633333","110","2026-06-17 오전 1:21:37"
"C:\Users\user\AppData\Local\CapCut Drafts\0617\matting\2d99daf14acd02ceeb707412f1139375\6E69D45C-612F-4fed-98F1-C1616760548E\5\maskinfo\16333333","110","2026-06-17 오전 1:21:39"
"C:\Users\user\AppData\Local\CapCut Drafts\0617\matting\2d99daf14acd02ceeb707412f1139375\6E69D45C-612F-4fed-98F1-C1616760548E\5\maskinfo\16366667","110","2026-06-17 오전 1:21:39"
"C:\Users\user\AppData\Local\CapCut Drafts\0617\matting\2d99daf14acd02ceeb707412f1139375\6E69D45C-612F-4fed-98F1-C1616760548E\5\maskinfo\16400000","110","2026-06-17 오전 1:21:39"
"C:\Users\user\AppData\Local\CapCut Drafts\0617\matting\2d99daf14acd02ceeb707412f1139375\6E69D45C-612F-4fed-98F1-C1616760548E\5\maskinfo\16433333","110","2026-06-17 오전 1:21:39"
"C:\Users\user\AppData\Local\CapCut Drafts\0617\matting\2d99daf14acd02ceeb707412f1139375\6E69D45C-612F-4fed-98F1-C1616760548E\5\maskinfo\16466667","110","2026-06-17 오전 1:21:39"
"C:\Users\user\AppData\Local\CapCut Drafts\0617\matting\2d99daf14acd02ceeb707412f1139375\6E69D45C-612F-4fed-98F1-C1616760548E\5\maskinfo\16500000","110","2026-06-17 오전 1:21:39"
"C:\Users\user\AppData\Local\CapCut Drafts\0617\matting\2d99daf14acd02ceeb707412f1139375\6E69D45C-612F-4fed-98F1-C1616760548E\5\maskinfo\16533333","110","2026-06-17 오전 1:21:39"
"C:\Users\user\AppData\Local\CapCut Drafts\0617\matting\2d99daf14acd02ceeb707412f1139375\6E69D45C-612F-4fed-98F1-C1616760548E\5\maskinfo\16566667","110","2026-06-17 오전 1:21:39"
"C:\Users\user\AppData\Local\CapCut Drafts\0617\matting\2d99daf14acd02ceeb707412f1139375\6E69D45C-612F-4fed-98F1-C1616760548E\5\maskinfo\16600000","110","2026-06-17 오전 1:21:39"
"C:\Users\user\AppData\Local\CapCut Drafts\0617\matting\2d99daf14acd02ceeb707412f1139375\6E69D45C-612F-4fed-98F1-C1616760548E\5\maskinfo\16633333","110","2026-06-17 오전 1:21:39"
"C:\Users\user\AppData\Local\CapCut Drafts\0617\matting\2d99daf14acd02ceeb707412f1139375\6E69D45C-612F-4fed-98F1-C1616760548E\5\maskinfo\16666667","110","2026-06-17 오전 1:21:39"
"C:\Users\user\AppData\Local\CapCut Drafts\0617\matting\2d99daf14acd02ceeb707412f1139375\6E69D45C-612F-4fed-98F1-C1616760548E\5\maskinfo\1666667","110","2026-06-17 오전 1:21:37"
"C:\Users\user\AppData\Local\CapCut Drafts\0617\matting\2d99daf14acd02ceeb707412f1139375\6E69D45C-612F-4fed-98F1-C1616760548E\5\maskinfo\166667","110","2026-06-17 오전 1:21:39"
"C:\Users\user\AppData\Local\CapCut Drafts\0617\matting\2d99daf14acd02ceeb707412f1139375\6E69D45C-612F-4fed-98F1-C1616760548E\5\maskinfo\16700000","110","2026-06-17 오전 1:21:39"
"C:\Users\user\AppData\Local\CapCut Drafts\0617\matting\2d99daf14acd02ceeb707412f1139375\6E69D45C-612F-4fed-98F1-C1616760548E\5\maskinfo\16733333","110","2026-06-17 오전 1:21:39"
"C:\Users\user\AppData\Local\CapCut Drafts\0617\matting\2d99daf14acd02ceeb707412f1139375\6E69D45C-612F-4fed-98F1-C1616760548E\5\maskinfo\16766667","110","2026-06-17 오전 1:21:39"
"C:\Users\user\AppData\Local\CapCut Drafts\0617\matting\2d99daf14acd02ceeb707412f1139375\6E69D45C-612F-4fed-98F1-C1616760548E\5\maskinfo\16800000","110","2026-06-17 오전 1:21:39"
"C:\Users\user\AppData\Local\CapCut Drafts\0617\matting\2d99daf14acd02ceeb707412f1139375\6E69D45C-612F-4fed-98F1-C1616760548E\5\maskinfo\16833333","110","2026-06-17 오전 1:21:39"
"C:\Users\user\AppData\Local\CapCut Drafts\0617\matting\2d99daf14acd02ceeb707412f1139375\6E69D45C-612F-4fed-98F1-C1616760548E\5\maskinfo\16866667","110","2026-06-17 오전 1:21:39"
"C:\Users\user\AppData\Local\CapCut Drafts\0617\matting\2d99daf14acd02ceeb707412f1139375\6E69D45C-612F-4fed-98F1-C1616760548E\5\maskinfo\16900000","110","2026-06-17 오전 1:21:39"
"C:\Users\user\AppData\Local\CapCut Drafts\0617\matting\2d99daf14acd02ceeb707412f1139375\6E69D45C-612F-4fed-98F1-C1616760548E\5\maskinfo\16933333","110","2026-06-17 오전 1:21:39"
"C:\Users\user\AppData\Local\CapCut Drafts\0617\matting\2d99daf14acd02ceeb707412f1139375\6E69D45C-612F-4fed-98F1-C1616760548E\5\maskinfo\16966667","110","2026-06-17 오전 1:21:39"
"C:\Users\user\AppData\Local\CapCut Drafts\0617\matting\2d99daf14acd02ceeb707412f1139375\6E69D45C-612F-4fed-98F1-C1616760548E\5\maskinfo\1700000","110","2026-06-17 오전 1:21:37"
"C:\Users\user\AppData\Local\CapCut Drafts\0617\matting\2d99daf14acd02ceeb707412f1139375\6E69D45C-612F-4fed-98F1-C1616760548E\5\maskinfo\17000000","110","2026-06-17 오전 1:21:39"
"C:\Users\user\AppData\Local\CapCut Drafts\0617\matting\2d99daf14acd02ceeb707412f1139375\6E69D45C-612F-4fed-98F1-C1616760548E\5\maskinfo\17033333","110","2026-06-17 오전 1:21:39"
"C:\Users\user\AppData\Local\CapCut Drafts\0617\matting\2d99daf14acd02ceeb707412f1139375\6E69D45C-612F-4fed-98F1-C1616760548E\5\maskinfo\17066667","110","2026-06-17 오전 1:21:39"
"C:\Users\user\AppData\Local\CapCut Drafts\0617\matting\2d99daf14acd02ceeb707412f1139375\6E69D45C-612F-4fed-98F1-C1616760548E\5\maskinfo\17100000","110","2026-06-17 오전 1:21:39"
"C:\Users\user\AppData\Local\CapCut Drafts\0617\matting\2d99daf14acd02ceeb707412f1139375\6E69D45C-612F-4fed-98F1-C1616760548E\5\maskinfo\17133333","110","2026-06-17 오전 1:21:39"
"C:\Users\user\AppData\Local\CapCut Drafts\0617\matting\2d99daf14acd02ceeb707412f1139375\6E69D45C-612F-4fed-98F1-C1616760548E\5\maskinfo\17166667","110","2026-06-17 오전 1:21:39"
"C:\Users\user\AppData\Local\CapCut Drafts\0617\matting\2d99daf14acd02ceeb707412f1139375\6E69D45C-612F-4fed-98F1-C1616760548E\5\maskinfo\17200000","110","2026-06-17 오전 1:21:39"
"C:\Users\user\AppData\Local\CapCut Drafts\0617\matting\2d99daf14acd02ceeb707412f1139375\6E69D45C-612F-4fed-98F1-C1616760548E\5\maskinfo\17233333","110","2026-06-17 오전 1:21:39"
"C:\Users\user\AppData\Local\CapCut Drafts\0617\matting\2d99daf14acd02ceeb707412f1139375\6E69D45C-612F-4fed-98F1-C1616760548E\5\maskinfo\17266667","110","2026-06-17 오전 1:21:39"
"C:\Users\user\AppData\Local\CapCut Drafts\0617\matting\2d99daf14acd02ceeb707412f1139375\6E69D45C-612F-4fed-98F1-C1616760548E\5\maskinfo\17300000","110","2026-06-17 오전 1:21:39"
"C:\Users\user\AppData\Local\CapCut Drafts\0617\matting\2d99daf14acd02ceeb707412f1139375\6E69D45C-612F-4fed-98F1-C1616760548E\5\maskinfo\1733333","110","2026-06-17 오전 1:21:37"
"C:\Users\user\AppData\Local\CapCut Drafts\0617\matting\2d99daf14acd02ceeb707412f1139375\6E69D45C-612F-4fed-98F1-C1616760548E\5\maskinfo\17333333","110","2026-06-17 오전 1:21:39"
"C:\Users\user\AppData\Local\CapCut Drafts\0617\matting\2d99daf14acd02ceeb707412f1139375\6E69D45C-612F-4fed-98F1-C1616760548E\5\maskinfo\17366667","110","2026-06-17 오전 1:21:39"
"C:\Users\user\AppData\Local\CapCut Drafts\0617\matting\2d99daf14acd02ceeb707412f1139375\6E69D45C-612F-4fed-98F1-C1616760548E\5\maskinfo\17400000","110","2026-06-17 오전 1:21:39"
"C:\Users\user\AppData\Local\CapCut Drafts\0617\matting\2d99daf14acd02ceeb707412f1139375\6E69D45C-612F-4fed-98F1-C1616760548E\5\maskinfo\17433333","110","2026-06-17 오전 1:21:39"
"C:\Users\user\AppData\Local\CapCut Drafts\0617\matting\2d99daf14acd02ceeb707412f1139375\6E69D45C-612F-4fed-98F1-C1616760548E\5\maskinfo\17466667","110","2026-06-17 오전 1:21:39"
"C:\Users\user\AppData\Local\CapCut Drafts\0617\matting\2d99daf14acd02ceeb707412f1139375\6E69D45C-612F-4fed-98F1-C1616760548E\5\maskinfo\17500000","110","2026-06-17 오전 1:21:39"
"C:\Users\user\AppData\Local\CapCut Drafts\0617\matting\2d99daf14acd02ceeb707412f1139375\6E69D45C-612F-4fed-98F1-C1616760548E\5\maskinfo\17533333","110","2026-06-17 오전 1:21:39"
"C:\Users\user\AppData\Local\CapCut Drafts\0617\matting\2d99daf14acd02ceeb707412f1139375\6E69D45C-612F-4fed-98F1-C1616760548E\5\maskinfo\17566667","110","2026-06-17 오전 1:21:39"
"C:\Users\user\AppData\Local\CapCut Drafts\0617\matting\2d99daf14acd02ceeb707412f1139375\6E69D45C-612F-4fed-98F1-C1616760548E\5\maskinfo\17600000","110","2026-06-17 오전 1:21:39"
"C:\Users\user\AppData\Local\CapCut Drafts\0617\matting\2d99daf14acd02ceeb707412f1139375\6E69D45C-612F-4fed-98F1-C1616760548E\5\maskinfo\17633333","110","2026-06-17 오전 1:21:39"
"C:\Users\user\AppData\Local\CapCut Drafts\0617\matting\2d99daf14acd02ceeb707412f1139375\6E69D45C-612F-4fed-98F1-C1616760548E\5\maskinfo\17666667","110","2026-06-17 오전 1:21:39"
"C:\Users\user\AppData\Local\CapCut Drafts\0617\matting\2d99daf14acd02ceeb707412f1139375\6E69D45C-612F-4fed-98F1-C1616760548E\5\maskinfo\1766667","110","2026-06-17 오전 1:21:37"
"C:\Users\user\AppData\Local\CapCut Drafts\0617\matting\2d99daf14acd02ceeb707412f1139375\6E69D45C-612F-4fed-98F1-C1616760548E\5\maskinfo\17700000","110","2026-06-17 오전 1:21:39"
"C:\Users\user\AppData\Local\CapCut Drafts\0617\matting\2d99daf14acd02ceeb707412f1139375\6E69D45C-612F-4fed-98F1-C1616760548E\5\maskinfo\17733333","110","2026-06-17 오전 1:21:39"
"C:\Users\user\AppData\Local\CapCut Drafts\0617\matting\2d99daf14acd02ceeb707412f1139375\6E69D45C-612F-4fed-98F1-C1616760548E\5\maskinfo\17766667","110","2026-06-17 오전 1:21:39"
"C:\Users\user\AppData\Local\CapCut Drafts\0617\matting\2d99daf14acd02ceeb707412f1139375\6E69D45C-612F-4fed-98F1-C1616760548E\5\maskinfo\17800000","110","2026-06-17 오전 1:21:39"
"C:\Users\user\AppData\Local\CapCut Drafts\0617\matting\2d99daf14acd02ceeb707412f1139375\6E69D45C-612F-4fed-98F1-C1616760548E\5\maskinfo\17833333","110","2026-06-17 오전 1:21:39"
"C:\Users\user\AppData\Local\CapCut Drafts\0617\matting\2d99daf14acd02ceeb707412f1139375\6E69D45C-612F-4fed-98F1-C1616760548E\5\maskinfo\1800000","110","2026-06-17 오전 1:21:37"
"C:\Users\user\AppData\Local\CapCut Drafts\0617\matting\2d99daf14acd02ceeb707412f1139375\6E69D45C-612F-4fed-98F1-C1616760548E\5\maskinfo\1833333","110","2026-06-17 오전 1:21:37"
"C:\Users\user\AppData\Local\CapCut Drafts\0617\matting\2d99daf14acd02ceeb707412f1139375\6E69D45C-612F-4fed-98F1-C1616760548E\5\maskinfo\1866667","110","2026-06-17 오전 1:21:37"
"C:\Users\user\AppData\Local\CapCut Drafts\0617\matting\2d99daf14acd02ceeb707412f1139375\6E69D45C-612F-4fed-98F1-C1616760548E\5\maskinfo\1900000","110","2026-06-17 오전 1:21:37"
"C:\Users\user\AppData\Local\CapCut Drafts\0617\matting\2d99daf14acd02ceeb707412f1139375\6E69D45C-612F-4fed-98F1-C1616760548E\5\maskinfo\1933333","110","2026-06-17 오전 1:21:37"
"C:\Users\user\AppData\Local\CapCut Drafts\0617\matting\2d99daf14acd02ceeb707412f1139375\6E69D45C-612F-4fed-98F1-C1616760548E\5\maskinfo\1966667","110","2026-06-17 오전 1:21:37"
"C:\Users\user\AppData\Local\CapCut Drafts\0617\matting\2d99daf14acd02ceeb707412f1139375\6E69D45C-612F-4fed-98F1-C1616760548E\5\maskinfo\200000","110","2026-06-17 오전 1:21:39"
"C:\Users\user\AppData\Local\CapCut Drafts\0617\matting\2d99daf14acd02ceeb707412f1139375\6E69D45C-612F-4fed-98F1-C1616760548E\5\maskinfo\2000000","110","2026-06-17 오전 1:21:37"
"C:\Users\user\AppData\Local\CapCut Drafts\0617\matting\2d99daf14acd02ceeb707412f1139375\6E69D45C-612F-4fed-98F1-C1616760548E\5\maskinfo\2033333","110","2026-06-17 오전 1:21:37"
"C:\Users\user\AppData\Local\CapCut Drafts\0617\matting\2d99daf14acd02ceeb707412f1139375\6E69D45C-612F-4fed-98F1-C1616760548E\5\maskinfo\2066667","110","2026-06-17 오전 1:21:37"
"C:\Users\user\AppData\Local\CapCut Drafts\0617\matting\2d99daf14acd02ceeb707412f1139375\6E69D45C-612F-4fed-98F1-C1616760548E\5\maskinfo\2100000","110","2026-06-17 오전 1:21:37"
"C:\Users\user\AppData\Local\CapCut Drafts\0617\matting\2d99daf14acd02ceeb707412f1139375\6E69D45C-612F-4fed-98F1-C1616760548E\5\maskinfo\2133333","110","2026-06-17 오전 1:21:37"
"C:\Users\user\AppData\Local\CapCut Drafts\0617\matting\2d99daf14acd02ceeb707412f1139375\6E69D45C-612F-4fed-98F1-C1616760548E\5\maskinfo\2166667","110","2026-06-17 오전 1:21:37"
"C:\Users\user\AppData\Local\CapCut Drafts\0617\matting\2d99daf14acd02ceeb707412f1139375\6E69D45C-612F-4fed-98F1-C1616760548E\5\maskinfo\2200000","110","2026-06-17 오전 1:21:37"
"C:\Users\user\AppData\Local\CapCut Drafts\0617\matting\2d99daf14acd02ceeb707412f1139375\6E69D45C-612F-4fed-98F1-C1616760548E\5\maskinfo\2233333","110","2026-06-17 오전 1:21:37"
"C:\Users\user\AppData\Local\CapCut Drafts\0617\matting\2d99daf14acd02ceeb707412f1139375\6E69D45C-612F-4fed-98F1-C1616760548E\5\maskinfo\2266667","110","2026-06-17 오전 1:21:37"
"C:\Users\user\AppData\Local\CapCut Drafts\0617\matting\2d99daf14acd02ceeb707412f1139375\6E69D45C-612F-4fed-98F1-C1616760548E\5\maskinfo\2300000","110","2026-06-17 오전 1:21:37"
"C:\Users\user\AppData\Local\CapCut Drafts\0617\matting\2d99daf14acd02ceeb707412f1139375\6E69D45C-612F-4fed-98F1-C1616760548E\5\maskinfo\233333","110","2026-06-17 오전 1:21:39"
"C:\Users\user\AppData\Local\CapCut Drafts\0617\matting\2d99daf14acd02ceeb707412f1139375\6E69D45C-612F-4fed-98F1-C1616760548E\5\maskinfo\2333333","110","2026-06-17 오전 1:21:37"
"C:\Users\user\AppData\Local\CapCut Drafts\0617\matting\2d99daf14acd02ceeb707412f1139375\6E69D45C-612F-4fed-98F1-C1616760548E\5\maskinfo\2366667","110","2026-06-17 오전 1:21:37"
"C:\Users\user\AppData\Local\CapCut Drafts\0617\matting\2d99daf14acd02ceeb707412f1139375\6E69D45C-612F-4fed-98F1-C1616760548E\5\maskinfo\2400000","110","2026-06-17 오전 1:21:37"
"C:\Users\user\AppData\Local\CapCut Drafts\0617\matting\2d99daf14acd02ceeb707412f1139375\6E69D45C-612F-4fed-98F1-C1616760548E\5\maskinfo\2433333","110","2026-06-17 오전 1:21:37"
"C:\Users\user\AppData\Local\CapCut Drafts\0617\matting\2d99daf14acd02ceeb707412f1139375\6E69D45C-612F-4fed-98F1-C1616760548E\5\maskinfo\2466667","110","2026-06-17 오전 1:21:37"
"C:\Users\user\AppData\Local\CapCut Drafts\0617\matting\2d99daf14acd02ceeb707412f1139375\6E69D45C-612F-4fed-98F1-C1616760548E\5\maskinfo\2500000","110","2026-06-17 오전 1:21:37"
"C:\Users\user\AppData\Local\CapCut Drafts\0617\matting\2d99daf14acd02ceeb707412f1139375\6E69D45C-612F-4fed-98F1-C1616760548E\5\maskinfo\2533333","110","2026-06-17 오전 1:21:37"
"C:\Users\user\AppData\Local\CapCut Drafts\0617\matting\2d99daf14acd02ceeb707412f1139375\6E69D45C-612F-4fed-98F1-C1616760548E\5\maskinfo\2566667","110","2026-06-17 오전 1:21:37"
"C:\Users\user\AppData\Local\CapCut Drafts\0617\matting\2d99daf14acd02ceeb707412f1139375\6E69D45C-612F-4fed-98F1-C1616760548E\5\maskinfo\2600000","110","2026-06-17 오전 1:21:37"
"C:\Users\user\AppData\Local\CapCut Drafts\0617\matting\2d99daf14acd02ceeb707412f1139375\6E69D45C-612F-4fed-98F1-C1616760548E\5\maskinfo\2633333","110","2026-06-17 오전 1:21:37"
"C:\Users\user\AppData\Local\CapCut Drafts\0617\matting\2d99daf14acd02ceeb707412f1139375\6E69D45C-612F-4fed-98F1-C1616760548E\5\maskinfo\2666667","110","2026-06-17 오전 1:21:37"
"C:\Users\user\AppData\Local\CapCut Drafts\0617\matting\2d99daf14acd02ceeb707412f1139375\6E69D45C-612F-4fed-98F1-C1616760548E\5\maskinfo\266667","110","2026-06-17 오전 1:21:39"
"C:\Users\user\AppData\Local\CapCut Drafts\0617\matting\2d99daf14acd02ceeb707412f1139375\6E69D45C-612F-4fed-98F1-C1616760548E\5\maskinfo\2700000","110","2026-06-17 오전 1:21:37"
"C:\Users\user\AppData\Local\CapCut Drafts\0617\matting\2d99daf14acd02ceeb707412f1139375\6E69D45C-612F-4fed-98F1-C1616760548E\5\maskinfo\2733333","110","2026-06-17 오전 1:21:37"
"C:\Users\user\AppData\Local\CapCut Drafts\0617\matting\2d99daf14acd02ceeb707412f1139375\6E69D45C-612F-4fed-98F1-C1616760548E\5\maskinfo\2766667","110","2026-06-17 오전 1:21:37"
"C:\Users\user\AppData\Local\CapCut Drafts\0617\matting\2d99daf14acd02ceeb707412f1139375\6E69D45C-612F-4fed-98F1-C1616760548E\5\maskinfo\2800000","110","2026-06-17 오전 1:21:37"
"C:\Users\user\AppData\Local\CapCut Drafts\0617\matting\2d99daf14acd02ceeb707412f1139375\6E69D45C-612F-4fed-98F1-C1616760548E\5\maskinfo\2833333","110","2026-06-17 오전 1:21:37"
"C:\Users\user\AppData\Local\CapCut Drafts\0617\matting\2d99daf14acd02ceeb707412f1139375\6E69D45C-612F-4fed-98F1-C1616760548E\5\maskinfo\2866667","110","2026-06-17 오전 1:21:37"
"C:\Users\user\AppData\Local\CapCut Drafts\0617\matting\2d99daf14acd02ceeb707412f1139375\6E69D45C-612F-4fed-98F1-C1616760548E\5\maskinfo\2900000","110","2026-06-17 오전 1:21:37"
"C:\Users\user\AppData\Local\CapCut Drafts\0617\matting\2d99daf14acd02ceeb707412f1139375\6E69D45C-612F-4fed-98F1-C1616760548E\5\maskinfo\2933333","110","2026-06-17 오전 1:21:37"
"C:\Users\user\AppData\Local\CapCut Drafts\0617\matting\2d99daf14acd02ceeb707412f1139375\6E69D45C-612F-4fed-98F1-C1616760548E\5\maskinfo\2966667","110","2026-06-17 오전 1:21:37"
"C:\Users\user\AppData\Local\CapCut Drafts\0617\matting\2d99daf14acd02ceeb707412f1139375\6E69D45C-612F-4fed-98F1-C1616760548E\5\maskinfo\300000","110","2026-06-17 오전 1:21:39"
"C:\Users\user\AppData\Local\CapCut Drafts\0617\matting\2d99daf14acd02ceeb707412f1139375\6E69D45C-612F-4fed-98F1-C1616760548E\5\maskinfo\3000000","110","2026-06-17 오전 1:21:37"
"C:\Users\user\AppData\Local\CapCut Drafts\0617\matting\2d99daf14acd02ceeb707412f1139375\6E69D45C-612F-4fed-98F1-C1616760548E\5\maskinfo\3033333","110","2026-06-17 오전 1:21:37"
"C:\Users\user\AppData\Local\CapCut Drafts\0617\matting\2d99daf14acd02ceeb707412f1139375\6E69D45C-612F-4fed-98F1-C1616760548E\5\maskinfo\3066667","110","2026-06-17 오전 1:21:37"
"C:\Users\user\AppData\Local\CapCut Drafts\0617\matting\2d99daf14acd02ceeb707412f1139375\6E69D45C-612F-4fed-98F1-C1616760548E\5\maskinfo\3100000","110","2026-06-17 오전 1:21:37"
"C:\Users\user\AppData\Local\CapCut Drafts\0617\matting\2d99daf14acd02ceeb707412f1139375\6E69D45C-612F-4fed-98F1-C1616760548E\5\maskinfo\3133333","110","2026-06-17 오전 1:21:37"
"C:\Users\user\AppData\Local\CapCut Drafts\0617\matting\2d99daf14acd02ceeb707412f1139375\6E69D45C-612F-4fed-98F1-C1616760548E\5\maskinfo\3166667","110","2026-06-17 오전 1:21:37"
"C:\Users\user\AppData\Local\CapCut Drafts\0617\matting\2d99daf14acd02ceeb707412f1139375\6E69D45C-612F-4fed-98F1-C1616760548E\5\maskinfo\3200000","110","2026-06-17 오전 1:21:37"
"C:\Users\user\AppData\Local\CapCut Drafts\0617\matting\2d99daf14acd02ceeb707412f1139375\6E69D45C-612F-4fed-98F1-C1616760548E\5\maskinfo\3233333","110","2026-06-17 오전 1:21:37"
"C:\Users\user\AppData\Local\CapCut Drafts\0617\matting\2d99daf14acd02ceeb707412f1139375\6E69D45C-612F-4fed-98F1-C1616760548E\5\maskinfo\3266667","110","2026-06-17 오전 1:21:37"
"C:\Users\user\AppData\Local\CapCut Drafts\0617\matting\2d99daf14acd02ceeb707412f1139375\6E69D45C-612F-4fed-98F1-C1616760548E\5\maskinfo\3300000","110","2026-06-17 오전 1:21:37"
"C:\Users\user\AppData\Local\CapCut Drafts\0617\matting\2d99daf14acd02ceeb707412f1139375\6E69D45C-612F-4fed-98F1-C1616760548E\5\maskinfo\33333","110","2026-06-17 오전 1:21:39"
"C:\Users\user\AppData\Local\CapCut Drafts\0617\matting\2d99daf14acd02ceeb707412f1139375\6E69D45C-612F-4fed-98F1-C1616760548E\5\maskinfo\333333","110","2026-06-17 오전 1:21:39"
"C:\Users\user\AppData\Local\CapCut Drafts\0617\matting\2d99daf14acd02ceeb707412f1139375\6E69D45C-612F-4fed-98F1-C1616760548E\5\maskinfo\3333333","110","2026-06-17 오전 1:21:37"
"C:\Users\user\AppData\Local\CapCut Drafts\0617\matting\2d99daf14acd02ceeb707412f1139375\6E69D45C-612F-4fed-98F1-C1616760548E\5\maskinfo\3366667","110","2026-06-17 오전 1:21:37"
"C:\Users\user\AppData\Local\CapCut Drafts\0617\matting\2d99daf14acd02ceeb707412f1139375\6E69D45C-612F-4fed-98F1-C1616760548E\5\maskinfo\3400000","110","2026-06-17 오전 1:21:37"
"C:\Users\user\AppData\Local\CapCut Drafts\0617\matting\2d99daf14acd02ceeb707412f1139375\6E69D45C-612F-4fed-98F1-C1616760548E\5\maskinfo\3433333","110","2026-06-17 오전 1:21:37"
"C:\Users\user\AppData\Local\CapCut Drafts\0617\matting\2d99daf14acd02ceeb707412f1139375\6E69D45C-612F-4fed-98F1-C1616760548E\5\maskinfo\3466667","110","2026-06-17 오전 1:21:37"
"C:\Users\user\AppData\Local\CapCut Drafts\0617\matting\2d99daf14acd02ceeb707412f1139375\6E69D45C-612F-4fed-98F1-C1616760548E\5\maskinfo\3500000","110","2026-06-17 오전 1:21:37"
"C:\Users\user\AppData\Local\CapCut Drafts\0617\matting\2d99daf14acd02ceeb707412f1139375\6E69D45C-612F-4fed-98F1-C1616760548E\5\maskinfo\3533333","110","2026-06-17 오전 1:21:37"
"C:\Users\user\AppData\Local\CapCut Drafts\0617\matting\2d99daf14acd02ceeb707412f1139375\6E69D45C-612F-4fed-98F1-C1616760548E\5\maskinfo\3566667","110","2026-06-17 오전 1:21:37"
"C:\Users\user\AppData\Local\CapCut Drafts\0617\matting\2d99daf14acd02ceeb707412f1139375\6E69D45C-612F-4fed-98F1-C1616760548E\5\maskinfo\3600000","110","2026-06-17 오전 1:21:37"
"C:\Users\user\AppData\Local\CapCut Drafts\0617\matting\2d99daf14acd02ceeb707412f1139375\6E69D45C-612F-4fed-98F1-C1616760548E\5\maskinfo\3633333","110","2026-06-17 오전 1:21:37"
"C:\Users\user\AppData\Local\CapCut Drafts\0617\matting\2d99daf14acd02ceeb707412f1139375\6E69D45C-612F-4fed-98F1-C1616760548E\5\maskinfo\3666667","110","2026-06-17 오전 1:21:37"
"C:\Users\user\AppData\Local\CapCut Drafts\0617\matting\2d99daf14acd02ceeb707412f1139375\6E69D45C-612F-4fed-98F1-C1616760548E\5\maskinfo\366667","110","2026-06-17 오전 1:21:39"
"C:\Users\user\AppData\Local\CapCut Drafts\0617\matting\2d99daf14acd02ceeb707412f1139375\6E69D45C-612F-4fed-98F1-C1616760548E\5\maskinfo\3700000","110","2026-06-17 오전 1:21:37"
"C:\Users\user\AppData\Local\CapCut Drafts\0617\matting\2d99daf14acd02ceeb707412f1139375\6E69D45C-612F-4fed-98F1-C1616760548E\5\maskinfo\3733333","110","2026-06-17 오전 1:21:37"
"C:\Users\user\AppData\Local\CapCut Drafts\0617\matting\2d99daf14acd02ceeb707412f1139375\6E69D45C-612F-4fed-98F1-C1616760548E\5\maskinfo\3766667","110","2026-06-17 오전 1:21:37"
"C:\Users\user\AppData\Local\CapCut Drafts\0617\matting\2d99daf14acd02ceeb707412f1139375\6E69D45C-612F-4fed-98F1-C1616760548E\5\maskinfo\3800000","110","2026-06-17 오전 1:21:37"
"C:\Users\user\AppData\Local\CapCut Drafts\0617\matting\2d99daf14acd02ceeb707412f1139375\6E69D45C-612F-4fed-98F1-C1616760548E\5\maskinfo\3833333","110","2026-06-17 오전 1:21:37"
"C:\Users\user\AppData\Local\CapCut Drafts\0617\matting\2d99daf14acd02ceeb707412f1139375\6E69D45C-612F-4fed-98F1-C1616760548E\5\maskinfo\3866667","110","2026-06-17 오전 1:21:37"
"C:\Users\user\AppData\Local\CapCut Drafts\0617\matting\2d99daf14acd02ceeb707412f1139375\6E69D45C-612F-4fed-98F1-C1616760548E\5\maskinfo\3900000","110","2026-06-17 오전 1:21:37"
"C:\Users\user\AppData\Local\CapCut Drafts\0617\matting\2d99daf14acd02ceeb707412f1139375\6E69D45C-612F-4fed-98F1-C1616760548E\5\maskinfo\3933333","110","2026-06-17 오전 1:21:37"
"C:\Users\user\AppData\Local\CapCut Drafts\0617\matting\2d99daf14acd02ceeb707412f1139375\6E69D45C-612F-4fed-98F1-C1616760548E\5\maskinfo\3966667","110","2026-06-17 오전 1:21:37"
"C:\Users\user\AppData\Local\CapCut Drafts\0617\matting\2d99daf14acd02ceeb707412f1139375\6E69D45C-612F-4fed-98F1-C1616760548E\5\maskinfo\400000","110","2026-06-17 오전 1:21:39"
"C:\Users\user\AppData\Local\CapCut Drafts\0617\matting\2d99daf14acd02ceeb707412f1139375\6E69D45C-612F-4fed-98F1-C1616760548E\5\maskinfo\4000000","110","2026-06-17 오전 1:21:37"
"C:\Users\user\AppData\Local\CapCut Drafts\0617\matting\2d99daf14acd02ceeb707412f1139375\6E69D45C-612F-4fed-98F1-C1616760548E\5\maskinfo\4033333","110","2026-06-17 오전 1:21:37"
"C:\Users\user\AppData\Local\CapCut Drafts\0617\matting\2d99daf14acd02ceeb707412f1139375\6E69D45C-612F-4fed-98F1-C1616760548E\5\maskinfo\4066667","110","2026-06-17 오전 1:21:37"
"C:\Users\user\AppData\Local\CapCut Drafts\0617\matting\2d99daf14acd02ceeb707412f1139375\6E69D45C-612F-4fed-98F1-C1616760548E\5\maskinfo\4100000","110","2026-06-17 오전 1:21:37"
"C:\Users\user\AppData\Local\CapCut Drafts\0617\matting\2d99daf14acd02ceeb707412f1139375\6E69D45C-612F-4fed-98F1-C1616760548E\5\maskinfo\4133333","110","2026-06-17 오전 1:21:37"
"C:\Users\user\AppData\Local\CapCut Drafts\0617\matting\2d99daf14acd02ceeb707412f1139375\6E69D45C-612F-4fed-98F1-C1616760548E\5\maskinfo\4166667","110","2026-06-17 오전 1:21:37"
"C:\Users\user\AppData\Local\CapCut Drafts\0617\matting\2d99daf14acd02ceeb707412f1139375\6E69D45C-612F-4fed-98F1-C1616760548E\5\maskinfo\4200000","110","2026-06-17 오전 1:21:37"
"C:\Users\user\AppData\Local\CapCut Drafts\0617\matting\2d99daf14acd02ceeb707412f1139375\6E69D45C-612F-4fed-98F1-C1616760548E\5\maskinfo\4233333","110","2026-06-17 오전 1:21:37"
"C:\Users\user\AppData\Local\CapCut Drafts\0617\matting\2d99daf14acd02ceeb707412f1139375\6E69D45C-612F-4fed-98F1-C1616760548E\5\maskinfo\4266667","110","2026-06-17 오전 1:21:37"
"C:\Users\user\AppData\Local\CapCut Drafts\0617\matting\2d99daf14acd02ceeb707412f1139375\6E69D45C-612F-4fed-98F1-C1616760548E\5\maskinfo\4300000","110","2026-06-17 오전 1:21:37"
"C:\Users\user\AppData\Local\CapCut Drafts\0617\matting\2d99daf14acd02ceeb707412f1139375\6E69D45C-612F-4fed-98F1-C1616760548E\5\maskinfo\433333","110","2026-06-17 오전 1:21:39"
"C:\Users\user\AppData\Local\CapCut Drafts\0617\matting\2d99daf14acd02ceeb707412f1139375\6E69D45C-612F-4fed-98F1-C1616760548E\5\maskinfo\4333333","110","2026-06-17 오전 1:21:37"
"C:\Users\user\AppData\Local\CapCut Drafts\0617\matting\2d99daf14acd02ceeb707412f1139375\6E69D45C-612F-4fed-98F1-C1616760548E\5\maskinfo\4366667","110","2026-06-17 오전 1:21:37"
"C:\Users\user\AppData\Local\CapCut Drafts\0617\matting\2d99daf14acd02ceeb707412f1139375\6E69D45C-612F-4fed-98F1-C1616760548E\5\maskinfo\4400000","110","2026-06-17 오전 1:21:37"
"C:\Users\user\AppData\Local\CapCut Drafts\0617\matting\2d99daf14acd02ceeb707412f1139375\6E69D45C-612F-4fed-98F1-C1616760548E\5\maskinfo\4433333","110","2026-06-17 오전 1:21:37"
"C:\Users\user\AppData\Local\CapCut Drafts\0617\matting\2d99daf14acd02ceeb707412f1139375\6E69D45C-612F-4fed-98F1-C1616760548E\5\maskinfo\4466667","110","2026-06-17 오전 1:21:37"
"C:\Users\user\AppData\Local\CapCut Drafts\0617\matting\2d99daf14acd02ceeb707412f1139375\6E69D45C-612F-4fed-98F1-C1616760548E\5\maskinfo\4500000","110","2026-06-17 오전 1:21:37"
"C:\Users\user\AppData\Local\CapCut Drafts\0617\matting\2d99daf14acd02ceeb707412f1139375\6E69D45C-612F-4fed-98F1-C1616760548E\5\maskinfo\4533333","110","2026-06-17 오전 1:21:37"
"C:\Users\user\AppData\Local\CapCut Drafts\0617\matting\2d99daf14acd02ceeb707412f1139375\6E69D45C-612F-4fed-98F1-C1616760548E\5\maskinfo\4566667","110","2026-06-17 오전 1:21:37"
"C:\Users\user\AppData\Local\CapCut Drafts\0617\matting\2d99daf14acd02ceeb707412f1139375\6E69D45C-612F-4fed-98F1-C1616760548E\5\maskinfo\4600000","110","2026-06-17 오전 1:21:37"
"C:\Users\user\AppData\Local\CapCut Drafts\0617\matting\2d99daf14acd02ceeb707412f1139375\6E69D45C-612F-4fed-98F1-C1616760548E\5\maskinfo\4633333","110","2026-06-17 오전 1:21:37"
"C:\Users\user\AppData\Local\CapCut Drafts\0617\matting\2d99daf14acd02ceeb707412f1139375\6E69D45C-612F-4fed-98F1-C1616760548E\5\maskinfo\4666667","110","2026-06-17 오전 1:21:37"
"C:\Users\user\AppData\Local\CapCut Drafts\0617\matting\2d99daf14acd02ceeb707412f1139375\6E69D45C-612F-4fed-98F1-C1616760548E\5\maskinfo\466667","110","2026-06-17 오전 1:21:39"
"C:\Users\user\AppData\Local\CapCut Drafts\0617\matting\2d99daf14acd02ceeb707412f1139375\6E69D45C-612F-4fed-98F1-C1616760548E\5\maskinfo\4700000","110","2026-06-17 오전 1:21:37"
"C:\Users\user\AppData\Local\CapCut Drafts\0617\matting\2d99daf14acd02ceeb707412f1139375\6E69D45C-612F-4fed-98F1-C1616760548E\5\maskinfo\4733333","110","2026-06-17 오전 1:21:37"
"C:\Users\user\AppData\Local\CapCut Drafts\0617\matting\2d99daf14acd02ceeb707412f1139375\6E69D45C-612F-4fed-98F1-C1616760548E\5\maskinfo\4766667","110","2026-06-17 오전 1:21:37"
"C:\Users\user\AppData\Local\CapCut Drafts\0617\matting\2d99daf14acd02ceeb707412f1139375\6E69D45C-612F-4fed-98F1-C1616760548E\5\maskinfo\4800000","110","2026-06-17 오전 1:21:37"
"C:\Users\user\AppData\Local\CapCut Drafts\0617\matting\2d99daf14acd02ceeb707412f1139375\6E69D45C-612F-4fed-98F1-C1616760548E\5\maskinfo\4833333","110","2026-06-17 오전 1:21:37"
"C:\Users\user\AppData\Local\CapCut Drafts\0617\matting\2d99daf14acd02ceeb707412f1139375\6E69D45C-612F-4fed-98F1-C1616760548E\5\maskinfo\4866667","110","2026-06-17 오전 1:21:37"
"C:\Users\user\AppData\Local\CapCut Drafts\0617\matting\2d99daf14acd02ceeb707412f1139375\6E69D45C-612F-4fed-98F1-C1616760548E\5\maskinfo\4900000","110","2026-06-17 오전 1:21:37"
"C:\Users\user\AppData\Local\CapCut Drafts\0617\matting\2d99daf14acd02ceeb707412f1139375\6E69D45C-612F-4fed-98F1-C1616760548E\5\maskinfo\4933333","110","2026-06-17 오전 1:21:37"
"C:\Users\user\AppData\Local\CapCut Drafts\0617\matting\2d99daf14acd02ceeb707412f1139375\6E69D45C-612F-4fed-98F1-C1616760548E\5\maskinfo\4966667","110","2026-06-17 오전 1:21:37"
"C:\Users\user\AppData\Local\CapCut Drafts\0617\matting\2d99daf14acd02ceeb707412f1139375\6E69D45C-612F-4fed-98F1-C1616760548E\5\maskinfo\500000","110","2026-06-17 오전 1:21:39"
"C:\Users\user\AppData\Local\CapCut Drafts\0617\matting\2d99daf14acd02ceeb707412f1139375\6E69D45C-612F-4fed-98F1-C1616760548E\5\maskinfo\5000000","110","2026-06-17 오전 1:21:37"
"C:\Users\user\AppData\Local\CapCut Drafts\0617\matting\2d99daf14acd02ceeb707412f1139375\6E69D45C-612F-4fed-98F1-C1616760548E\5\maskinfo\5033333","110","2026-06-17 오전 1:21:37"
"C:\Users\user\AppData\Local\CapCut Drafts\0617\matting\2d99daf14acd02ceeb707412f1139375\6E69D45C-612F-4fed-98F1-C1616760548E\5\maskinfo\5066667","110","2026-06-17 오전 1:21:37"
"C:\Users\user\AppData\Local\CapCut Drafts\0617\matting\2d99daf14acd02ceeb707412f1139375\6E69D45C-612F-4fed-98F1-C1616760548E\5\maskinfo\5100000","110","2026-06-17 오전 1:21:37"
"C:\Users\user\AppData\Local\CapCut Drafts\0617\matting\2d99daf14acd02ceeb707412f1139375\6E69D45C-612F-4fed-98F1-C1616760548E\5\maskinfo\5133333","110","2026-06-17 오전 1:21:37"
"C:\Users\user\AppData\Local\CapCut Drafts\0617\matting\2d99daf14acd02ceeb707412f1139375\6E69D45C-612F-4fed-98F1-C1616760548E\5\maskinfo\5166667","110","2026-06-17 오전 1:21:37"
"C:\Users\user\AppData\Local\CapCut Drafts\0617\matting\2d99daf14acd02ceeb707412f1139375\6E69D45C-612F-4fed-98F1-C1616760548E\5\maskinfo\5200000","110","2026-06-17 오전 1:21:37"
"C:\Users\user\AppData\Local\CapCut Drafts\0617\matting\2d99daf14acd02ceeb707412f1139375\6E69D45C-612F-4fed-98F1-C1616760548E\5\maskinfo\5233333","110","2026-06-17 오전 1:21:37"
"C:\Users\user\AppData\Local\CapCut Drafts\0617\matting\2d99daf14acd02ceeb707412f1139375\6E69D45C-612F-4fed-98F1-C1616760548E\5\maskinfo\5266667","110","2026-06-17 오전 1:21:37"
"C:\Users\user\AppData\Local\CapCut Drafts\0617\matting\2d99daf14acd02ceeb707412f1139375\6E69D45C-612F-4fed-98F1-C1616760548E\5\maskinfo\5300000","110","2026-06-17 오전 1:21:37"
"C:\Users\user\AppData\Local\CapCut Drafts\0617\matting\2d99daf14acd02ceeb707412f1139375\6E69D45C-612F-4fed-98F1-C1616760548E\5\maskinfo\533333","110","2026-06-17 오전 1:21:39"
"C:\Users\user\AppData\Local\CapCut Drafts\0617\matting\2d99daf14acd02ceeb707412f1139375\6E69D45C-612F-4fed-98F1-C1616760548E\5\maskinfo\5333333","110","2026-06-17 오전 1:21:37"
"C:\Users\user\AppData\Local\CapCut Drafts\0617\matting\2d99daf14acd02ceeb707412f1139375\6E69D45C-612F-4fed-98F1-C1616760548E\5\maskinfo\5366667","110","2026-06-17 오전 1:21:37"
"C:\Users\user\AppData\Local\CapCut Drafts\0617\matting\2d99daf14acd02ceeb707412f1139375\6E69D45C-612F-4fed-98F1-C1616760548E\5\maskinfo\5400000","110","2026-06-17 오전 1:21:37"
"C:\Users\user\AppData\Local\CapCut Drafts\0617\matting\2d99daf14acd02ceeb707412f1139375\6E69D45C-612F-4fed-98F1-C1616760548E\5\maskinfo\5433333","110","2026-06-17 오전 1:21:37"
"C:\Users\user\AppData\Local\CapCut Drafts\0617\matting\2d99daf14acd02ceeb707412f1139375\6E69D45C-612F-4fed-98F1-C1616760548E\5\maskinfo\5466667","110","2026-06-17 오전 1:21:37"
"C:\Users\user\AppData\Local\CapCut Drafts\0617\matting\2d99daf14acd02ceeb707412f1139375\6E69D45C-612F-4fed-98F1-C1616760548E\5\maskinfo\5500000","110","2026-06-17 오전 1:21:37"
"C:\Users\user\AppData\Local\CapCut Drafts\0617\matting\2d99daf14acd02ceeb707412f1139375\6E69D45C-612F-4fed-98F1-C1616760548E\5\maskinfo\5533333","110","2026-06-17 오전 1:21:37"
"C:\Users\user\AppData\Local\CapCut Drafts\0617\matting\2d99daf14acd02ceeb707412f1139375\6E69D45C-612F-4fed-98F1-C1616760548E\5\maskinfo\5566667","110","2026-06-17 오전 1:21:37"
"C:\Users\user\AppData\Local\CapCut Drafts\0617\matting\2d99daf14acd02ceeb707412f1139375\6E69D45C-612F-4fed-98F1-C1616760548E\5\maskinfo\5600000","110","2026-06-17 오전 1:21:37"
"C:\Users\user\AppData\Local\CapCut Drafts\0617\matting\2d99daf14acd02ceeb707412f1139375\6E69D45C-612F-4fed-98F1-C1616760548E\5\maskinfo\5633333","110","2026-06-17 오전 1:21:37"
"C:\Users\user\AppData\Local\CapCut Drafts\0617\matting\2d99daf14acd02ceeb707412f1139375\6E69D45C-612F-4fed-98F1-C1616760548E\5\maskinfo\5666667","110","2026-06-17 오전 1:21:37"
"C:\Users\user\AppData\Local\CapCut Drafts\0617\matting\2d99daf14acd02ceeb707412f1139375\6E69D45C-612F-4fed-98F1-C1616760548E\5\maskinfo\566667","110","2026-06-17 오전 1:21:39"
"C:\Users\user\AppData\Local\CapCut Drafts\0617\matting\2d99daf14acd02ceeb707412f1139375\6E69D45C-612F-4fed-98F1-C1616760548E\5\maskinfo\5700000","110","2026-06-17 오전 1:21:37"
"C:\Users\user\AppData\Local\CapCut Drafts\0617\matting\2d99daf14acd02ceeb707412f1139375\6E69D45C-612F-4fed-98F1-C1616760548E\5\maskinfo\5733333","110","2026-06-17 오전 1:21:37"
"C:\Users\user\AppData\Local\CapCut Drafts\0617\matting\2d99daf14acd02ceeb707412f1139375\6E69D45C-612F-4fed-98F1-C1616760548E\5\maskinfo\5766667","110","2026-06-17 오전 1:21:37"
"C:\Users\user\AppData\Local\CapCut Drafts\0617\matting\2d99daf14acd02ceeb707412f1139375\6E69D45C-612F-4fed-98F1-C1616760548E\5\maskinfo\5800000","110","2026-06-17 오전 1:21:37"
"C:\Users\user\AppData\Local\CapCut Drafts\0617\matting\2d99daf14acd02ceeb707412f1139375\6E69D45C-612F-4fed-98F1-C1616760548E\5\maskinfo\5833333","110","2026-06-17 오전 1:21:37"
"C:\Users\user\AppData\Local\CapCut Drafts\0617\matting\2d99daf14acd02ceeb707412f1139375\6E69D45C-612F-4fed-98F1-C1616760548E\5\maskinfo\5866667","110","2026-06-17 오전 1:21:37"
"C:\Users\user\AppData\Local\CapCut Drafts\0617\matting\2d99daf14acd02ceeb707412f1139375\6E69D45C-612F-4fed-98F1-C1616760548E\5\maskinfo\5900000","110","2026-06-17 오전 1:21:37"
"C:\Users\user\AppData\Local\CapCut Drafts\0617\matting\2d99daf14acd02ceeb707412f1139375\6E69D45C-612F-4fed-98F1-C1616760548E\5\maskinfo\5933333","110","2026-06-17 오전 1:21:37"
"C:\Users\user\AppData\Local\CapCut Drafts\0617\matting\2d99daf14acd02ceeb707412f1139375\6E69D45C-612F-4fed-98F1-C1616760548E\5\maskinfo\5966667","110","2026-06-17 오전 1:21:37"
"C:\Users\user\AppData\Local\CapCut Drafts\0617\matting\2d99daf14acd02ceeb707412f1139375\6E69D45C-612F-4fed-98F1-C1616760548E\5\maskinfo\600000","110","2026-06-17 오전 1:21:39"
"C:\Users\user\AppData\Local\CapCut Drafts\0617\matting\2d99daf14acd02ceeb707412f1139375\6E69D45C-612F-4fed-98F1-C1616760548E\5\maskinfo\6000000","110","2026-06-17 오전 1:21:37"
"C:\Users\user\AppData\Local\CapCut Drafts\0617\matting\2d99daf14acd02ceeb707412f1139375\6E69D45C-612F-4fed-98F1-C1616760548E\5\maskinfo\6033333","110","2026-06-17 오전 1:21:37"
"C:\Users\user\AppData\Local\CapCut Drafts\0617\matting\2d99daf14acd02ceeb707412f1139375\6E69D45C-612F-4fed-98F1-C1616760548E\5\maskinfo\6066667","110","2026-06-17 오전 1:21:37"
"C:\Users\user\AppData\Local\CapCut Drafts\0617\matting\2d99daf14acd02ceeb707412f1139375\6E69D45C-612F-4fed-98F1-C1616760548E\5\maskinfo\6100000","110","2026-06-17 오전 1:21:37"
"C:\Users\user\AppData\Local\CapCut Drafts\0617\matting\2d99daf14acd02ceeb707412f1139375\6E69D45C-612F-4fed-98F1-C1616760548E\5\maskinfo\6133333","110","2026-06-17 오전 1:21:37"
"C:\Users\user\AppData\Local\CapCut Drafts\0617\matting\2d99daf14acd02ceeb707412f1139375\6E69D45C-612F-4fed-98F1-C1616760548E\5\maskinfo\6166667","110","2026-06-17 오전 1:21:37"
"C:\Users\user\AppData\Local\CapCut Drafts\0617\matting\2d99daf14acd02ceeb707412f1139375\6E69D45C-612F-4fed-98F1-C1616760548E\5\maskinfo\6200000","110","2026-06-17 오전 1:21:37"
"C:\Users\user\AppData\Local\CapCut Drafts\0617\matting\2d99daf14acd02ceeb707412f1139375\6E69D45C-612F-4fed-98F1-C1616760548E\5\maskinfo\6233333","110","2026-06-17 오전 1:21:37"
"C:\Users\user\AppData\Local\CapCut Drafts\0617\matting\2d99daf14acd02ceeb707412f1139375\6E69D45C-612F-4fed-98F1-C1616760548E\5\maskinfo\6266667","110","2026-06-17 오전 1:21:37"
"C:\Users\user\AppData\Local\CapCut Drafts\0617\matting\2d99daf14acd02ceeb707412f1139375\6E69D45C-612F-4fed-98F1-C1616760548E\5\maskinfo\6300000","110","2026-06-17 오전 1:21:37"
"C:\Users\user\AppData\Local\CapCut Drafts\0617\matting\2d99daf14acd02ceeb707412f1139375\6E69D45C-612F-4fed-98F1-C1616760548E\5\maskinfo\633333","110","2026-06-17 오전 1:21:39"
"C:\Users\user\AppData\Local\CapCut Drafts\0617\matting\2d99daf14acd02ceeb707412f1139375\6E69D45C-612F-4fed-98F1-C1616760548E\5\maskinfo\6333333","110","2026-06-17 오전 1:21:37"
"C:\Users\user\AppData\Local\CapCut Drafts\0617\matting\2d99daf14acd02ceeb707412f1139375\6E69D45C-612F-4fed-98F1-C1616760548E\5\maskinfo\6366667","110","2026-06-17 오전 1:21:37"
"C:\Users\user\AppData\Local\CapCut Drafts\0617\matting\2d99daf14acd02ceeb707412f1139375\6E69D45C-612F-4fed-98F1-C1616760548E\5\maskinfo\6400000","110","2026-06-17 오전 1:21:37"
"C:\Users\user\AppData\Local\CapCut Drafts\0617\matting\2d99daf14acd02ceeb707412f1139375\6E69D45C-612F-4fed-98F1-C1616760548E\5\maskinfo\6433333","110","2026-06-17 오전 1:21:37"
"C:\Users\user\AppData\Local\CapCut Drafts\0617\matting\2d99daf14acd02ceeb707412f1139375\6E69D45C-612F-4fed-98F1-C1616760548E\5\maskinfo\6466667","110","2026-06-17 오전 1:21:37"
"C:\Users\user\AppData\Local\CapCut Drafts\0617\matting\2d99daf14acd02ceeb707412f1139375\6E69D45C-612F-4fed-98F1-C1616760548E\5\maskinfo\6500000","110","2026-06-17 오전 1:21:37"
"C:\Users\user\AppData\Local\CapCut Drafts\0617\matting\2d99daf14acd02ceeb707412f1139375\6E69D45C-612F-4fed-98F1-C1616760548E\5\maskinfo\6533333","110","2026-06-17 오전 1:21:37"
"C:\Users\user\AppData\Local\CapCut Drafts\0617\matting\2d99daf14acd02ceeb707412f1139375\6E69D45C-612F-4fed-98F1-C1616760548E\5\maskinfo\6566667","110","2026-06-17 오전 1:21:37"
"C:\Users\user\AppData\Local\CapCut Drafts\0617\matting\2d99daf14acd02ceeb707412f1139375\6E69D45C-612F-4fed-98F1-C1616760548E\5\maskinfo\6600000","110","2026-06-17 오전 1:21:37"
"C:\Users\user\AppData\Local\CapCut Drafts\0617\matting\2d99daf14acd02ceeb707412f1139375\6E69D45C-612F-4fed-98F1-C1616760548E\5\maskinfo\6633333","110","2026-06-17 오전 1:21:37"
"C:\Users\user\AppData\Local\CapCut Drafts\0617\matting\2d99daf14acd02ceeb707412f1139375\6E69D45C-612F-4fed-98F1-C1616760548E\5\maskinfo\6666667","110","2026-06-17 오전 1:21:37"
"C:\Users\user\AppData\Local\CapCut Drafts\0617\matting\2d99daf14acd02ceeb707412f1139375\6E69D45C-612F-4fed-98F1-C1616760548E\5\maskinfo\666667","110","2026-06-17 오전 1:21:39"
"C:\Users\user\AppData\Local\CapCut Drafts\0617\matting\2d99daf14acd02ceeb707412f1139375\6E69D45C-612F-4fed-98F1-C1616760548E\5\maskinfo\66667","110","2026-06-17 오전 1:21:39"
"C:\Users\user\AppData\Local\CapCut Drafts\0617\matting\2d99daf14acd02ceeb707412f1139375\6E69D45C-612F-4fed-98F1-C1616760548E\5\maskinfo\6700000","110","2026-06-17 오전 1:21:37"
"C:\Users\user\AppData\Local\CapCut Drafts\0617\matting\2d99daf14acd02ceeb707412f1139375\6E69D45C-612F-4fed-98F1-C1616760548E\5\maskinfo\6733333","110","2026-06-17 오전 1:21:37"
"C:\Users\user\AppData\Local\CapCut Drafts\0617\matting\2d99daf14acd02ceeb707412f1139375\6E69D45C-612F-4fed-98F1-C1616760548E\5\maskinfo\6766667","110","2026-06-17 오전 1:21:37"
"C:\Users\user\AppData\Local\CapCut Drafts\0617\matting\2d99daf14acd02ceeb707412f1139375\6E69D45C-612F-4fed-98F1-C1616760548E\5\maskinfo\6800000","110","2026-06-17 오전 1:21:37"
"C:\Users\user\AppData\Local\CapCut Drafts\0617\matting\2d99daf14acd02ceeb707412f1139375\6E69D45C-612F-4fed-98F1-C1616760548E\5\maskinfo\6833333","110","2026-06-17 오전 1:21:37"
"C:\Users\user\AppData\Local\CapCut Drafts\0617\matting\2d99daf14acd02ceeb707412f1139375\6E69D45C-612F-4fed-98F1-C1616760548E\5\maskinfo\6866667","110","2026-06-17 오전 1:21:38"
"C:\Users\user\AppData\Local\CapCut Drafts\0617\matting\2d99daf14acd02ceeb707412f1139375\6E69D45C-612F-4fed-98F1-C1616760548E\5\maskinfo\6900000","110","2026-06-17 오전 1:21:38"
"C:\Users\user\AppData\Local\CapCut Drafts\0617\matting\2d99daf14acd02ceeb707412f1139375\6E69D45C-612F-4fed-98F1-C1616760548E\5\maskinfo\6933333","110","2026-06-17 오전 1:21:38"
"C:\Users\user\AppData\Local\CapCut Drafts\0617\matting\2d99daf14acd02ceeb707412f1139375\6E69D45C-612F-4fed-98F1-C1616760548E\5\maskinfo\6966667","110","2026-06-17 오전 1:21:38"
"C:\Users\user\AppData\Local\CapCut Drafts\0617\matting\2d99daf14acd02ceeb707412f1139375\6E69D45C-612F-4fed-98F1-C1616760548E\5\maskinfo\700000","110","2026-06-17 오전 1:21:39"
"C:\Users\user\AppData\Local\CapCut Drafts\0617\matting\2d99daf14acd02ceeb707412f1139375\6E69D45C-612F-4fed-98F1-C1616760548E\5\maskinfo\7000000","110","2026-06-17 오전 1:21:38"
"C:\Users\user\AppData\Local\CapCut Drafts\0617\matting\2d99daf14acd02ceeb707412f1139375\6E69D45C-612F-4fed-98F1-C1616760548E\5\maskinfo\7033333","110","2026-06-17 오전 1:21:38"
"C:\Users\user\AppData\Local\CapCut Drafts\0617\matting\2d99daf14acd02ceeb707412f1139375\6E69D45C-612F-4fed-98F1-C1616760548E\5\maskinfo\7066667","110","2026-06-17 오전 1:21:38"
"C:\Users\user\AppData\Local\CapCut Drafts\0617\matting\2d99daf14acd02ceeb707412f1139375\6E69D45C-612F-4fed-98F1-C1616760548E\5\maskinfo\7100000","110","2026-06-17 오전 1:21:38"
"C:\Users\user\AppData\Local\CapCut Drafts\0617\matting\2d99daf14acd02ceeb707412f1139375\6E69D45C-612F-4fed-98F1-C1616760548E\5\maskinfo\7133333","110","2026-06-17 오전 1:21:38"
"C:\Users\user\AppData\Local\CapCut Drafts\0617\matting\2d99daf14acd02ceeb707412f1139375\6E69D45C-612F-4fed-98F1-C1616760548E\5\maskinfo\7166667","110","2026-06-17 오전 1:21:38"
"C:\Users\user\AppData\Local\CapCut Drafts\0617\matting\2d99daf14acd02ceeb707412f1139375\6E69D45C-612F-4fed-98F1-C1616760548E\5\maskinfo\7200000","110","2026-06-17 오전 1:21:38"
"C:\Users\user\AppData\Local\CapCut Drafts\0617\matting\2d99daf14acd02ceeb707412f1139375\6E69D45C-612F-4fed-98F1-C1616760548E\5\maskinfo\7233333","110","2026-06-17 오전 1:21:38"
"C:\Users\user\AppData\Local\CapCut Drafts\0617\matting\2d99daf14acd02ceeb707412f1139375\6E69D45C-612F-4fed-98F1-C1616760548E\5\maskinfo\7266667","110","2026-06-17 오전 1:21:38"
"C:\Users\user\AppData\Local\CapCut Drafts\0617\matting\2d99daf14acd02ceeb707412f1139375\6E69D45C-612F-4fed-98F1-C1616760548E\5\maskinfo\7300000","110","2026-06-17 오전 1:21:38"
"C:\Users\user\AppData\Local\CapCut Drafts\0617\matting\2d99daf14acd02ceeb707412f1139375\6E69D45C-612F-4fed-98F1-C1616760548E\5\maskinfo\733333","110","2026-06-17 오전 1:21:39"
"C:\Users\user\AppData\Local\CapCut Drafts\0617\matting\2d99daf14acd02ceeb707412f1139375\6E69D45C-612F-4fed-98F1-C1616760548E\5\maskinfo\7333333","110","2026-06-17 오전 1:21:38"
"C:\Users\user\AppData\Local\CapCut Drafts\0617\matting\2d99daf14acd02ceeb707412f1139375\6E69D45C-612F-4fed-98F1-C1616760548E\5\maskinfo\7366667","110","2026-06-17 오전 1:21:38"
"C:\Users\user\AppData\Local\CapCut Drafts\0617\matting\2d99daf14acd02ceeb707412f1139375\6E69D45C-612F-4fed-98F1-C1616760548E\5\maskinfo\7400000","110","2026-06-17 오전 1:21:38"
"C:\Users\user\AppData\Local\CapCut Drafts\0617\matting\2d99daf14acd02ceeb707412f1139375\6E69D45C-612F-4fed-98F1-C1616760548E\5\maskinfo\7433333","110","2026-06-17 오전 1:21:38"
"C:\Users\user\AppData\Local\CapCut Drafts\0617\matting\2d99daf14acd02ceeb707412f1139375\6E69D45C-612F-4fed-98F1-C1616760548E\5\maskinfo\7466667","110","2026-06-17 오전 1:21:38"
"C:\Users\user\AppData\Local\CapCut Drafts\0617\matting\2d99daf14acd02ceeb707412f1139375\6E69D45C-612F-4fed-98F1-C1616760548E\5\maskinfo\7500000","110","2026-06-17 오전 1:21:38"
"C:\Users\user\AppData\Local\CapCut Drafts\0617\matting\2d99daf14acd02ceeb707412f1139375\6E69D45C-612F-4fed-98F1-C1616760548E\5\maskinfo\7533333","110","2026-06-17 오전 1:21:38"
"C:\Users\user\AppData\Local\CapCut Drafts\0617\matting\2d99daf14acd02ceeb707412f1139375\6E69D45C-612F-4fed-98F1-C1616760548E\5\maskinfo\7566667","110","2026-06-17 오전 1:21:38"
"C:\Users\user\AppData\Local\CapCut Drafts\0617\matting\2d99daf14acd02ceeb707412f1139375\6E69D45C-612F-4fed-98F1-C1616760548E\5\maskinfo\7600000","110","2026-06-17 오전 1:21:38"
"C:\Users\user\AppData\Local\CapCut Drafts\0617\matting\2d99daf14acd02ceeb707412f1139375\6E69D45C-612F-4fed-98F1-C1616760548E\5\maskinfo\7633333","110","2026-06-17 오전 1:21:38"
"C:\Users\user\AppData\Local\CapCut Drafts\0617\matting\2d99daf14acd02ceeb707412f1139375\6E69D45C-612F-4fed-98F1-C1616760548E\5\maskinfo\7666667","110","2026-06-17 오전 1:21:38"
"C:\Users\user\AppData\Local\CapCut Drafts\0617\matting\2d99daf14acd02ceeb707412f1139375\6E69D45C-612F-4fed-98F1-C1616760548E\5\maskinfo\766667","110","2026-06-17 오전 1:21:39"
"C:\Users\user\AppData\Local\CapCut Drafts\0617\matting\2d99daf14acd02ceeb707412f1139375\6E69D45C-612F-4fed-98F1-C1616760548E\5\maskinfo\7700000","110","2026-06-17 오전 1:21:38"
"C:\Users\user\AppData\Local\CapCut Drafts\0617\matting\2d99daf14acd02ceeb707412f1139375\6E69D45C-612F-4fed-98F1-C1616760548E\5\maskinfo\7733333","110","2026-06-17 오전 1:21:38"
"C:\Users\user\AppData\Local\CapCut Drafts\0617\matting\2d99daf14acd02ceeb707412f1139375\6E69D45C-612F-4fed-98F1-C1616760548E\5\maskinfo\7766667","110","2026-06-17 오전 1:21:38"
"C:\Users\user\AppData\Local\CapCut Drafts\0617\matting\2d99daf14acd02ceeb707412f1139375\6E69D45C-612F-4fed-98F1-C1616760548E\5\maskinfo\7800000","110","2026-06-17 오전 1:21:38"
"C:\Users\user\AppData\Local\CapCut Drafts\0617\matting\2d99daf14acd02ceeb707412f1139375\6E69D45C-612F-4fed-98F1-C1616760548E\5\maskinfo\7833333","110","2026-06-17 오전 1:21:38"
"C:\Users\user\AppData\Local\CapCut Drafts\0617\matting\2d99daf14acd02ceeb707412f1139375\6E69D45C-612F-4fed-98F1-C1616760548E\5\maskinfo\7866667","110","2026-06-17 오전 1:21:38"
"C:\Users\user\AppData\Local\CapCut Drafts\0617\matting\2d99daf14acd02ceeb707412f1139375\6E69D45C-612F-4fed-98F1-C1616760548E\5\maskinfo\7900000","110","2026-06-17 오전 1:21:38"
"C:\Users\user\AppData\Local\CapCut Drafts\0617\matting\2d99daf14acd02ceeb707412f1139375\6E69D45C-612F-4fed-98F1-C1616760548E\5\maskinfo\7933333","110","2026-06-17 오전 1:21:38"
"C:\Users\user\AppData\Local\CapCut Drafts\0617\matting\2d99daf14acd02ceeb707412f1139375\6E69D45C-612F-4fed-98F1-C1616760548E\5\maskinfo\7966667","110","2026-06-17 오전 1:21:38"
"C:\Users\user\AppData\Local\CapCut Drafts\0617\matting\2d99daf14acd02ceeb707412f1139375\6E69D45C-612F-4fed-98F1-C1616760548E\5\maskinfo\800000","110","2026-06-17 오전 1:21:39"
"C:\Users\user\AppData\Local\CapCut Drafts\0617\matting\2d99daf14acd02ceeb707412f1139375\6E69D45C-612F-4fed-98F1-C1616760548E\5\maskinfo\8000000","110","2026-06-17 오전 1:21:38"
"C:\Users\user\AppData\Local\CapCut Drafts\0617\matting\2d99daf14acd02ceeb707412f1139375\6E69D45C-612F-4fed-98F1-C1616760548E\5\maskinfo\8033333","110","2026-06-17 오전 1:21:38"
"C:\Users\user\AppData\Local\CapCut Drafts\0617\matting\2d99daf14acd02ceeb707412f1139375\6E69D45C-612F-4fed-98F1-C1616760548E\5\maskinfo\8066667","110","2026-06-17 오전 1:21:38"
"C:\Users\user\AppData\Local\CapCut Drafts\0617\matting\2d99daf14acd02ceeb707412f1139375\6E69D45C-612F-4fed-98F1-C1616760548E\5\maskinfo\8100000","110","2026-06-17 오전 1:21:38"
"C:\Users\user\AppData\Local\CapCut Drafts\0617\matting\2d99daf14acd02ceeb707412f1139375\6E69D45C-612F-4fed-98F1-C1616760548E\5\maskinfo\8133333","110","2026-06-17 오전 1:21:38"
"C:\Users\user\AppData\Local\CapCut Drafts\0617\matting\2d99daf14acd02ceeb707412f1139375\6E69D45C-612F-4fed-98F1-C1616760548E\5\maskinfo\8166667","110","2026-06-17 오전 1:21:38"
"C:\Users\user\AppData\Local\CapCut Drafts\0617\matting\2d99daf14acd02ceeb707412f1139375\6E69D45C-612F-4fed-98F1-C1616760548E\5\maskinfo\8200000","110","2026-06-17 오전 1:21:38"
"C:\Users\user\AppData\Local\CapCut Drafts\0617\matting\2d99daf14acd02ceeb707412f1139375\6E69D45C-612F-4fed-98F1-C1616760548E\5\maskinfo\8233333","110","2026-06-17 오전 1:21:38"
"C:\Users\user\AppData\Local\CapCut Drafts\0617\matting\2d99daf14acd02ceeb707412f1139375\6E69D45C-612F-4fed-98F1-C1616760548E\5\maskinfo\8266667","110","2026-06-17 오전 1:21:38"
"C:\Users\user\AppData\Local\CapCut Drafts\0617\matting\2d99daf14acd02ceeb707412f1139375\6E69D45C-612F-4fed-98F1-C1616760548E\5\maskinfo\8300000","110","2026-06-17 오전 1:21:38"
"C:\Users\user\AppData\Local\CapCut Drafts\0617\matting\2d99daf14acd02ceeb707412f1139375\6E69D45C-612F-4fed-98F1-C1616760548E\5\maskinfo\833333","110","2026-06-17 오전 1:21:39"
"C:\Users\user\AppData\Local\CapCut Drafts\0617\matting\2d99daf14acd02ceeb707412f1139375\6E69D45C-612F-4fed-98F1-C1616760548E\5\maskinfo\8333333","110","2026-06-17 오전 1:21:38"
"C:\Users\user\AppData\Local\CapCut Drafts\0617\matting\2d99daf14acd02ceeb707412f1139375\6E69D45C-612F-4fed-98F1-C1616760548E\5\maskinfo\8366667","110","2026-06-17 오전 1:21:38"
"C:\Users\user\AppData\Local\CapCut Drafts\0617\matting\2d99daf14acd02ceeb707412f1139375\6E69D45C-612F-4fed-98F1-C1616760548E\5\maskinfo\8400000","110","2026-06-17 오전 1:21:38"
"C:\Users\user\AppData\Local\CapCut Drafts\0617\matting\2d99daf14acd02ceeb707412f1139375\6E69D45C-612F-4fed-98F1-C1616760548E\5\maskinfo\8433333","110","2026-06-17 오전 1:21:38"
"C:\Users\user\AppData\Local\CapCut Drafts\0617\matting\2d99daf14acd02ceeb707412f1139375\6E69D45C-612F-4fed-98F1-C1616760548E\5\maskinfo\8466667","110","2026-06-17 오전 1:21:38"
"C:\Users\user\AppData\Local\CapCut Drafts\0617\matting\2d99daf14acd02ceeb707412f1139375\6E69D45C-612F-4fed-98F1-C1616760548E\5\maskinfo\8500000","110","2026-06-17 오전 1:21:38"
"C:\Users\user\AppData\Local\CapCut Drafts\0617\matting\2d99daf14acd02ceeb707412f1139375\6E69D45C-612F-4fed-98F1-C1616760548E\5\maskinfo\8533333","110","2026-06-17 오전 1:21:38"
"C:\Users\user\AppData\Local\CapCut Drafts\0617\matting\2d99daf14acd02ceeb707412f1139375\6E69D45C-612F-4fed-98F1-C1616760548E\5\maskinfo\8566667","110","2026-06-17 오전 1:21:38"
"C:\Users\user\AppData\Local\CapCut Drafts\0617\matting\2d99daf14acd02ceeb707412f1139375\6E69D45C-612F-4fed-98F1-C1616760548E\5\maskinfo\8600000","110","2026-06-17 오전 1:21:38"
"C:\Users\user\AppData\Local\CapCut Drafts\0617\matting\2d99daf14acd02ceeb707412f1139375\6E69D45C-612F-4fed-98F1-C1616760548E\5\maskinfo\8633333","110","2026-06-17 오전 1:21:38"
"C:\Users\user\AppData\Local\CapCut Drafts\0617\matting\2d99daf14acd02ceeb707412f1139375\6E69D45C-612F-4fed-98F1-C1616760548E\5\maskinfo\8666667","110","2026-06-17 오전 1:21:38"
"C:\Users\user\AppData\Local\CapCut Drafts\0617\matting\2d99daf14acd02ceeb707412f1139375\6E69D45C-612F-4fed-98F1-C1616760548E\5\maskinfo\866667","110","2026-06-17 오전 1:21:39"
"C:\Users\user\AppData\Local\CapCut Drafts\0617\matting\2d99daf14acd02ceeb707412f1139375\6E69D45C-612F-4fed-98F1-C1616760548E\5\maskinfo\8700000","110","2026-06-17 오전 1:21:38"
"C:\Users\user\AppData\Local\CapCut Drafts\0617\matting\2d99daf14acd02ceeb707412f1139375\6E69D45C-612F-4fed-98F1-C1616760548E\5\maskinfo\8733333","110","2026-06-17 오전 1:21:38"
"C:\Users\user\AppData\Local\CapCut Drafts\0617\matting\2d99daf14acd02ceeb707412f1139375\6E69D45C-612F-4fed-98F1-C1616760548E\5\maskinfo\8766667","110","2026-06-17 오전 1:21:38"
"C:\Users\user\AppData\Local\CapCut Drafts\0617\matting\2d99daf14acd02ceeb707412f1139375\6E69D45C-612F-4fed-98F1-C1616760548E\5\maskinfo\8800000","110","2026-06-17 오전 1:21:38"
"C:\Users\user\AppData\Local\CapCut Drafts\0617\matting\2d99daf14acd02ceeb707412f1139375\6E69D45C-612F-4fed-98F1-C1616760548E\5\maskinfo\8833333","110","2026-06-17 오전 1:21:38"
"C:\Users\user\AppData\Local\CapCut Drafts\0617\matting\2d99daf14acd02ceeb707412f1139375\6E69D45C-612F-4fed-98F1-C1616760548E\5\maskinfo\8866667","110","2026-06-17 오전 1:21:38"
"C:\Users\user\AppData\Local\CapCut Drafts\0617\matting\2d99daf14acd02ceeb707412f1139375\6E69D45C-612F-4fed-98F1-C1616760548E\5\maskinfo\8900000","110","2026-06-17 오전 1:21:38"
"C:\Users\user\AppData\Local\CapCut Drafts\0617\matting\2d99daf14acd02ceeb707412f1139375\6E69D45C-612F-4fed-98F1-C1616760548E\5\maskinfo\8933333","110","2026-06-17 오전 1:21:38"
"C:\Users\user\AppData\Local\CapCut Drafts\0617\matting\2d99daf14acd02ceeb707412f1139375\6E69D45C-612F-4fed-98F1-C1616760548E\5\maskinfo\8966667","110","2026-06-17 오전 1:21:38"
"C:\Users\user\AppData\Local\CapCut Drafts\0617\matting\2d99daf14acd02ceeb707412f1139375\6E69D45C-612F-4fed-98F1-C1616760548E\5\maskinfo\900000","110","2026-06-17 오전 1:21:39"
"C:\Users\user\AppData\Local\CapCut Drafts\0617\matting\2d99daf14acd02ceeb707412f1139375\6E69D45C-612F-4fed-98F1-C1616760548E\5\maskinfo\9000000","110","2026-06-17 오전 1:21:38"
"C:\Users\user\AppData\Local\CapCut Drafts\0617\matting\2d99daf14acd02ceeb707412f1139375\6E69D45C-612F-4fed-98F1-C1616760548E\5\maskinfo\9033333","110","2026-06-17 오전 1:21:38"
"C:\Users\user\AppData\Local\CapCut Drafts\0617\matting\2d99daf14acd02ceeb707412f1139375\6E69D45C-612F-4fed-98F1-C1616760548E\5\maskinfo\9066667","110","2026-06-17 오전 1:21:38"
"C:\Users\user\AppData\Local\CapCut Drafts\0617\matting\2d99daf14acd02ceeb707412f1139375\6E69D45C-612F-4fed-98F1-C1616760548E\5\maskinfo\9100000","110","2026-06-17 오전 1:21:38"
"C:\Users\user\AppData\Local\CapCut Drafts\0617\matting\2d99daf14acd02ceeb707412f1139375\6E69D45C-612F-4fed-98F1-C1616760548E\5\maskinfo\9133333","110","2026-06-17 오전 1:21:38"
"C:\Users\user\AppData\Local\CapCut Drafts\0617\matting\2d99daf14acd02ceeb707412f1139375\6E69D45C-612F-4fed-98F1-C1616760548E\5\maskinfo\9166667","110","2026-06-17 오전 1:21:38"
"C:\Users\user\AppData\Local\CapCut Drafts\0617\matting\2d99daf14acd02ceeb707412f1139375\6E69D45C-612F-4fed-98F1-C1616760548E\5\maskinfo\9200000","110","2026-06-17 오전 1:21:38"
"C:\Users\user\AppData\Local\CapCut Drafts\0617\matting\2d99daf14acd02ceeb707412f1139375\6E69D45C-612F-4fed-98F1-C1616760548E\5\maskinfo\9233333","110","2026-06-17 오전 1:21:38"
"C:\Users\user\AppData\Local\CapCut Drafts\0617\matting\2d99daf14acd02ceeb707412f1139375\6E69D45C-612F-4fed-98F1-C1616760548E\5\maskinfo\9266667","110","2026-06-17 오전 1:21:38"
"C:\Users\user\AppData\Local\CapCut Drafts\0617\matting\2d99daf14acd02ceeb707412f1139375\6E69D45C-612F-4fed-98F1-C1616760548E\5\maskinfo\9300000","110","2026-06-17 오전 1:21:38"
"C:\Users\user\AppData\Local\CapCut Drafts\0617\matting\2d99daf14acd02ceeb707412f1139375\6E69D45C-612F-4fed-98F1-C1616760548E\5\maskinfo\933333","110","2026-06-17 오전 1:21:39"
"C:\Users\user\AppData\Local\CapCut Drafts\0617\matting\2d99daf14acd02ceeb707412f1139375\6E69D45C-612F-4fed-98F1-C1616760548E\5\maskinfo\9333333","110","2026-06-17 오전 1:21:38"
"C:\Users\user\AppData\Local\CapCut Drafts\0617\matting\2d99daf14acd02ceeb707412f1139375\6E69D45C-612F-4fed-98F1-C1616760548E\5\maskinfo\9366667","110","2026-06-17 오전 1:21:38"
"C:\Users\user\AppData\Local\CapCut Drafts\0617\matting\2d99daf14acd02ceeb707412f1139375\6E69D45C-612F-4fed-98F1-C1616760548E\5\maskinfo\9400000","110","2026-06-17 오전 1:21:38"
"C:\Users\user\AppData\Local\CapCut Drafts\0617\matting\2d99daf14acd02ceeb707412f1139375\6E69D45C-612F-4fed-98F1-C1616760548E\5\maskinfo\9433333","110","2026-06-17 오전 1:21:38"
"C:\Users\user\AppData\Local\CapCut Drafts\0617\matting\2d99daf14acd02ceeb707412f1139375\6E69D45C-612F-4fed-98F1-C1616760548E\5\maskinfo\9466667","110","2026-06-17 오전 1:21:38"
"C:\Users\user\AppData\Local\CapCut Drafts\0617\matting\2d99daf14acd02ceeb707412f1139375\6E69D45C-612F-4fed-98F1-C1616760548E\5\maskinfo\9500000","110","2026-06-17 오전 1:21:38"
"C:\Users\user\AppData\Local\CapCut Drafts\0617\matting\2d99daf14acd02ceeb707412f1139375\6E69D45C-612F-4fed-98F1-C1616760548E\5\maskinfo\9533333","110","2026-06-17 오전 1:21:38"
"C:\Users\user\AppData\Local\CapCut Drafts\0617\matting\2d99daf14acd02ceeb707412f1139375\6E69D45C-612F-4fed-98F1-C1616760548E\5\maskinfo\9566667","110","2026-06-17 오전 1:21:38"
"C:\Users\user\AppData\Local\CapCut Drafts\0617\matting\2d99daf14acd02ceeb707412f1139375\6E69D45C-612F-4fed-98F1-C1616760548E\5\maskinfo\9600000","110","2026-06-17 오전 1:21:38"
"C:\Users\user\AppData\Local\CapCut Drafts\0617\matting\2d99daf14acd02ceeb707412f1139375\6E69D45C-612F-4fed-98F1-C1616760548E\5\maskinfo\9633333","110","2026-06-17 오전 1:21:38"
"C:\Users\user\AppData\Local\CapCut Drafts\0617\matting\2d99daf14acd02ceeb707412f1139375\6E69D45C-612F-4fed-98F1-C1616760548E\5\maskinfo\9666667","110","2026-06-17 오전 1:21:38"
"C:\Users\user\AppData\Local\CapCut Drafts\0617\matting\2d99daf14acd02ceeb707412f1139375\6E69D45C-612F-4fed-98F1-C1616760548E\5\maskinfo\966667","110","2026-06-17 오전 1:21:39"
"C:\Users\user\AppData\Local\CapCut Drafts\0617\matting\2d99daf14acd02ceeb707412f1139375\6E69D45C-612F-4fed-98F1-C1616760548E\5\maskinfo\9700000","110","2026-06-17 오전 1:21:38"
"C:\Users\user\AppData\Local\CapCut Drafts\0617\matting\2d99daf14acd02ceeb707412f1139375\6E69D45C-612F-4fed-98F1-C1616760548E\5\maskinfo\9733333","110","2026-06-17 오전 1:21:38"
"C:\Users\user\AppData\Local\CapCut Drafts\0617\matting\2d99daf14acd02ceeb707412f1139375\6E69D45C-612F-4fed-98F1-C1616760548E\5\maskinfo\9766667","110","2026-06-17 오전 1:21:38"
"C:\Users\user\AppData\Local\CapCut Drafts\0617\matting\2d99daf14acd02ceeb707412f1139375\6E69D45C-612F-4fed-98F1-C1616760548E\5\maskinfo\9800000","110","2026-06-17 오전 1:21:38"
"C:\Users\user\AppData\Local\CapCut Drafts\0617\matting\2d99daf14acd02ceeb707412f1139375\6E69D45C-612F-4fed-98F1-C1616760548E\5\maskinfo\9833333","110","2026-06-17 오전 1:21:38"
"C:\Users\user\AppData\Local\CapCut Drafts\0617\matting\2d99daf14acd02ceeb707412f1139375\6E69D45C-612F-4fed-98F1-C1616760548E\5\maskinfo\9866667","110","2026-06-17 오전 1:21:38"
"C:\Users\user\AppData\Local\CapCut Drafts\0617\matting\2d99daf14acd02ceeb707412f1139375\6E69D45C-612F-4fed-98F1-C1616760548E\5\maskinfo\9900000","110","2026-06-17 오전 1:21:38"
"C:\Users\user\AppData\Local\CapCut Drafts\0617\matting\2d99daf14acd02ceeb707412f1139375\6E69D45C-612F-4fed-98F1-C1616760548E\5\maskinfo\9933333","110","2026-06-17 오전 1:21:38"
"C:\Users\user\AppData\Local\CapCut Drafts\0617\matting\2d99daf14acd02ceeb707412f1139375\6E69D45C-612F-4fed-98F1-C1616760548E\5\maskinfo\9966667","110","2026-06-17 오전 1:21:38"
"C:\Users\user\AppData\Local\CapCut Drafts\0617\Resources\audioAlg",,"2026-06-18 오전 12:35:52"
"C:\Users\user\AppData\Local\CapCut Drafts\0617\Resources\combination",,"2026-06-17 오후 11:41:09"
"C:\Users\user\AppData\Local\CapCut Drafts\0617\Resources\digitalHuman",,"2026-06-17 오전 2:51:22"
"C:\Users\user\AppData\Local\CapCut Drafts\0617\Resources\videoAlg",,"2026-06-17 오전 12:17:55"
"C:\Users\user\AppData\Local\CapCut Drafts\0617\Resources\audioAlg\5ac0b18c4d416af52bda407c312c3b21_11233333_6936667.wav","1224816","2026-06-18 오전 12:35:52"
"C:\Users\user\AppData\Local\CapCut Drafts\0617\Resources\audioAlg\5ac0b18c4d416af52bda407c312c3b21_11233333_6936667.wav_download.wav","1224748","2026-06-18 오전 12:35:52"
"C:\Users\user\AppData\Local\CapCut Drafts\0617\Resources\audioAlg\5ac0b18c4d416af52bda407c312c3b21_11233333_6936667_human.wav","1224816","2026-06-18 오전 12:35:52"
"C:\Users\user\AppData\Local\CapCut Drafts\0617\Resources\audioAlg\5ac0b18c4d416af52bda407c312c3b21_11566666_7466667.wav","1323120","2026-06-18 오전 12:27:39"
"C:\Users\user\AppData\Local\CapCut Drafts\0617\Resources\audioAlg\5ac0b18c4d416af52bda407c312c3b21_11566666_7466667_human.wav","1323120","2026-06-18 오전 12:27:39"
"C:\Users\user\AppData\Local\CapCut Drafts\0617\Resources\audioAlg\5ac0b18c4d416af52bda407c312c3b21_11866666_7666667.wav","1355888","2026-06-18 오전 12:15:25"
"C:\Users\user\AppData\Local\CapCut Drafts\0617\Resources\audioAlg\5ac0b18c4d416af52bda407c312c3b21_11866666_7666667_human.wav","1355888","2026-06-18 오전 12:15:25"
"C:\Users\user\AppData\Local\CapCut Drafts\0617\Resources\audioAlg\5ac0b18c4d416af52bda407c312c3b21_12433333_7383333.wav","1302640","2026-06-18 오전 12:27:50"
"C:\Users\user\AppData\Local\CapCut Drafts\0617\Resources\audioAlg\5ac0b18c4d416af52bda407c312c3b21_12433333_7383333_human.wav","1302640","2026-06-18 오전 12:27:50"
"C:\Users\user\AppData\Local\CapCut Drafts\0617\Resources\audioAlg\5ac0b18c4d416af52bda407c312c3b21_1366666_8033334.wav","1417328","2026-06-18 오전 12:09:48"
"C:\Users\user\AppData\Local\CapCut Drafts\0617\Resources\audioAlg\5ac0b18c4d416af52bda407c312c3b21_1366666_8033334_human.wav","1417328","2026-06-18 오전 12:09:48"
"C:\Users\user\AppData\Local\CapCut Drafts\0617\Resources\audioAlg\5ac0b18c4d416af52bda407c312c3b21_13700000_6900000.wav","1220720","2026-06-18 오전 12:20:39"
"C:\Users\user\AppData\Local\CapCut Drafts\0617\Resources\audioAlg\5ac0b18c4d416af52bda407c312c3b21_13700000_6900000_human.wav","1220720","2026-06-18 오전 12:20:39"
"C:\Users\user\AppData\Local\CapCut Drafts\0617\Resources\audioAlg\5ac0b18c4d416af52bda407c312c3b21_14600000_7133333.wav","1261680","2026-06-18 오전 12:21:24"
"C:\Users\user\AppData\Local\CapCut Drafts\0617\Resources\audioAlg\5ac0b18c4d416af52bda407c312c3b21_14600000_7133333_human.wav","1261680","2026-06-18 오전 12:21:24"
"C:\Users\user\AppData\Local\CapCut Drafts\0617\Resources\audioAlg\5ac0b18c4d416af52bda407c312c3b21_15433333_7443332.wav","1314928","2026-06-18 오전 12:25:56"
"C:\Users\user\AppData\Local\CapCut Drafts\0617\Resources\audioAlg\5ac0b18c4d416af52bda407c312c3b21_15433333_7443332_human.wav","1314928","2026-06-18 오전 12:25:56"
"C:\Users\user\AppData\Local\CapCut Drafts\0617\Resources\audioAlg\5ac0b18c4d416af52bda407c312c3b21_16266666_7810000.wav","1380464","2026-06-18 오전 12:23:54"
"C:\Users\user\AppData\Local\CapCut Drafts\0617\Resources\audioAlg\5ac0b18c4d416af52bda407c312c3b21_16266666_7810000_human.wav","1380464","2026-06-18 오전 12:23:54"
"C:\Users\user\AppData\Local\CapCut Drafts\0617\Resources\audioAlg\5ac0b18c4d416af52bda407c312c3b21_17466666_7553332.wav","1335408","2026-06-18 오전 12:23:19"
"C:\Users\user\AppData\Local\CapCut Drafts\0617\Resources\audioAlg\5ac0b18c4d416af52bda407c312c3b21_17466666_7553332_human.wav","1335408","2026-06-18 오전 12:23:19"
"C:\Users\user\AppData\Local\CapCut Drafts\0617\Resources\audioAlg\5ac0b18c4d416af52bda407c312c3b21_18433333_7810000.wav","1380464","2026-06-18 오전 12:24:17"
"C:\Users\user\AppData\Local\CapCut Drafts\0617\Resources\audioAlg\5ac0b18c4d416af52bda407c312c3b21_18433333_7810000_human.wav","1380464","2026-06-18 오전 12:24:17"
"C:\Users\user\AppData\Local\CapCut Drafts\0617\Resources\audioAlg\5ac0b18c4d416af52bda407c312c3b21_19633333_8470000.wav","1495152","2026-06-18 오전 12:24:41"
"C:\Users\user\AppData\Local\CapCut Drafts\0617\Resources\audioAlg\5ac0b18c4d416af52bda407c312c3b21_19633333_8470000_human.wav","1495152","2026-06-18 오전 12:24:41"
"C:\Users\user\AppData\Local\CapCut Drafts\0617\Resources\audioAlg\5ac0b18c4d416af52bda407c312c3b21_21500000_8066666.wav","1425520","2026-06-18 오전 12:24:30"
"C:\Users\user\AppData\Local\CapCut Drafts\0617\Resources\audioAlg\5ac0b18c4d416af52bda407c312c3b21_21500000_8066666_human.wav","1425520","2026-06-18 오전 12:24:30"
"C:\Users\user\AppData\Local\CapCut Drafts\0617\Resources\audioAlg\5ac0b18c4d416af52bda407c312c3b21_23266666_8533334.wav","1507440","2026-06-17 오후 11:48:59"
"C:\Users\user\AppData\Local\CapCut Drafts\0617\Resources\audioAlg\5ac0b18c4d416af52bda407c312c3b21_23266666_8533334_human.wav","1507440","2026-06-17 오후 11:48:59"
"C:\Users\user\AppData\Local\CapCut Drafts\0617\Resources\audioAlg\5ac0b18c4d416af52bda407c312c3b21_25500000_8213332.wav","1450096","2026-06-18 오전 12:23:31"
"C:\Users\user\AppData\Local\CapCut Drafts\0617\Resources\audioAlg\5ac0b18c4d416af52bda407c312c3b21_25500000_8213332_human.wav","1450096","2026-06-18 오전 12:23:31"
"C:\Users\user\AppData\Local\CapCut Drafts\0617\Resources\audioAlg\5ac0b18c4d416af52bda407c312c3b21_27100000_7626667.wav","1347696","2026-06-18 오전 12:23:43"
"C:\Users\user\AppData\Local\CapCut Drafts\0617\Resources\audioAlg\5ac0b18c4d416af52bda407c312c3b21_27100000_7626667_human.wav","1347696","2026-06-18 오전 12:23:43"
"C:\Users\user\AppData\Local\CapCut Drafts\0617\Resources\audioAlg\5ac0b18c4d416af52bda407c312c3b21_28133333_7553332.wav","1335408","2026-06-18 오전 12:24:06"
"C:\Users\user\AppData\Local\CapCut Drafts\0617\Resources\audioAlg\5ac0b18c4d416af52bda407c312c3b21_28133333_7553332_human.wav","1335408","2026-06-18 오전 12:24:06"
"C:\Users\user\AppData\Local\CapCut Drafts\0617\Resources\audioAlg\5ac0b18c4d416af52bda407c312c3b21_3400000_7033333.wav","1241200","2026-06-18 오전 12:08:30"
"C:\Users\user\AppData\Local\CapCut Drafts\0617\Resources\audioAlg\5ac0b18c4d416af52bda407c312c3b21_3400000_7033333_human.wav","1241200","2026-06-18 오전 12:08:30"
"C:\Users\user\AppData\Local\CapCut Drafts\0617\Resources\audioAlg\5ac0b18c4d416af52bda407c312c3b21_4433333_7166667.wav","1265776","2026-06-18 오전 12:20:02"
"C:\Users\user\AppData\Local\CapCut Drafts\0617\Resources\audioAlg\5ac0b18c4d416af52bda407c312c3b21_4433333_7166667_human.wav","1265776","2026-06-18 오전 12:20:02"
"C:\Users\user\AppData\Local\CapCut Drafts\0617\Resources\audioAlg\5ac0b18c4d416af52bda407c312c3b21_5300000_12533333.wav","2216048","2026-06-18 오전 12:35:40"
"C:\Users\user\AppData\Local\CapCut Drafts\0617\Resources\audioAlg\5ac0b18c4d416af52bda407c312c3b21_5300000_12533333_human.wav","2216048","2026-06-18 오전 12:35:40"
"C:\Users\user\AppData\Local\CapCut Drafts\0617\Resources\audioAlg\5ac0b18c4d416af52bda407c312c3b21_5600000_12266666.wav","2166896","2026-06-18 오전 12:14:53"
"C:\Users\user\AppData\Local\CapCut Drafts\0617\Resources\audioAlg\5ac0b18c4d416af52bda407c312c3b21_5600000_12266666_human.wav","2166896","2026-06-18 오전 12:14:53"
"C:\Users\user\AppData\Local\CapCut Drafts\0617\Resources\audioAlg\611e2795ed1eed9c4df79e8878c9dd71_19533333_7333333.wav","1294448","2026-06-17 오후 11:49:23"
"C:\Users\user\AppData\Local\CapCut Drafts\0617\Resources\audioAlg\611e2795ed1eed9c4df79e8878c9dd71_19533333_7333333_human.wav","1294448","2026-06-17 오후 11:49:23"
"C:\Users\user\AppData\Local\CapCut Drafts\0617\Resources\audioAlg\611e2795ed1eed9c4df79e8878c9dd71_20866666_12866667.wav","2273392","2026-06-17 오후 11:53:14"
"C:\Users\user\AppData\Local\CapCut Drafts\0617\Resources\audioAlg\611e2795ed1eed9c4df79e8878c9dd71_20866666_12866667.wav_download.wav","2273324","2026-06-17 오후 11:53:14"
"C:\Users\user\AppData\Local\CapCut Drafts\0617\Resources\audioAlg\611e2795ed1eed9c4df79e8878c9dd71_20866666_12866667_human.wav","2273392","2026-06-17 오후 11:53:14"
"C:\Users\user\AppData\Local\CapCut Drafts\0617\Resources\audioAlg\65fbecbcb01670d9cccdb6ff3ad0858b_5333333_12200000.wav","2154642","2026-06-17 오후 11:50:50"
"C:\Users\user\AppData\Local\CapCut Drafts\0617\Resources\audioAlg\65fbecbcb01670d9cccdb6ff3ad0858b_5333333_12200000.wav_download.wav","2154642","2026-06-17 오후 11:50:50"
"C:\Users\user\AppData\Local\CapCut Drafts\0617\Resources\audioAlg\65fbecbcb01670d9cccdb6ff3ad0858b_5333333_12200000_background.wav","2154642","2026-06-17 오후 11:50:50"
"C:\Users\user\AppData\Local\CapCut Drafts\0617\Resources\audioAlg\799677343a77a09e39b891efe4d696db_5333333_12200000_upload.wav","2154574","2026-06-17 오후 11:50:37"
"C:\Users\user\AppData\Local\CapCut Drafts\0617\Resources\audioAlg\7debc7b6fa7d82a723fe3dcad3221218_19533333_7333333_upload.wav","1294414","2026-06-17 오후 11:49:10"
"C:\Users\user\AppData\Local\CapCut Drafts\0617\Resources\audioAlg\7debc7b6fa7d82a723fe3dcad3221218_20866666_12866667_upload.wav","2273358","2026-06-17 오후 11:53:01"
"C:\Users\user\AppData\Local\CapCut Drafts\0617\Resources\audioAlg\8d50d0950963ef496ba64a3f4db019d6_5333333_12200000.wav","2154608","2026-06-17 오후 11:50:50"
"C:\Users\user\AppData\Local\CapCut Drafts\0617\Resources\audioAlg\8d50d0950963ef496ba64a3f4db019d6_5333333_12200000.wav_download.wav","2154540","2026-06-17 오후 11:50:50"
"C:\Users\user\AppData\Local\CapCut Drafts\0617\Resources\audioAlg\8d50d0950963ef496ba64a3f4db019d6_5333333_12200000_human.wav","2154608","2026-06-17 오후 11:50:50"
"C:\Users\user\AppData\Local\CapCut Drafts\0617\Resources\audioAlg\ca85d106c35cc98a6f019a989831adc2_11233333_6930000.wav","1224850","2026-06-18 오전 12:35:52"
"C:\Users\user\AppData\Local\CapCut Drafts\0617\Resources\audioAlg\ca85d106c35cc98a6f019a989831adc2_11233333_6930000.wav_download.wav","1224850","2026-06-18 오전 12:35:52"
"C:\Users\user\AppData\Local\CapCut Drafts\0617\Resources\audioAlg\ca85d106c35cc98a6f019a989831adc2_11233333_6930000_background.wav","1224850","2026-06-18 오전 12:35:52"
"C:\Users\user\AppData\Local\CapCut Drafts\0617\Resources\audioAlg\ca85d106c35cc98a6f019a989831adc2_11566666_7480000.wav","1323154","2026-06-18 오전 12:27:39"
"C:\Users\user\AppData\Local\CapCut Drafts\0617\Resources\audioAlg\ca85d106c35cc98a6f019a989831adc2_11566666_7480000.wav_download.wav","1323154","2026-06-18 오전 12:27:39"
"C:\Users\user\AppData\Local\CapCut Drafts\0617\Resources\audioAlg\ca85d106c35cc98a6f019a989831adc2_11566666_7480000_background.wav","1323154","2026-06-18 오전 12:27:39"
"C:\Users\user\AppData\Local\CapCut Drafts\0617\Resources\audioAlg\ca85d106c35cc98a6f019a989831adc2_11866666_7666667.wav","1355922","2026-06-18 오전 12:15:26"
"C:\Users\user\AppData\Local\CapCut Drafts\0617\Resources\audioAlg\ca85d106c35cc98a6f019a989831adc2_11866666_7666667.wav_download.wav","1355922","2026-06-18 오전 12:15:26"
"C:\Users\user\AppData\Local\CapCut Drafts\0617\Resources\audioAlg\ca85d106c35cc98a6f019a989831adc2_11866666_7666667_background.wav","1355922","2026-06-18 오전 12:15:26"
"C:\Users\user\AppData\Local\CapCut Drafts\0617\Resources\audioAlg\ca85d106c35cc98a6f019a989831adc2_12433333_7370000.wav","1302674","2026-06-18 오전 12:27:51"
"C:\Users\user\AppData\Local\CapCut Drafts\0617\Resources\audioAlg\ca85d106c35cc98a6f019a989831adc2_12433333_7370000.wav_download.wav","1302674","2026-06-18 오전 12:27:51"
"C:\Users\user\AppData\Local\CapCut Drafts\0617\Resources\audioAlg\ca85d106c35cc98a6f019a989831adc2_12433333_7370000_background.wav","1302674","2026-06-18 오전 12:27:51"
"C:\Users\user\AppData\Local\CapCut Drafts\0617\Resources\audioAlg\ca85d106c35cc98a6f019a989831adc2_1366666_8033334.wav","1417362","2026-06-18 오전 12:09:48"
"C:\Users\user\AppData\Local\CapCut Drafts\0617\Resources\audioAlg\ca85d106c35cc98a6f019a989831adc2_1366666_8033334.wav_download.wav","1417362","2026-06-18 오전 12:09:48"
"C:\Users\user\AppData\Local\CapCut Drafts\0617\Resources\audioAlg\ca85d106c35cc98a6f019a989831adc2_1366666_8033334_background.wav","1417362","2026-06-18 오전 12:09:48"
"C:\Users\user\AppData\Local\CapCut Drafts\0617\Resources\audioAlg\ca85d106c35cc98a6f019a989831adc2_13700000_6900000.wav","1220754","2026-06-18 오전 12:20:39"
"C:\Users\user\AppData\Local\CapCut Drafts\0617\Resources\audioAlg\ca85d106c35cc98a6f019a989831adc2_13700000_6900000.wav_download.wav","1220754","2026-06-18 오전 12:20:39"
"C:\Users\user\AppData\Local\CapCut Drafts\0617\Resources\audioAlg\ca85d106c35cc98a6f019a989831adc2_13700000_6900000_background.wav","1220754","2026-06-18 오전 12:20:39"
"C:\Users\user\AppData\Local\CapCut Drafts\0617\Resources\audioAlg\ca85d106c35cc98a6f019a989831adc2_14600000_7133333.wav","1261714","2026-06-18 오전 12:21:24"
"C:\Users\user\AppData\Local\CapCut Drafts\0617\Resources\audioAlg\ca85d106c35cc98a6f019a989831adc2_14600000_7133333.wav_download.wav","1261714","2026-06-18 오전 12:21:24"
"C:\Users\user\AppData\Local\CapCut Drafts\0617\Resources\audioAlg\ca85d106c35cc98a6f019a989831adc2_14600000_7133333_background.wav","1261714","2026-06-18 오전 12:21:24"
"C:\Users\user\AppData\Local\CapCut Drafts\0617\Resources\audioAlg\ca85d106c35cc98a6f019a989831adc2_15433333_7443332.wav","1314962","2026-06-18 오전 12:25:56"
"C:\Users\user\AppData\Local\CapCut Drafts\0617\Resources\audioAlg\ca85d106c35cc98a6f019a989831adc2_15433333_7443332.wav_download.wav","1314962","2026-06-18 오전 12:25:56"
"C:\Users\user\AppData\Local\CapCut Drafts\0617\Resources\audioAlg\ca85d106c35cc98a6f019a989831adc2_15433333_7443332_background.wav","1314962","2026-06-18 오전 12:25:56"
"C:\Users\user\AppData\Local\CapCut Drafts\0617\Resources\audioAlg\ca85d106c35cc98a6f019a989831adc2_16266666_7810000.wav","1380498","2026-06-18 오전 12:23:55"
"C:\Users\user\AppData\Local\CapCut Drafts\0617\Resources\audioAlg\ca85d106c35cc98a6f019a989831adc2_16266666_7810000.wav_download.wav","1380498","2026-06-18 오전 12:23:55"
"C:\Users\user\AppData\Local\CapCut Drafts\0617\Resources\audioAlg\ca85d106c35cc98a6f019a989831adc2_16266666_7810000_background.wav","1380498","2026-06-18 오전 12:23:55"
"C:\Users\user\AppData\Local\CapCut Drafts\0617\Resources\audioAlg\ca85d106c35cc98a6f019a989831adc2_17466666_7553332.wav","1335442","2026-06-18 오전 12:23:20"
"C:\Users\user\AppData\Local\CapCut Drafts\0617\Resources\audioAlg\ca85d106c35cc98a6f019a989831adc2_17466666_7553332.wav_download.wav","1335442","2026-06-18 오전 12:23:20"
"C:\Users\user\AppData\Local\CapCut Drafts\0617\Resources\audioAlg\ca85d106c35cc98a6f019a989831adc2_17466666_7553332_background.wav","1335442","2026-06-18 오전 12:23:20"
"C:\Users\user\AppData\Local\CapCut Drafts\0617\Resources\audioAlg\ca85d106c35cc98a6f019a989831adc2_18433333_7810000.wav","1380498","2026-06-18 오전 12:24:18"
"C:\Users\user\AppData\Local\CapCut Drafts\0617\Resources\audioAlg\ca85d106c35cc98a6f019a989831adc2_18433333_7810000.wav_download.wav","1380498","2026-06-18 오전 12:24:18"
"C:\Users\user\AppData\Local\CapCut Drafts\0617\Resources\audioAlg\ca85d106c35cc98a6f019a989831adc2_18433333_7810000_background.wav","1380498","2026-06-18 오전 12:24:18"
"C:\Users\user\AppData\Local\CapCut Drafts\0617\Resources\audioAlg\ca85d106c35cc98a6f019a989831adc2_19633333_8470000.wav","1495186","2026-06-18 오전 12:24:41"
"C:\Users\user\AppData\Local\CapCut Drafts\0617\Resources\audioAlg\ca85d106c35cc98a6f019a989831adc2_19633333_8470000.wav_download.wav","1495186","2026-06-18 오전 12:24:41"
"C:\Users\user\AppData\Local\CapCut Drafts\0617\Resources\audioAlg\ca85d106c35cc98a6f019a989831adc2_19633333_8470000_background.wav","1495186","2026-06-18 오전 12:24:41"
"C:\Users\user\AppData\Local\CapCut Drafts\0617\Resources\audioAlg\ca85d106c35cc98a6f019a989831adc2_21500000_8066666.wav","1425554","2026-06-18 오전 12:24:30"
"C:\Users\user\AppData\Local\CapCut Drafts\0617\Resources\audioAlg\ca85d106c35cc98a6f019a989831adc2_21500000_8066666.wav_download.wav","1425554","2026-06-18 오전 12:24:30"
"C:\Users\user\AppData\Local\CapCut Drafts\0617\Resources\audioAlg\ca85d106c35cc98a6f019a989831adc2_21500000_8066666_background.wav","1425554","2026-06-18 오전 12:24:30"
"C:\Users\user\AppData\Local\CapCut Drafts\0617\Resources\audioAlg\ca85d106c35cc98a6f019a989831adc2_23266666_8533334.wav","1507474","2026-06-17 오후 11:48:59"
"C:\Users\user\AppData\Local\CapCut Drafts\0617\Resources\audioAlg\ca85d106c35cc98a6f019a989831adc2_23266666_8533334.wav_download.wav","1507474","2026-06-17 오후 11:48:59"
"C:\Users\user\AppData\Local\CapCut Drafts\0617\Resources\audioAlg\ca85d106c35cc98a6f019a989831adc2_23266666_8533334_background.wav","1507474","2026-06-17 오후 11:48:59"
"C:\Users\user\AppData\Local\CapCut Drafts\0617\Resources\audioAlg\ca85d106c35cc98a6f019a989831adc2_25500000_8213332.wav","1450130","2026-06-18 오전 12:23:31"
"C:\Users\user\AppData\Local\CapCut Drafts\0617\Resources\audioAlg\ca85d106c35cc98a6f019a989831adc2_25500000_8213332.wav_download.wav","1450130","2026-06-18 오전 12:23:31"
"C:\Users\user\AppData\Local\CapCut Drafts\0617\Resources\audioAlg\ca85d106c35cc98a6f019a989831adc2_25500000_8213332_background.wav","1450130","2026-06-18 오전 12:23:31"
"C:\Users\user\AppData\Local\CapCut Drafts\0617\Resources\audioAlg\ca85d106c35cc98a6f019a989831adc2_27100000_7626667.wav","1347730","2026-06-18 오전 12:23:43"
"C:\Users\user\AppData\Local\CapCut Drafts\0617\Resources\audioAlg\ca85d106c35cc98a6f019a989831adc2_27100000_7626667.wav_download.wav","1347730","2026-06-18 오전 12:23:43"
"C:\Users\user\AppData\Local\CapCut Drafts\0617\Resources\audioAlg\ca85d106c35cc98a6f019a989831adc2_27100000_7626667_background.wav","1347730","2026-06-18 오전 12:23:43"
"C:\Users\user\AppData\Local\CapCut Drafts\0617\Resources\audioAlg\ca85d106c35cc98a6f019a989831adc2_28133333_7553332.wav","1335442","2026-06-18 오전 12:24:06"
"C:\Users\user\AppData\Local\CapCut Drafts\0617\Resources\audioAlg\ca85d106c35cc98a6f019a989831adc2_28133333_7553332.wav_download.wav","1335442","2026-06-18 오전 12:24:06"
"C:\Users\user\AppData\Local\CapCut Drafts\0617\Resources\audioAlg\ca85d106c35cc98a6f019a989831adc2_28133333_7553332_background.wav","1335442","2026-06-18 오전 12:24:06"
"C:\Users\user\AppData\Local\CapCut Drafts\0617\Resources\audioAlg\ca85d106c35cc98a6f019a989831adc2_3400000_7033333.wav","1241234","2026-06-18 오전 12:08:31"
"C:\Users\user\AppData\Local\CapCut Drafts\0617\Resources\audioAlg\ca85d106c35cc98a6f019a989831adc2_3400000_7033333.wav_download.wav","1241234","2026-06-18 오전 12:08:31"
"C:\Users\user\AppData\Local\CapCut Drafts\0617\Resources\audioAlg\ca85d106c35cc98a6f019a989831adc2_3400000_7033333_background.wav","1241234","2026-06-18 오전 12:08:31"
"C:\Users\user\AppData\Local\CapCut Drafts\0617\Resources\audioAlg\ca85d106c35cc98a6f019a989831adc2_4433333_7166667.wav","1265810","2026-06-18 오전 12:20:02"
"C:\Users\user\AppData\Local\CapCut Drafts\0617\Resources\audioAlg\ca85d106c35cc98a6f019a989831adc2_4433333_7166667.wav_download.wav","1265810","2026-06-18 오전 12:20:02"
"C:\Users\user\AppData\Local\CapCut Drafts\0617\Resources\audioAlg\ca85d106c35cc98a6f019a989831adc2_4433333_7166667_background.wav","1265810","2026-06-18 오전 12:20:02"
"C:\Users\user\AppData\Local\CapCut Drafts\0617\Resources\audioAlg\ca85d106c35cc98a6f019a989831adc2_5300000_12540000.wav","2216082","2026-06-18 오전 12:35:41"
"C:\Users\user\AppData\Local\CapCut Drafts\0617\Resources\audioAlg\ca85d106c35cc98a6f019a989831adc2_5300000_12540000.wav_download.wav","2216082","2026-06-18 오전 12:35:41"
"C:\Users\user\AppData\Local\CapCut Drafts\0617\Resources\audioAlg\ca85d106c35cc98a6f019a989831adc2_5300000_12540000_background.wav","2216082","2026-06-18 오전 12:35:41"
"C:\Users\user\AppData\Local\CapCut Drafts\0617\Resources\audioAlg\ca85d106c35cc98a6f019a989831adc2_5600000_12266666.wav","2166930","2026-06-18 오전 12:14:53"
"C:\Users\user\AppData\Local\CapCut Drafts\0617\Resources\audioAlg\ca85d106c35cc98a6f019a989831adc2_5600000_12266666.wav_download.wav","2166930","2026-06-18 오전 12:14:53"
"C:\Users\user\AppData\Local\CapCut Drafts\0617\Resources\audioAlg\ca85d106c35cc98a6f019a989831adc2_5600000_12266666_background.wav","2166930","2026-06-18 오전 12:14:53"
"C:\Users\user\AppData\Local\CapCut Drafts\0617\Resources\audioAlg\d4d0a0d8c860d695a695a9d7db3bc0f3_11233333_6930000_upload.wav","1224782","2026-06-18 오전 12:35:41"
"C:\Users\user\AppData\Local\CapCut Drafts\0617\Resources\audioAlg\d4d0a0d8c860d695a695a9d7db3bc0f3_11566666_7480000_upload.wav","1323086","2026-06-18 오전 12:27:28"
"C:\Users\user\AppData\Local\CapCut Drafts\0617\Resources\audioAlg\d4d0a0d8c860d695a695a9d7db3bc0f3_11866666_7666667_upload.wav","1355854","2026-06-18 오전 12:15:13"
"C:\Users\user\AppData\Local\CapCut Drafts\0617\Resources\audioAlg\d4d0a0d8c860d695a695a9d7db3bc0f3_12433333_7370000_upload.wav","1302606","2026-06-18 오전 12:27:40"
"C:\Users\user\AppData\Local\CapCut Drafts\0617\Resources\audioAlg\d4d0a0d8c860d695a695a9d7db3bc0f3_1366666_8033334_upload.wav","1417294","2026-06-18 오전 12:09:35"
"C:\Users\user\AppData\Local\CapCut Drafts\0617\Resources\audioAlg\d4d0a0d8c860d695a695a9d7db3bc0f3_13700000_6900000_upload.wav","1220686","2026-06-18 오전 12:20:28"
"C:\Users\user\AppData\Local\CapCut Drafts\0617\Resources\audioAlg\d4d0a0d8c860d695a695a9d7db3bc0f3_14600000_7133333_upload.wav","1261646","2026-06-18 오전 12:21:11"
"C:\Users\user\AppData\Local\CapCut Drafts\0617\Resources\audioAlg\d4d0a0d8c860d695a695a9d7db3bc0f3_15433333_7443332_upload.wav","1314894","2026-06-18 오전 12:25:43"
"C:\Users\user\AppData\Local\CapCut Drafts\0617\Resources\audioAlg\d4d0a0d8c860d695a695a9d7db3bc0f3_16266666_7810000_upload.wav","1380430","2026-06-18 오전 12:23:43"
"C:\Users\user\AppData\Local\CapCut Drafts\0617\Resources\audioAlg\d4d0a0d8c860d695a695a9d7db3bc0f3_17466666_7553332_upload.wav","1335374","2026-06-18 오전 12:23:07"
"C:\Users\user\AppData\Local\CapCut Drafts\0617\Resources\audioAlg\d4d0a0d8c860d695a695a9d7db3bc0f3_18433333_7810000_upload.wav","1380430","2026-06-18 오전 12:24:06"
"C:\Users\user\AppData\Local\CapCut Drafts\0617\Resources\audioAlg\d4d0a0d8c860d695a695a9d7db3bc0f3_19633333_8470000_upload.wav","1495118","2026-06-18 오전 12:24:30"
"C:\Users\user\AppData\Local\CapCut Drafts\0617\Resources\audioAlg\d4d0a0d8c860d695a695a9d7db3bc0f3_21500000_8066666_upload.wav","1425486","2026-06-18 오전 12:24:18"
"C:\Users\user\AppData\Local\CapCut Drafts\0617\Resources\audioAlg\d4d0a0d8c860d695a695a9d7db3bc0f3_23266666_8533334_upload.wav","1507406","2026-06-17 오후 11:48:45"
"C:\Users\user\AppData\Local\CapCut Drafts\0617\Resources\audioAlg\d4d0a0d8c860d695a695a9d7db3bc0f3_25500000_8213332_upload.wav","1450062","2026-06-18 오전 12:23:20"
"C:\Users\user\AppData\Local\CapCut Drafts\0617\Resources\audioAlg\d4d0a0d8c860d695a695a9d7db3bc0f3_27100000_7626667_upload.wav","1347662","2026-06-18 오전 12:23:32"
"C:\Users\user\AppData\Local\CapCut Drafts\0617\Resources\audioAlg\d4d0a0d8c860d695a695a9d7db3bc0f3_28133333_7553332_upload.wav","1335374","2026-06-18 오전 12:23:55"
"C:\Users\user\AppData\Local\CapCut Drafts\0617\Resources\audioAlg\d4d0a0d8c860d695a695a9d7db3bc0f3_3400000_7033333_upload.wav","1241166","2026-06-18 오전 12:08:17"
"C:\Users\user\AppData\Local\CapCut Drafts\0617\Resources\audioAlg\d4d0a0d8c860d695a695a9d7db3bc0f3_4433333_7166667_upload.wav","1265742","2026-06-18 오전 12:19:50"
"C:\Users\user\AppData\Local\CapCut Drafts\0617\Resources\audioAlg\d4d0a0d8c860d695a695a9d7db3bc0f3_5300000_12540000_upload.wav","2216014","2026-06-18 오전 12:35:28"
"C:\Users\user\AppData\Local\CapCut Drafts\0617\Resources\audioAlg\d4d0a0d8c860d695a695a9d7db3bc0f3_5600000_12266666_upload.wav","2166862","2026-06-18 오전 12:14:40"
"C:\Users\user\AppData\Local\CapCut Drafts\0617\Resources\audioAlg\e3c7fbb6781d9341e749de89fbbaf269_19533333_7333333.wav","1294482","2026-06-17 오후 11:49:24"
"C:\Users\user\AppData\Local\CapCut Drafts\0617\Resources\audioAlg\e3c7fbb6781d9341e749de89fbbaf269_19533333_7333333.wav_download.wav","1294482","2026-06-17 오후 11:49:24"
"C:\Users\user\AppData\Local\CapCut Drafts\0617\Resources\audioAlg\e3c7fbb6781d9341e749de89fbbaf269_19533333_7333333_background.wav","1294482","2026-06-17 오후 11:49:24"
"C:\Users\user\AppData\Local\CapCut Drafts\0617\Resources\audioAlg\e3c7fbb6781d9341e749de89fbbaf269_20866666_12866667.wav","2273426","2026-06-17 오후 11:53:14"
"C:\Users\user\AppData\Local\CapCut Drafts\0617\Resources\audioAlg\e3c7fbb6781d9341e749de89fbbaf269_20866666_12866667.wav_download.wav","2273426","2026-06-17 오후 11:53:14"
"C:\Users\user\AppData\Local\CapCut Drafts\0617\Resources\audioAlg\e3c7fbb6781d9341e749de89fbbaf269_20866666_12866667_background.wav","2273426","2026-06-17 오후 11:53:14"
"C:\Users\user\AppData\Local\CapCut Drafts\0617\Resources\digitalHuman\audio",,"2026-06-17 오전 2:51:22"
"C:\Users\user\AppData\Local\CapCut Drafts\0617\Resources\digitalHuman\bsinfo",,"2026-06-17 오전 2:51:22"
"C:\Users\user\AppData\Local\CapCut Drafts\0617\Resources\digitalHuman\video",,"2026-06-17 오전 2:51:22"
"C:\Users\user\AppData\Local\CapCut Drafts\0617\Timelines\F91A3623-4838-4c28-BE14-F7B07D76F81A",,"2026-06-18 오전 1:42:14"
"C:\Users\user\AppData\Local\CapCut Drafts\0617\Timelines\project.json","437","2026-06-17 오후 11:41:53"
"C:\Users\user\AppData\Local\CapCut Drafts\0617\Timelines\project.json.bak","437","2026-06-17 오후 11:41:53"
"C:\Users\user\AppData\Local\CapCut Drafts\0617\Timelines\F91A3623-4838-4c28-BE14-F7B07D76F81A\attachment",,"2026-06-17 오전 12:17:55"
"C:\Users\user\AppData\Local\CapCut Drafts\0617\Timelines\F91A3623-4838-4c28-BE14-F7B07D76F81A\common_attachment",,"2026-06-18 오전 1:42:14"
"C:\Users\user\AppData\Local\CapCut Drafts\0617\Timelines\F91A3623-4838-4c28-BE14-F7B07D76F81A\attachment_editing.json","1795","2026-06-18 오전 1:42:14"
"C:\Users\user\AppData\Local\CapCut Drafts\0617\Timelines\F91A3623-4838-4c28-BE14-F7B07D76F81A\attachment_pc_common.json","698","2026-06-18 오전 1:42:03"
"C:\Users\user\AppData\Local\CapCut Drafts\0617\Timelines\F91A3623-4838-4c28-BE14-F7B07D76F81A\draft.extra","24468","2026-06-18 오전 1:31:16"
"C:\Users\user\AppData\Local\CapCut Drafts\0617\Timelines\F91A3623-4838-4c28-BE14-F7B07D76F81A\draft_content.json","430722","2026-06-18 오전 1:42:04"
"C:\Users\user\AppData\Local\CapCut Drafts\0617\Timelines\F91A3623-4838-4c28-BE14-F7B07D76F81A\draft_content.json.bak","430678","2026-06-18 오전 1:33:13"
"C:\Users\user\AppData\Local\CapCut Drafts\0617\Timelines\F91A3623-4838-4c28-BE14-F7B07D76F81A\draft_cover.jpg","119690","2026-06-18 오전 1:42:04"
"C:\Users\user\AppData\Local\CapCut Drafts\0617\Timelines\F91A3623-4838-4c28-BE14-F7B07D76F81A\template-2.tmp","430722","2026-06-18 오전 1:42:04"
"C:\Users\user\AppData\Local\CapCut Drafts\0617\Timelines\F91A3623-4838-4c28-BE14-F7B07D76F81A\template.tmp","3892","2026-06-17 오후 11:41:00"
"C:\Users\user\AppData\Local\CapCut Drafts\0617\Timelines\F91A3623-4838-4c28-BE14-F7B07D76F81A\attachment\patch",,"2026-06-18 오전 1:33:14"
"C:\Users\user\AppData\Local\CapCut Drafts\0617\Timelines\F91A3623-4838-4c28-BE14-F7B07D76F81A\attachment\patch\mini_draft.json","438944","2026-06-18 오전 1:33:13"
"C:\Users\user\AppData\Local\CapCut Drafts\0617\Timelines\F91A3623-4838-4c28-BE14-F7B07D76F81A\attachment\patch\patch.json","19","2026-06-18 오전 1:33:14"
"C:\Users\user\AppData\Local\CapCut Drafts\0617\Timelines\F91A3623-4838-4c28-BE14-F7B07D76F81A\common_attachment\attachment_action_scene.json","19716","2026-06-18 오전 1:42:14"
"C:\Users\user\AppData\Local\CapCut Drafts\0617\Timelines\F91A3623-4838-4c28-BE14-F7B07D76F81A\common_attachment\attachment_gen_ai_info.json","418","2026-06-18 오전 1:42:14"
"C:\Users\user\AppData\Local\CapCut Drafts\0617\Timelines\F91A3623-4838-4c28-BE14-F7B07D76F81A\common_attachment\attachment_pc_timeline.json","126","2026-06-18 오전 1:42:03"
"C:\Users\user\AppData\Local\CapCut Drafts\0617\Timelines\F91A3623-4838-4c28-BE14-F7B07D76F81A\common_attachment\attachment_plugin_draft.json","59","2026-06-18 오전 1:42:14"
"C:\Users\user\AppData\Local\CapCut Drafts\0617\Timelines\F91A3623-4838-4c28-BE14-F7B07D76F81A\common_attachment\attachment_script_video.json","201","2026-06-18 오전 1:42:14"
"C:\Users\user\AppData\Local\CapCut Drafts\0618\adjust_mask",,"2026-06-18 오전 1:42:12"
"C:\Users\user\AppData\Local\CapCut Drafts\0618\common_attachment",,"2026-06-18 오전 2:58:47"
"C:\Users\user\AppData\Local\CapCut Drafts\0618\matting",,"2026-06-18 오전 1:42:12"
"C:\Users\user\AppData\Local\CapCut Drafts\0618\qr_upload",,"2026-06-18 오전 1:42:13"
"C:\Users\user\AppData\Local\CapCut Drafts\0618\Resources",,"2026-06-18 오전 1:42:14"
"C:\Users\user\AppData\Local\CapCut Drafts\0618\smart_crop",,"2026-06-18 오전 1:42:12"
"C:\Users\user\AppData\Local\CapCut Drafts\0618\subdraft",,"2026-06-18 오전 1:42:13"
"C:\Users\user\AppData\Local\CapCut Drafts\0618\Timelines",,"2026-06-18 오전 1:42:12"
"C:\Users\user\AppData\Local\CapCut Drafts\0618\attachment_pc_common.json","698","2026-06-18 오전 2:58:46"
"C:\Users\user\AppData\Local\CapCut Drafts\0618\crypto_key_store.dat","519","2026-06-18 오전 2:15:19"
"C:\Users\user\AppData\Local\CapCut Drafts\0618\crypto_key_store.dat.bak","519","2026-06-18 오전 2:15:19"
"C:\Users\user\AppData\Local\CapCut Drafts\0618\draft_agency_config.json","154","2026-06-18 오전 1:42:11"
"C:\Users\user\AppData\Local\CapCut Drafts\0618\draft_biz_config.json","0","2026-06-18 오전 1:42:11"
"C:\Users\user\AppData\Local\CapCut Drafts\0618\draft_content.json","91516","2026-06-18 오전 2:58:47"
"C:\Users\user\AppData\Local\CapCut Drafts\0618\draft_content.json.bak","91516","2026-06-18 오전 2:47:05"
"C:\Users\user\AppData\Local\CapCut Drafts\0618\draft_cover.jpg","123082","2026-06-18 오전 2:58:47"
"C:\Users\user\AppData\Local\CapCut Drafts\0618\draft_meta_info.json","4528","2026-06-18 오전 2:58:52"
"C:\Users\user\AppData\Local\CapCut Drafts\0618\draft_settings","145","2026-06-18 오전 2:58:46"
"C:\Users\user\AppData\Local\CapCut Drafts\0618\draft_virtual_store.json","666","2026-06-18 오전 2:15:42"
"C:\Users\user\AppData\Local\CapCut Drafts\0618\key_value.json","12333","2026-06-18 오전 2:58:49"
"C:\Users\user\AppData\Local\CapCut Drafts\0618\performance_opt_info.json","71","2026-06-18 오전 2:58:49"
"C:\Users\user\AppData\Local\CapCut Drafts\0618\template-2.tmp","91516","2026-06-18 오전 2:58:47"
"C:\Users\user\AppData\Local\CapCut Drafts\0618\timeline_layout.json","154","2026-06-18 오전 1:42:13"
"C:\Users\user\AppData\Local\CapCut Drafts\0618\common_attachment\attachment_pc_timeline.json","181","2026-06-18 오전 2:58:46"
"C:\Users\user\AppData\Local\CapCut Drafts\0618\Resources\audioAlg",,"2026-06-18 오전 2:15:19"
"C:\Users\user\AppData\Local\CapCut Drafts\0618\Resources\digitalHuman",,"2026-06-18 오전 1:42:14"
"C:\Users\user\AppData\Local\CapCut Drafts\0618\Resources\videoAlg",,"2026-06-18 오전 1:42:11"
"C:\Users\user\AppData\Local\CapCut Drafts\0618\Resources\audioAlg\108f0dfc135d0cd46fe69a56253f7252_23266666_7333334.wav","1294482","2026-06-18 오전 2:15:19"
"C:\Users\user\AppData\Local\CapCut Drafts\0618\Resources\audioAlg\108f0dfc135d0cd46fe69a56253f7252_23266666_7333334.wav_download.wav","1294482","2026-06-18 오전 2:15:19"
"C:\Users\user\AppData\Local\CapCut Drafts\0618\Resources\audioAlg\108f0dfc135d0cd46fe69a56253f7252_23266666_7333334_background.wav","1294482","2026-06-18 오전 2:15:19"
"C:\Users\user\AppData\Local\CapCut Drafts\0618\Resources\audioAlg\2c259f011bb090ef742b80e9a434c933_23266666_7333334_upload.wav","1294414","2026-06-18 오전 2:15:06"
"C:\Users\user\AppData\Local\CapCut Drafts\0618\Resources\audioAlg\2c259f011bb090ef742b80e9a434c933_24600000_7133333_upload.wav","1261646","2026-06-18 오전 2:07:43"
"C:\Users\user\AppData\Local\CapCut Drafts\0618\Resources\audioAlg\5ac0b18c4d416af52bda407c312c3b21_28133333_7666667.wav","1355888","2026-06-18 오전 2:07:11"
"C:\Users\user\AppData\Local\CapCut Drafts\0618\Resources\audioAlg\5ac0b18c4d416af52bda407c312c3b21_28133333_7666667.wav_download.wav","1355820","2026-06-18 오전 2:07:11"
"C:\Users\user\AppData\Local\CapCut Drafts\0618\Resources\audioAlg\5ac0b18c4d416af52bda407c312c3b21_28133333_7666667_human.wav","1355888","2026-06-18 오전 2:07:11"
"C:\Users\user\AppData\Local\CapCut Drafts\0618\Resources\audioAlg\ad1b7a57d520188adfc623d8b3b97e96_23266666_7333334.wav","1294448","2026-06-18 오전 2:15:19"
"C:\Users\user\AppData\Local\CapCut Drafts\0618\Resources\audioAlg\ad1b7a57d520188adfc623d8b3b97e96_23266666_7333334.wav_download.wav","1294380","2026-06-18 오전 2:15:19"
"C:\Users\user\AppData\Local\CapCut Drafts\0618\Resources\audioAlg\ad1b7a57d520188adfc623d8b3b97e96_23266666_7333334_human.wav","1294448","2026-06-18 오전 2:15:19"
"C:\Users\user\AppData\Local\CapCut Drafts\0618\Resources\audioAlg\ad1b7a57d520188adfc623d8b3b97e96_24600000_7133333.wav","1261680","2026-06-18 오전 2:07:54"
"C:\Users\user\AppData\Local\CapCut Drafts\0618\Resources\audioAlg\ad1b7a57d520188adfc623d8b3b97e96_24600000_7133333_human.wav","1261680","2026-06-18 오전 2:07:54"
"C:\Users\user\AppData\Local\CapCut Drafts\0618\Resources\audioAlg\ca85d106c35cc98a6f019a989831adc2_28133333_7666667.wav","1355922","2026-06-18 오전 2:07:11"
"C:\Users\user\AppData\Local\CapCut Drafts\0618\Resources\audioAlg\ca85d106c35cc98a6f019a989831adc2_28133333_7666667.wav_download.wav","1355922","2026-06-18 오전 2:07:11"
"C:\Users\user\AppData\Local\CapCut Drafts\0618\Resources\audioAlg\ca85d106c35cc98a6f019a989831adc2_28133333_7666667_background.wav","1355922","2026-06-18 오전 2:07:11"
"C:\Users\user\AppData\Local\CapCut Drafts\0618\Resources\audioAlg\d4d0a0d8c860d695a695a9d7db3bc0f3_28133333_7666667_upload.wav","1355854","2026-06-18 오전 2:07:00"
"C:\Users\user\AppData\Local\CapCut Drafts\0618\Resources\digitalHuman\audio",,"2026-06-18 오전 1:42:14"
"C:\Users\user\AppData\Local\CapCut Drafts\0618\Resources\digitalHuman\bsinfo",,"2026-06-18 오전 1:42:14"
"C:\Users\user\AppData\Local\CapCut Drafts\0618\Resources\digitalHuman\video",,"2026-06-18 오전 1:42:14"
"C:\Users\user\AppData\Local\CapCut Drafts\0618\Timelines\63978D1B-2C59-4345-8D12-F853E1A41DE2",,"2026-06-18 오전 2:58:51"
"C:\Users\user\AppData\Local\CapCut Drafts\0618\Timelines\project.json","437","2026-06-18 오전 1:42:30"
"C:\Users\user\AppData\Local\CapCut Drafts\0618\Timelines\project.json.bak","437","2026-06-18 오전 1:42:30"
"C:\Users\user\AppData\Local\CapCut Drafts\0618\Timelines\63978D1B-2C59-4345-8D12-F853E1A41DE2\attachment",,"2026-06-18 오전 1:42:13"
"C:\Users\user\AppData\Local\CapCut Drafts\0618\Timelines\63978D1B-2C59-4345-8D12-F853E1A41DE2\common_attachment",,"2026-06-18 오전 2:58:51"
"C:\Users\user\AppData\Local\CapCut Drafts\0618\Timelines\63978D1B-2C59-4345-8D12-F853E1A41DE2\attachment_editing.json","1797","2026-06-18 오전 2:58:51"
"C:\Users\user\AppData\Local\CapCut Drafts\0618\Timelines\63978D1B-2C59-4345-8D12-F853E1A41DE2\attachment_pc_common.json","698","2026-06-18 오전 2:58:46"
"C:\Users\user\AppData\Local\CapCut Drafts\0618\Timelines\63978D1B-2C59-4345-8D12-F853E1A41DE2\draft.extra","4120","2026-06-18 오전 2:43:34"
"C:\Users\user\AppData\Local\CapCut Drafts\0618\Timelines\63978D1B-2C59-4345-8D12-F853E1A41DE2\draft_content.json","91516","2026-06-18 오전 2:58:47"
"C:\Users\user\AppData\Local\CapCut Drafts\0618\Timelines\63978D1B-2C59-4345-8D12-F853E1A41DE2\draft_content.json.bak","91516","2026-06-18 오전 2:47:05"
"C:\Users\user\AppData\Local\CapCut Drafts\0618\Timelines\63978D1B-2C59-4345-8D12-F853E1A41DE2\draft_cover.jpg","123082","2026-06-18 오전 2:58:47"
"C:\Users\user\AppData\Local\CapCut Drafts\0618\Timelines\63978D1B-2C59-4345-8D12-F853E1A41DE2\template-2.tmp","91516","2026-06-18 오전 2:58:47"
"C:\Users\user\AppData\Local\CapCut Drafts\0618\Timelines\63978D1B-2C59-4345-8D12-F853E1A41DE2\template.tmp","3892","2026-06-18 오전 1:42:12"
"C:\Users\user\AppData\Local\CapCut Drafts\0618\Timelines\63978D1B-2C59-4345-8D12-F853E1A41DE2\attachment\patch",,"2026-06-18 오전 2:47:06"
"C:\Users\user\AppData\Local\CapCut Drafts\0618\Timelines\63978D1B-2C59-4345-8D12-F853E1A41DE2\attachment\patch\mini_draft.json","107004","2026-06-18 오전 2:47:05"
"C:\Users\user\AppData\Local\CapCut Drafts\0618\Timelines\63978D1B-2C59-4345-8D12-F853E1A41DE2\attachment\patch\patch.json","19","2026-06-18 오전 2:47:06"
"C:\Users\user\AppData\Local\CapCut Drafts\0618\Timelines\63978D1B-2C59-4345-8D12-F853E1A41DE2\common_attachment\attachment_action_scene.json","61","2026-06-18 오전 2:58:51"
"C:\Users\user\AppData\Local\CapCut Drafts\0618\Timelines\63978D1B-2C59-4345-8D12-F853E1A41DE2\common_attachment\attachment_gen_ai_info.json","418","2026-06-18 오전 2:58:51"
"C:\Users\user\AppData\Local\CapCut Drafts\0618\Timelines\63978D1B-2C59-4345-8D12-F853E1A41DE2\common_attachment\attachment_pc_timeline.json","181","2026-06-18 오전 2:58:46"
"C:\Users\user\AppData\Local\CapCut Drafts\0618\Timelines\63978D1B-2C59-4345-8D12-F853E1A41DE2\common_attachment\attachment_plugin_draft.json","59","2026-06-18 오전 2:58:51"
"C:\Users\user\AppData\Local\CapCut Drafts\0618\Timelines\63978D1B-2C59-4345-8D12-F853E1A41DE2\common_attachment\attachment_script_video.json","201","2026-06-18 오전 2:58:51"
"C:\Users\user\AppData\Local\CapCut Drafts\0620\adjust_mask",,"2026-06-20 오후 8:44:58"
"C:\Users\user\AppData\Local\CapCut Drafts\0620\common_attachment",,"2026-06-21 오전 4:07:49"
"C:\Users\user\AppData\Local\CapCut Drafts\0620\matting",,"2026-06-20 오후 8:44:58"
"C:\Users\user\AppData\Local\CapCut Drafts\0620\qr_upload",,"2026-06-20 오후 8:45:01"
"C:\Users\user\AppData\Local\CapCut Drafts\0620\Resources",,"2026-06-21 오전 4:08:00"
"C:\Users\user\AppData\Local\CapCut Drafts\0620\smart_crop",,"2026-06-20 오후 8:44:58"
"C:\Users\user\AppData\Local\CapCut Drafts\0620\subdraft",,"2026-06-20 오후 8:45:01"
"C:\Users\user\AppData\Local\CapCut Drafts\0620\Timelines",,"2026-06-20 오후 8:45:00"
"C:\Users\user\AppData\Local\CapCut Drafts\0620\attachment_editing.json","1795","2026-06-20 오후 9:03:38"
"C:\Users\user\AppData\Local\CapCut Drafts\0620\attachment_pc_common.json","698","2026-06-21 오전 4:07:48"
"C:\Users\user\AppData\Local\CapCut Drafts\0620\draft_agency_config.json","1988","2026-06-21 오전 4:07:22"
"C:\Users\user\AppData\Local\CapCut Drafts\0620\draft_biz_config.json","134","2026-06-21 오전 12:57:42"
"C:\Users\user\AppData\Local\CapCut Drafts\0620\draft_content.json","17312","2026-06-21 오전 4:07:49"
"C:\Users\user\AppData\Local\CapCut Drafts\0620\draft_content.json.bak","17312","2026-06-21 오전 4:07:22"
"C:\Users\user\AppData\Local\CapCut Drafts\0620\draft_cover.jpg","56787","2026-06-21 오전 4:07:49"
"C:\Users\user\AppData\Local\CapCut Drafts\0620\draft_meta_info.json","2126","2026-06-21 오전 4:08:00"
"C:\Users\user\AppData\Local\CapCut Drafts\0620\draft_settings","146","2026-06-21 오전 4:07:48"
"C:\Users\user\AppData\Local\CapCut Drafts\0620\draft_virtual_store.json","331","2026-06-21 오전 4:07:22"
"C:\Users\user\AppData\Local\CapCut Drafts\0620\key_value.json","41958","2026-06-21 오전 4:07:53"
"C:\Users\user\AppData\Local\CapCut Drafts\0620\performance_opt_info.json","71","2026-06-21 오전 4:07:53"
"C:\Users\user\AppData\Local\CapCut Drafts\0620\template-2.tmp","17312","2026-06-21 오전 4:07:49"
"C:\Users\user\AppData\Local\CapCut Drafts\0620\timeline_layout.json","154","2026-06-20 오후 8:45:01"
"C:\Users\user\AppData\Local\CapCut Drafts\0620\common_attachment\attachment_pc_timeline.json","140","2026-06-21 오전 4:07:48"
"C:\Users\user\AppData\Local\CapCut Drafts\0620\Resources\audioAlg",,"2026-06-20 오후 8:44:58"
"C:\Users\user\AppData\Local\CapCut Drafts\0620\Resources\combination",,"2026-06-20 오후 11:56:40"
"C:\Users\user\AppData\Local\CapCut Drafts\0620\Resources\digitalHuman",,"2026-06-21 오전 4:08:00"
"C:\Users\user\AppData\Local\CapCut Drafts\0620\Resources\videoAlg",,"2026-06-20 오후 8:44:58"
"C:\Users\user\AppData\Local\CapCut Drafts\0620\Resources\digitalHuman\audio",,"2026-06-21 오전 4:08:00"
"C:\Users\user\AppData\Local\CapCut Drafts\0620\Resources\digitalHuman\bsinfo",,"2026-06-21 오전 4:08:00"
"C:\Users\user\AppData\Local\CapCut Drafts\0620\Resources\digitalHuman\video",,"2026-06-21 오전 4:08:00"
"C:\Users\user\AppData\Local\CapCut Drafts\0620\Timelines\4450A1B7-E244-4d6d-AC60-B0236D3CB78A",,"2026-06-21 오전 4:08:00"
"C:\Users\user\AppData\Local\CapCut Drafts\0620\Timelines\project.json","437","2026-06-20 오후 8:46:08"
"C:\Users\user\AppData\Local\CapCut Drafts\0620\Timelines\project.json.bak","437","2026-06-20 오후 8:46:08"
"C:\Users\user\AppData\Local\CapCut Drafts\0620\Timelines\4450A1B7-E244-4d6d-AC60-B0236D3CB78A\attachment",,"2026-06-20 오후 8:45:01"
"C:\Users\user\AppData\Local\CapCut Drafts\0620\Timelines\4450A1B7-E244-4d6d-AC60-B0236D3CB78A\common_attachment",,"2026-06-21 오전 4:08:00"
"C:\Users\user\AppData\Local\CapCut Drafts\0620\Timelines\4450A1B7-E244-4d6d-AC60-B0236D3CB78A\attachment_editing.json","1795","2026-06-21 오전 4:08:00"
"C:\Users\user\AppData\Local\CapCut Drafts\0620\Timelines\4450A1B7-E244-4d6d-AC60-B0236D3CB78A\attachment_pc_common.json","698","2026-06-21 오전 4:07:48"
"C:\Users\user\AppData\Local\CapCut Drafts\0620\Timelines\4450A1B7-E244-4d6d-AC60-B0236D3CB78A\draft.extra","26","2026-06-21 오전 4:04:42"
"C:\Users\user\AppData\Local\CapCut Drafts\0620\Timelines\4450A1B7-E244-4d6d-AC60-B0236D3CB78A\draft_content.json","17312","2026-06-21 오전 4:07:49"
"C:\Users\user\AppData\Local\CapCut Drafts\0620\Timelines\4450A1B7-E244-4d6d-AC60-B0236D3CB78A\draft_content.json.bak","17312","2026-06-21 오전 4:07:22"
"C:\Users\user\AppData\Local\CapCut Drafts\0620\Timelines\4450A1B7-E244-4d6d-AC60-B0236D3CB78A\draft_cover.jpg","56787","2026-06-21 오전 4:07:49"
"C:\Users\user\AppData\Local\CapCut Drafts\0620\Timelines\4450A1B7-E244-4d6d-AC60-B0236D3CB78A\template-2.tmp","17312","2026-06-21 오전 4:07:49"
"C:\Users\user\AppData\Local\CapCut Drafts\0620\Timelines\4450A1B7-E244-4d6d-AC60-B0236D3CB78A\template.tmp","3892","2026-06-20 오후 8:45:00"
"C:\Users\user\AppData\Local\CapCut Drafts\0620\Timelines\4450A1B7-E244-4d6d-AC60-B0236D3CB78A\attachment\patch",,"2026-06-21 오전 4:07:23"
"C:\Users\user\AppData\Local\CapCut Drafts\0620\Timelines\4450A1B7-E244-4d6d-AC60-B0236D3CB78A\attachment\patch\mini_draft.json","652","2026-06-21 오전 4:07:22"
"C:\Users\user\AppData\Local\CapCut Drafts\0620\Timelines\4450A1B7-E244-4d6d-AC60-B0236D3CB78A\attachment\patch\patch.json","19","2026-06-21 오전 4:07:23"
"C:\Users\user\AppData\Local\CapCut Drafts\0620\Timelines\4450A1B7-E244-4d6d-AC60-B0236D3CB78A\common_attachment\attachment_action_scene.json","16920","2026-06-21 오전 4:08:00"
"C:\Users\user\AppData\Local\CapCut Drafts\0620\Timelines\4450A1B7-E244-4d6d-AC60-B0236D3CB78A\common_attachment\attachment_gen_ai_info.json","418","2026-06-21 오전 4:08:00"
"C:\Users\user\AppData\Local\CapCut Drafts\0620\Timelines\4450A1B7-E244-4d6d-AC60-B0236D3CB78A\common_attachment\attachment_pc_timeline.json","140","2026-06-21 오전 4:07:48"
"C:\Users\user\AppData\Local\CapCut Drafts\0620\Timelines\4450A1B7-E244-4d6d-AC60-B0236D3CB78A\common_attachment\attachment_plugin_draft.json","59","2026-06-21 오전 4:08:00"
"C:\Users\user\AppData\Local\CapCut Drafts\0620\Timelines\4450A1B7-E244-4d6d-AC60-B0236D3CB78A\common_attachment\attachment_script_video.json","201","2026-06-21 오전 4:08:00"
"C:\Users\user\AppData\Local\CapCut Drafts\0621\adjust_mask",,"2026-06-21 오후 8:04:05"
"C:\Users\user\AppData\Local\CapCut Drafts\0621\common_attachment",,"2026-06-21 오후 8:04:06"
"C:\Users\user\AppData\Local\CapCut Drafts\0621\matting",,"2026-06-21 오후 8:04:05"
"C:\Users\user\AppData\Local\CapCut Drafts\0621\qr_upload",,"2026-06-21 오후 8:04:07"
"C:\Users\user\AppData\Local\CapCut Drafts\0621\Resources",,"2026-06-21 오후 8:04:05"
"C:\Users\user\AppData\Local\CapCut Drafts\0621\smart_crop",,"2026-06-21 오후 8:04:05"
"C:\Users\user\AppData\Local\CapCut Drafts\0621\subdraft",,"2026-06-21 오후 8:04:07"
"C:\Users\user\AppData\Local\CapCut Drafts\0621\Timelines",,"2026-06-21 오후 8:04:06"
"C:\Users\user\AppData\Local\CapCut Drafts\0621\.locked","0","2026-06-21 오후 8:04:05"
"C:\Users\user\AppData\Local\CapCut Drafts\0621\draft_agency_config.json","154","2026-06-21 오후 8:04:05"
"C:\Users\user\AppData\Local\CapCut Drafts\0621\draft_biz_config.json","0","2026-06-21 오후 8:04:05"
"C:\Users\user\AppData\Local\CapCut Drafts\0621\draft_content.json","4214","2026-06-21 오후 8:04:06"
"C:\Users\user\AppData\Local\CapCut Drafts\0621\draft_meta_info.json","1698","2026-06-21 오후 8:04:06"
"C:\Users\user\AppData\Local\CapCut Drafts\0621\draft_settings","113","2026-06-21 오후 8:04:05"
"C:\Users\user\AppData\Local\CapCut Drafts\0621\key_value.json","110","2026-06-21 오후 8:04:07"
"C:\Users\user\AppData\Local\CapCut Drafts\0621\template-2.tmp","4214","2026-06-21 오후 8:04:06"
"C:\Users\user\AppData\Local\CapCut Drafts\0621\timeline_layout.json","154","2026-06-21 오후 8:04:07"
"C:\Users\user\AppData\Local\CapCut Drafts\0621\Resources\audioAlg",,"2026-06-21 오후 8:04:05"
"C:\Users\user\AppData\Local\CapCut Drafts\0621\Resources\videoAlg",,"2026-06-21 오후 8:04:05"
"C:\Users\user\AppData\Local\CapCut Drafts\0621\Timelines\540A550C-8E51-4ea0-B499-9332C7B62559",,"2026-06-21 오후 8:04:07"
"C:\Users\user\AppData\Local\CapCut Drafts\0621\Timelines\project.json","437","2026-06-21 오후 8:04:06"
"C:\Users\user\AppData\Local\CapCut Drafts\0621\Timelines\project.json.bak","437","2026-06-21 오후 8:04:06"
"C:\Users\user\AppData\Local\CapCut Drafts\0621\Timelines\540A550C-8E51-4ea0-B499-9332C7B62559\attachment",,"2026-06-21 오후 8:04:07"
"C:\Users\user\AppData\Local\CapCut Drafts\0621\Timelines\540A550C-8E51-4ea0-B499-9332C7B62559\common_attachment",,"2026-06-21 오후 8:04:06"
"C:\Users\user\AppData\Local\CapCut Drafts\0621\Timelines\540A550C-8E51-4ea0-B499-9332C7B62559\draft_content.json","4214","2026-06-21 오후 8:04:06"
"C:\Users\user\AppData\Local\CapCut Drafts\0621\Timelines\540A550C-8E51-4ea0-B499-9332C7B62559\template-2.tmp","4214","2026-06-21 오후 8:04:06"
"C:\Users\user\AppData\Local\CapCut Drafts\0621\Timelines\540A550C-8E51-4ea0-B499-9332C7B62559\template.tmp","3892","2026-06-21 오후 8:04:06"
"C:\Users\user\AppData\Local\CapCut Drafts\0621\Timelines\540A550C-8E51-4ea0-B499-9332C7B62559\attachment\patch",,"2026-06-21 오후 8:04:08"
"C:\Users\user\AppData\Local\CapCut Drafts\0621\Timelines\540A550C-8E51-4ea0-B499-9332C7B62559\attachment\patch\mini_draft.json","652","2026-06-21 오후 8:04:08"
"C:\Users\user\AppData\Local\CapCut Drafts\0622\adjust_mask",,"2026-06-22 오후 8:03:30"
"C:\Users\user\AppData\Local\CapCut Drafts\0622\common_attachment",,"2026-06-24 오전 1:38:04"
"C:\Users\user\AppData\Local\CapCut Drafts\0622\matting",,"2026-06-22 오후 8:03:30"
"C:\Users\user\AppData\Local\CapCut Drafts\0622\qr_upload",,"2026-06-22 오후 8:03:32"
"C:\Users\user\AppData\Local\CapCut Drafts\0622\Resources",,"2026-06-24 오전 1:36:43"
"C:\Users\user\AppData\Local\CapCut Drafts\0622\smart_crop",,"2026-06-22 오후 8:03:30"
"C:\Users\user\AppData\Local\CapCut Drafts\0622\subdraft",,"2026-06-22 오후 8:03:32"
"C:\Users\user\AppData\Local\CapCut Drafts\0622\Timelines",,"2026-06-22 오후 8:03:31"
"C:\Users\user\AppData\Local\CapCut Drafts\0622\video_effect",,"2026-06-23 오후 9:09:14"
"C:\Users\user\AppData\Local\CapCut Drafts\0622\attachment_editing.json","1875","2026-06-24 오전 1:36:43"
"C:\Users\user\AppData\Local\CapCut Drafts\0622\attachment_pc_common.json","698","2026-06-24 오전 2:58:44"
"C:\Users\user\AppData\Local\CapCut Drafts\0622\draft_agency_config.json","1829","2026-06-23 오후 11:04:18"
"C:\Users\user\AppData\Local\CapCut Drafts\0622\draft_biz_config.json","134","2026-06-24 오전 1:37:14"
"C:\Users\user\AppData\Local\CapCut Drafts\0622\draft_content.json","488257","2026-06-24 오전 2:58:44"
"C:\Users\user\AppData\Local\CapCut Drafts\0622\draft_content.json.bak","488257","2026-06-24 오전 2:40:04"
"C:\Users\user\AppData\Local\CapCut Drafts\0622\draft_cover.jpg","268765","2026-06-24 오전 2:58:45"
"C:\Users\user\AppData\Local\CapCut Drafts\0622\draft_meta_info.json","12045","2026-06-24 오전 2:59:01"
"C:\Users\user\AppData\Local\CapCut Drafts\0622\draft_settings","182","2026-06-24 오전 2:58:44"
"C:\Users\user\AppData\Local\CapCut Drafts\0622\draft_virtual_store.json","867","2026-06-24 오전 2:36:05"
"C:\Users\user\AppData\Local\CapCut Drafts\0622\key_value.json","62254","2026-06-24 오전 2:58:53"
"C:\Users\user\AppData\Local\CapCut Drafts\0622\performance_opt_info.json","71","2026-06-24 오전 2:58:53"
"C:\Users\user\AppData\Local\CapCut Drafts\0622\template-2.tmp","488257","2026-06-24 오전 2:58:44"
"C:\Users\user\AppData\Local\CapCut Drafts\0622\timeline_layout.json","154","2026-06-24 오전 1:37:10"
"C:\Users\user\AppData\Local\CapCut Drafts\0622\common_attachment\attachment_action_scene.json","25623","2026-06-24 오전 1:36:43"
"C:\Users\user\AppData\Local\CapCut Drafts\0622\common_attachment\attachment_gen_ai_info.json","453","2026-06-24 오전 1:36:43"
"C:\Users\user\AppData\Local\CapCut Drafts\0622\common_attachment\attachment_pc_timeline.json","164","2026-06-24 오전 2:58:44"
"C:\Users\user\AppData\Local\CapCut Drafts\0622\common_attachment\attachment_plugin_draft.json","59","2026-06-24 오전 1:36:43"
"C:\Users\user\AppData\Local\CapCut Drafts\0622\common_attachment\attachment_script_video.json","201","2026-06-24 오전 1:36:43"
"C:\Users\user\AppData\Local\CapCut Drafts\0622\Resources\audioAlg",,"2026-06-22 오후 8:03:29"
"C:\Users\user\AppData\Local\CapCut Drafts\0622\Resources\combination",,"2026-06-23 오전 3:14:27"
"C:\Users\user\AppData\Local\CapCut Drafts\0622\Resources\digitalHuman",,"2026-06-24 오전 1:36:43"
"C:\Users\user\AppData\Local\CapCut Drafts\0622\Resources\videoAlg",,"2026-06-22 오후 8:03:29"
"C:\Users\user\AppData\Local\CapCut Drafts\0622\Resources\digitalHuman\audio",,"2026-06-24 오전 1:36:43"
"C:\Users\user\AppData\Local\CapCut Drafts\0622\Resources\digitalHuman\bsinfo",,"2026-06-24 오전 1:36:43"
"C:\Users\user\AppData\Local\CapCut Drafts\0622\Resources\digitalHuman\video",,"2026-06-24 오전 1:36:43"
"C:\Users\user\AppData\Local\CapCut Drafts\0622\Timelines\6E483474-23DA-414e-B68F-E1D70DE1F819",,"2026-06-24 오전 2:59:00"
"C:\Users\user\AppData\Local\CapCut Drafts\0622\Timelines\project.json","437","2026-06-24 오전 1:40:29"
"C:\Users\user\AppData\Local\CapCut Drafts\0622\Timelines\project.json.bak","437","2026-06-24 오전 1:40:29"
"C:\Users\user\AppData\Local\CapCut Drafts\0622\Timelines\6E483474-23DA-414e-B68F-E1D70DE1F819\attachment",,"2026-06-22 오후 8:03:32"
"C:\Users\user\AppData\Local\CapCut Drafts\0622\Timelines\6E483474-23DA-414e-B68F-E1D70DE1F819\common_attachment",,"2026-06-24 오전 2:59:00"
"C:\Users\user\AppData\Local\CapCut Drafts\0622\Timelines\6E483474-23DA-414e-B68F-E1D70DE1F819\attachment_editing.json","1875","2026-06-24 오전 2:59:00"
"C:\Users\user\AppData\Local\CapCut Drafts\0622\Timelines\6E483474-23DA-414e-B68F-E1D70DE1F819\attachment_pc_common.json","698","2026-06-24 오전 2:58:44"
"C:\Users\user\AppData\Local\CapCut Drafts\0622\Timelines\6E483474-23DA-414e-B68F-E1D70DE1F819\draft.extra","19072","2026-06-24 오전 2:38:18"
"C:\Users\user\AppData\Local\CapCut Drafts\0622\Timelines\6E483474-23DA-414e-B68F-E1D70DE1F819\draft_content.json","488257","2026-06-24 오전 2:58:44"
"C:\Users\user\AppData\Local\CapCut Drafts\0622\Timelines\6E483474-23DA-414e-B68F-E1D70DE1F819\draft_content.json.bak","488257","2026-06-24 오전 2:40:04"
"C:\Users\user\AppData\Local\CapCut Drafts\0622\Timelines\6E483474-23DA-414e-B68F-E1D70DE1F819\draft_cover.jpg","268765","2026-06-24 오전 2:58:45"
"C:\Users\user\AppData\Local\CapCut Drafts\0622\Timelines\6E483474-23DA-414e-B68F-E1D70DE1F819\template-2.tmp","488257","2026-06-24 오전 2:58:44"
"C:\Users\user\AppData\Local\CapCut Drafts\0622\Timelines\6E483474-23DA-414e-B68F-E1D70DE1F819\template.tmp","3920","2026-06-24 오전 1:38:04"
"C:\Users\user\AppData\Local\CapCut Drafts\0622\Timelines\6E483474-23DA-414e-B68F-E1D70DE1F819\attachment\patch",,"2026-06-24 오전 2:40:05"
"C:\Users\user\AppData\Local\CapCut Drafts\0622\Timelines\6E483474-23DA-414e-B68F-E1D70DE1F819\attachment\patch\mini_draft.json","521516","2026-06-24 오전 2:40:04"
"C:\Users\user\AppData\Local\CapCut Drafts\0622\Timelines\6E483474-23DA-414e-B68F-E1D70DE1F819\attachment\patch\patch.json","19","2026-06-24 오전 2:40:05"
"C:\Users\user\AppData\Local\CapCut Drafts\0622\Timelines\6E483474-23DA-414e-B68F-E1D70DE1F819\common_attachment\attachment_action_scene.json","25623","2026-06-24 오전 2:59:00"
"C:\Users\user\AppData\Local\CapCut Drafts\0622\Timelines\6E483474-23DA-414e-B68F-E1D70DE1F819\common_attachment\attachment_gen_ai_info.json","453","2026-06-24 오전 2:59:00"
"C:\Users\user\AppData\Local\CapCut Drafts\0622\Timelines\6E483474-23DA-414e-B68F-E1D70DE1F819\common_attachment\attachment_pc_timeline.json","164","2026-06-24 오전 2:58:44"
"C:\Users\user\AppData\Local\CapCut Drafts\0622\Timelines\6E483474-23DA-414e-B68F-E1D70DE1F819\common_attachment\attachment_plugin_draft.json","59","2026-06-24 오전 2:59:00"
"C:\Users\user\AppData\Local\CapCut Drafts\0622\Timelines\6E483474-23DA-414e-B68F-E1D70DE1F819\common_attachment\attachment_script_video.json","201","2026-06-24 오전 2:59:00"
"C:\Users\user\AppData\Local\CapCut Drafts\0622\video_effect\aigc_artifact",,"2026-06-23 오후 9:09:14"
"C:\Users\user\AppData\Local\CapCut Drafts\0625\adjust_mask",,"2026-06-25 오전 12:57:01"
"C:\Users\user\AppData\Local\CapCut Drafts\0625\common_attachment",,"2026-06-25 오전 4:40:24"
"C:\Users\user\AppData\Local\CapCut Drafts\0625\matting",,"2026-06-25 오전 12:57:01"
"C:\Users\user\AppData\Local\CapCut Drafts\0625\qr_upload",,"2026-06-25 오전 12:57:01"
"C:\Users\user\AppData\Local\CapCut Drafts\0625\Resources",,"2026-06-25 오전 2:13:40"
"C:\Users\user\AppData\Local\CapCut Drafts\0625\smart_crop",,"2026-06-25 오전 12:57:01"
"C:\Users\user\AppData\Local\CapCut Drafts\0625\subdraft",,"2026-06-25 오전 12:57:01"
"C:\Users\user\AppData\Local\CapCut Drafts\0625\Timelines",,"2026-06-25 오전 12:57:01"
"C:\Users\user\AppData\Local\CapCut Drafts\0625\video_effect",,"2026-06-25 오전 12:57:01"
"C:\Users\user\AppData\Local\CapCut Drafts\0625\attachment_editing.json","1837","2026-06-25 오전 2:10:36"
"C:\Users\user\AppData\Local\CapCut Drafts\0625\attachment_pc_common.json","698","2026-06-25 오전 4:40:24"
"C:\Users\user\AppData\Local\CapCut Drafts\0625\draft_agency_config.json","418","2026-06-25 오전 1:43:19"
"C:\Users\user\AppData\Local\CapCut Drafts\0625\draft_biz_config.json","289","2026-06-25 오전 3:45:23"
"C:\Users\user\AppData\Local\CapCut Drafts\0625\draft_content.json","397915","2026-06-25 오전 4:40:24"
"C:\Users\user\AppData\Local\CapCut Drafts\0625\draft_content.json.bak","397915","2026-06-25 오전 4:39:22"
"C:\Users\user\AppData\Local\CapCut Drafts\0625\draft_cover.jpg","203480","2026-06-25 오전 4:40:25"
"C:\Users\user\AppData\Local\CapCut Drafts\0625\draft_meta_info.json","13501","2026-06-25 오전 4:40:30"
"C:\Users\user\AppData\Local\CapCut Drafts\0625\draft_settings","146","2026-06-25 오전 4:40:24"
"C:\Users\user\AppData\Local\CapCut Drafts\0625\draft_virtual_store.json","1068","2026-06-25 오전 4:27:54"
"C:\Users\user\AppData\Local\CapCut Drafts\0625\key_value.json","69543","2026-06-25 오전 4:40:30"
"C:\Users\user\AppData\Local\CapCut Drafts\0625\performance_opt_info.json","71","2026-06-25 오전 4:40:30"
"C:\Users\user\AppData\Local\CapCut Drafts\0625\template-2.tmp","397915","2026-06-25 오전 4:40:24"
"C:\Users\user\AppData\Local\CapCut Drafts\0625\timeline_layout.json","154","2026-06-25 오전 12:57:01"
"C:\Users\user\AppData\Local\CapCut Drafts\0625\common_attachment\attachment_pc_timeline.json","135","2026-06-25 오전 4:40:24"
"C:\Users\user\AppData\Local\CapCut Drafts\0625\Resources\audioAlg",,"2026-06-25 오전 12:57:00"
"C:\Users\user\AppData\Local\CapCut Drafts\0625\Resources\cover",,"2026-06-25 오전 2:13:40"
"C:\Users\user\AppData\Local\CapCut Drafts\0625\Resources\videoAlg",,"2026-06-25 오전 12:57:00"
"C:\Users\user\AppData\Local\CapCut Drafts\0625\Timelines\B27F6592-C979-4db6-9B58-A9A55730EB9D",,"2026-06-25 오전 4:40:37"
"C:\Users\user\AppData\Local\CapCut Drafts\0625\Timelines\project.json","437","2026-06-25 오전 12:57:04"
"C:\Users\user\AppData\Local\CapCut Drafts\0625\Timelines\project.json.bak","437","2026-06-25 오전 12:57:04"
"C:\Users\user\AppData\Local\CapCut Drafts\0625\Timelines\B27F6592-C979-4db6-9B58-A9A55730EB9D\attachment",,"2026-06-25 오전 12:57:01"
"C:\Users\user\AppData\Local\CapCut Drafts\0625\Timelines\B27F6592-C979-4db6-9B58-A9A55730EB9D\common_attachment",,"2026-06-25 오전 4:40:37"
"C:\Users\user\AppData\Local\CapCut Drafts\0625\Timelines\B27F6592-C979-4db6-9B58-A9A55730EB9D\attachment_editing.json","1837","2026-06-25 오전 4:40:37"
"C:\Users\user\AppData\Local\CapCut Drafts\0625\Timelines\B27F6592-C979-4db6-9B58-A9A55730EB9D\attachment_pc_common.json","698","2026-06-25 오전 4:40:24"
"C:\Users\user\AppData\Local\CapCut Drafts\0625\Timelines\B27F6592-C979-4db6-9B58-A9A55730EB9D\draft.extra","19364","2026-06-25 오전 4:38:25"
"C:\Users\user\AppData\Local\CapCut Drafts\0625\Timelines\B27F6592-C979-4db6-9B58-A9A55730EB9D\draft_content.json","397915","2026-06-25 오전 4:40:24"
"C:\Users\user\AppData\Local\CapCut Drafts\0625\Timelines\B27F6592-C979-4db6-9B58-A9A55730EB9D\draft_content.json.bak","397915","2026-06-25 오전 4:39:22"
"C:\Users\user\AppData\Local\CapCut Drafts\0625\Timelines\B27F6592-C979-4db6-9B58-A9A55730EB9D\draft_cover.jpg","203480","2026-06-25 오전 4:40:25"
"C:\Users\user\AppData\Local\CapCut Drafts\0625\Timelines\B27F6592-C979-4db6-9B58-A9A55730EB9D\template-2.tmp","397915","2026-06-25 오전 4:40:24"
"C:\Users\user\AppData\Local\CapCut Drafts\0625\Timelines\B27F6592-C979-4db6-9B58-A9A55730EB9D\template.tmp","3920","2026-06-25 오전 12:57:01"
"C:\Users\user\AppData\Local\CapCut Drafts\0625\Timelines\B27F6592-C979-4db6-9B58-A9A55730EB9D\attachment\patch",,"2026-06-25 오전 4:39:23"
"C:\Users\user\AppData\Local\CapCut Drafts\0625\Timelines\B27F6592-C979-4db6-9B58-A9A55730EB9D\attachment\patch\mini_draft.json","421088","2026-06-25 오전 4:39:22"
"C:\Users\user\AppData\Local\CapCut Drafts\0625\Timelines\B27F6592-C979-4db6-9B58-A9A55730EB9D\attachment\patch\patch.json","19","2026-06-25 오전 4:39:23"
"C:\Users\user\AppData\Local\CapCut Drafts\0625\Timelines\B27F6592-C979-4db6-9B58-A9A55730EB9D\common_attachment\attachment_action_scene.json","6741","2026-06-25 오전 4:40:37"
"C:\Users\user\AppData\Local\CapCut Drafts\0625\Timelines\B27F6592-C979-4db6-9B58-A9A55730EB9D\common_attachment\attachment_gen_ai_info.json","453","2026-06-25 오전 4:40:37"
"C:\Users\user\AppData\Local\CapCut Drafts\0625\Timelines\B27F6592-C979-4db6-9B58-A9A55730EB9D\common_attachment\attachment_pc_timeline.json","135","2026-06-25 오전 4:40:24"
"C:\Users\user\AppData\Local\CapCut Drafts\0625\Timelines\B27F6592-C979-4db6-9B58-A9A55730EB9D\common_attachment\attachment_plugin_draft.json","59","2026-06-25 오전 4:40:37"
"C:\Users\user\AppData\Local\CapCut Drafts\0625\Timelines\B27F6592-C979-4db6-9B58-A9A55730EB9D\common_attachment\attachment_script_video.json","201","2026-06-25 오전 4:40:37"
"C:\Users\user\AppData\Local\CapCut Drafts\0625\video_effect\aigc_artifact",,"2026-06-25 오전 12:57:01"
"C:\Users\user\AppData\Local\CapCut Drafts\0628\adjust_mask",,"2026-06-28 오후 11:17:10"
"C:\Users\user\AppData\Local\CapCut Drafts\0628\common_attachment",,"2026-06-29 오전 12:56:35"
"C:\Users\user\AppData\Local\CapCut Drafts\0628\matting",,"2026-06-28 오후 11:17:10"
"C:\Users\user\AppData\Local\CapCut Drafts\0628\qr_upload",,"2026-06-28 오후 11:17:12"
"C:\Users\user\AppData\Local\CapCut Drafts\0628\Resources",,"2026-06-29 오전 12:56:40"
"C:\Users\user\AppData\Local\CapCut Drafts\0628\smart_crop",,"2026-06-28 오후 11:17:10"
"C:\Users\user\AppData\Local\CapCut Drafts\0628\subdraft",,"2026-06-28 오후 11:17:12"
"C:\Users\user\AppData\Local\CapCut Drafts\0628\Timelines",,"2026-06-28 오후 11:17:11"
"C:\Users\user\AppData\Local\CapCut Drafts\0628\video_effect",,"2026-06-28 오후 11:17:11"
"C:\Users\user\AppData\Local\CapCut Drafts\0628\attachment_pc_common.json","698","2026-06-29 오전 12:56:34"
"C:\Users\user\AppData\Local\CapCut Drafts\0628\crypto_key_store.dat","250","2026-06-29 오전 12:10:46"
"C:\Users\user\AppData\Local\CapCut Drafts\0628\crypto_key_store.dat.bak","250","2026-06-29 오전 12:10:46"
"C:\Users\user\AppData\Local\CapCut Drafts\0628\draft_agency_config.json","154","2026-06-28 오후 11:19:34"
"C:\Users\user\AppData\Local\CapCut Drafts\0628\draft_biz_config.json","159","2026-06-28 오후 11:57:49"
"C:\Users\user\AppData\Local\CapCut Drafts\0628\draft_content.json","341198","2026-06-29 오전 12:56:35"
"C:\Users\user\AppData\Local\CapCut Drafts\0628\draft_content.json.bak","341198","2026-06-29 오전 12:51:16"
"C:\Users\user\AppData\Local\CapCut Drafts\0628\draft_cover.jpg","146120","2026-06-29 오전 12:56:35"
"C:\Users\user\AppData\Local\CapCut Drafts\0628\draft_meta_info.json","12493","2026-06-29 오전 12:56:40"
"C:\Users\user\AppData\Local\CapCut Drafts\0628\draft_settings","145","2026-06-29 오전 12:56:34"
"C:\Users\user\AppData\Local\CapCut Drafts\0628\draft_virtual_store.json","1537","2026-06-29 오전 12:36:58"
"C:\Users\user\AppData\Local\CapCut Drafts\0628\key_value.json","16899","2026-06-29 오전 12:56:37"
"C:\Users\user\AppData\Local\CapCut Drafts\0628\performance_opt_info.json","71","2026-06-29 오전 12:56:37"
"C:\Users\user\AppData\Local\CapCut Drafts\0628\template-2.tmp","341198","2026-06-29 오전 12:56:35"
"C:\Users\user\AppData\Local\CapCut Drafts\0628\timeline_layout.json","154","2026-06-28 오후 11:17:12"
"C:\Users\user\AppData\Local\CapCut Drafts\0628\common_attachment\attachment_pc_timeline.json","123","2026-06-29 오전 12:56:34"
"C:\Users\user\AppData\Local\CapCut Drafts\0628\Resources\audioAlg",,"2026-06-28 오후 11:17:09"
"C:\Users\user\AppData\Local\CapCut Drafts\0628\Resources\digitalHuman",,"2026-06-29 오전 12:56:40"
"C:\Users\user\AppData\Local\CapCut Drafts\0628\Resources\videoAlg",,"2026-06-28 오후 11:17:09"
"C:\Users\user\AppData\Local\CapCut Drafts\0628\Resources\digitalHuman\audio",,"2026-06-29 오전 12:56:40"
"C:\Users\user\AppData\Local\CapCut Drafts\0628\Resources\digitalHuman\bsinfo",,"2026-06-29 오전 12:56:40"
"C:\Users\user\AppData\Local\CapCut Drafts\0628\Resources\digitalHuman\video",,"2026-06-29 오전 12:56:40"
"C:\Users\user\AppData\Local\CapCut Drafts\0628\Timelines\4D425F85-D921-48c4-AB1B-1F45B252D3B0",,"2026-06-29 오전 12:56:40"
"C:\Users\user\AppData\Local\CapCut Drafts\0628\Timelines\project.json","437","2026-06-28 오후 11:19:17"
"C:\Users\user\AppData\Local\CapCut Drafts\0628\Timelines\project.json.bak","437","2026-06-28 오후 11:19:17"
"C:\Users\user\AppData\Local\CapCut Drafts\0628\Timelines\4D425F85-D921-48c4-AB1B-1F45B252D3B0\attachment",,"2026-06-28 오후 11:17:12"
"C:\Users\user\AppData\Local\CapCut Drafts\0628\Timelines\4D425F85-D921-48c4-AB1B-1F45B252D3B0\common_attachment",,"2026-06-29 오전 12:56:40"
"C:\Users\user\AppData\Local\CapCut Drafts\0628\Timelines\4D425F85-D921-48c4-AB1B-1F45B252D3B0\attachment_editing.json","1838","2026-06-29 오전 12:56:40"
"C:\Users\user\AppData\Local\CapCut Drafts\0628\Timelines\4D425F85-D921-48c4-AB1B-1F45B252D3B0\attachment_pc_common.json","698","2026-06-29 오전 12:56:34"
"C:\Users\user\AppData\Local\CapCut Drafts\0628\Timelines\4D425F85-D921-48c4-AB1B-1F45B252D3B0\draft.extra","11704","2026-06-29 오전 12:48:14"
"C:\Users\user\AppData\Local\CapCut Drafts\0628\Timelines\4D425F85-D921-48c4-AB1B-1F45B252D3B0\draft_content.json","341198","2026-06-29 오전 12:56:35"
"C:\Users\user\AppData\Local\CapCut Drafts\0628\Timelines\4D425F85-D921-48c4-AB1B-1F45B252D3B0\draft_content.json.bak","341198","2026-06-29 오전 12:51:16"
"C:\Users\user\AppData\Local\CapCut Drafts\0628\Timelines\4D425F85-D921-48c4-AB1B-1F45B252D3B0\draft_cover.jpg","146120","2026-06-29 오전 12:56:35"
"C:\Users\user\AppData\Local\CapCut Drafts\0628\Timelines\4D425F85-D921-48c4-AB1B-1F45B252D3B0\template-2.tmp","341198","2026-06-29 오전 12:56:35"
"C:\Users\user\AppData\Local\CapCut Drafts\0628\Timelines\4D425F85-D921-48c4-AB1B-1F45B252D3B0\template.tmp","3920","2026-06-28 오후 11:17:11"
"C:\Users\user\AppData\Local\CapCut Drafts\0628\Timelines\4D425F85-D921-48c4-AB1B-1F45B252D3B0\attachment\patch",,"2026-06-29 오전 12:51:16"
"C:\Users\user\AppData\Local\CapCut Drafts\0628\Timelines\4D425F85-D921-48c4-AB1B-1F45B252D3B0\attachment\patch\mini_draft.json","364125","2026-06-29 오전 12:51:16"
"C:\Users\user\AppData\Local\CapCut Drafts\0628\Timelines\4D425F85-D921-48c4-AB1B-1F45B252D3B0\attachment\patch\patch.json","19","2026-06-29 오전 12:51:16"
"C:\Users\user\AppData\Local\CapCut Drafts\0628\Timelines\4D425F85-D921-48c4-AB1B-1F45B252D3B0\common_attachment\attachment_action_scene.json","10614","2026-06-29 오전 12:56:40"
"C:\Users\user\AppData\Local\CapCut Drafts\0628\Timelines\4D425F85-D921-48c4-AB1B-1F45B252D3B0\common_attachment\attachment_gen_ai_info.json","453","2026-06-29 오전 12:56:40"
"C:\Users\user\AppData\Local\CapCut Drafts\0628\Timelines\4D425F85-D921-48c4-AB1B-1F45B252D3B0\common_attachment\attachment_pc_timeline.json","123","2026-06-29 오전 12:56:34"
"C:\Users\user\AppData\Local\CapCut Drafts\0628\Timelines\4D425F85-D921-48c4-AB1B-1F45B252D3B0\common_attachment\attachment_plugin_draft.json","59","2026-06-29 오전 12:56:40"
"C:\Users\user\AppData\Local\CapCut Drafts\0628\Timelines\4D425F85-D921-48c4-AB1B-1F45B252D3B0\common_attachment\attachment_script_video.json","201","2026-06-29 오전 12:56:40"
"C:\Users\user\AppData\Local\CapCut Drafts\0628\video_effect\aigc_artifact",,"2026-06-28 오후 11:17:11"
"C:\Users\user\AppData\Local\CapCut Drafts\0705\adjust_mask",,"2026-07-05 오후 2:11:04"
"C:\Users\user\AppData\Local\CapCut Drafts\0705\common_attachment",,"2026-07-07 오전 1:31:05"
"C:\Users\user\AppData\Local\CapCut Drafts\0705\matting",,"2026-07-05 오후 2:11:04"
"C:\Users\user\AppData\Local\CapCut Drafts\0705\qr_upload",,"2026-07-05 오후 2:11:06"
"C:\Users\user\AppData\Local\CapCut Drafts\0705\Resources",,"2026-07-05 오후 4:40:13"
"C:\Users\user\AppData\Local\CapCut Drafts\0705\smart_crop",,"2026-07-05 오후 2:11:04"
"C:\Users\user\AppData\Local\CapCut Drafts\0705\subdraft",,"2026-07-05 오후 2:11:06"
"C:\Users\user\AppData\Local\CapCut Drafts\0705\Timelines",,"2026-07-05 오후 2:11:05"
"C:\Users\user\AppData\Local\CapCut Drafts\0705\video_effect",,"2026-07-05 오후 2:11:05"
"C:\Users\user\AppData\Local\CapCut Drafts\0705\attachment_editing.json","1876","2026-07-05 오후 4:40:13"
"C:\Users\user\AppData\Local\CapCut Drafts\0705\attachment_pc_common.json","698","2026-07-07 오전 1:31:34"
"C:\Users\user\AppData\Local\CapCut Drafts\0705\draft_agency_config.json","154","2026-07-05 오후 2:11:04"
"C:\Users\user\AppData\Local\CapCut Drafts\0705\draft_biz_config.json","159","2026-07-05 오후 2:12:31"
"C:\Users\user\AppData\Local\CapCut Drafts\0705\draft_content.json","526800","2026-07-07 오전 1:31:34"
"C:\Users\user\AppData\Local\CapCut Drafts\0705\draft_content.json.bak","526800","2026-07-07 오전 1:31:05"
"C:\Users\user\AppData\Local\CapCut Drafts\0705\draft_cover.jpg","65578","2026-07-07 오전 1:31:34"
"C:\Users\user\AppData\Local\CapCut Drafts\0705\draft_meta_info.json","15698","2026-07-07 오전 1:31:36"
"C:\Users\user\AppData\Local\CapCut Drafts\0705\draft_settings","181","2026-07-07 오전 1:31:34"
"C:\Users\user\AppData\Local\CapCut Drafts\0705\draft_virtual_store.json","1269","2026-07-05 오후 4:21:06"
"C:\Users\user\AppData\Local\CapCut Drafts\0705\key_value.json","38567","2026-07-07 오전 1:31:35"
"C:\Users\user\AppData\Local\CapCut Drafts\0705\performance_opt_info.json","71","2026-07-07 오전 1:31:35"
"C:\Users\user\AppData\Local\CapCut Drafts\0705\template-2.tmp","526800","2026-07-07 오전 1:31:34"
"C:\Users\user\AppData\Local\CapCut Drafts\0705\timeline_layout.json","154","2026-07-07 오전 1:30:33"
"C:\Users\user\AppData\Local\CapCut Drafts\0705\common_attachment\attachment_action_scene.json","25560","2026-07-05 오후 4:40:13"
"C:\Users\user\AppData\Local\CapCut Drafts\0705\common_attachment\attachment_gen_ai_info.json","453","2026-07-05 오후 4:40:13"
"C:\Users\user\AppData\Local\CapCut Drafts\0705\common_attachment\attachment_pc_timeline.json","166","2026-07-07 오전 1:31:34"
"C:\Users\user\AppData\Local\CapCut Drafts\0705\common_attachment\attachment_plugin_draft.json","59","2026-07-05 오후 4:40:13"
"C:\Users\user\AppData\Local\CapCut Drafts\0705\common_attachment\attachment_script_video.json","201","2026-07-05 오후 4:40:13"
"C:\Users\user\AppData\Local\CapCut Drafts\0705\Resources\audioAlg",,"2026-07-05 오후 2:11:04"
"C:\Users\user\AppData\Local\CapCut Drafts\0705\Resources\digitalHuman",,"2026-07-05 오후 4:40:13"
"C:\Users\user\AppData\Local\CapCut Drafts\0705\Resources\videoAlg",,"2026-07-05 오후 2:11:04"
"C:\Users\user\AppData\Local\CapCut Drafts\0705\Resources\digitalHuman\audio",,"2026-07-05 오후 4:40:13"
"C:\Users\user\AppData\Local\CapCut Drafts\0705\Resources\digitalHuman\bsinfo",,"2026-07-05 오후 4:40:13"
"C:\Users\user\AppData\Local\CapCut Drafts\0705\Resources\digitalHuman\video",,"2026-07-05 오후 4:40:13"
"C:\Users\user\AppData\Local\CapCut Drafts\0705\Timelines\D554723E-3404-4b05-BBF8-FF301C82EF16",,"2026-07-07 오전 1:31:36"
"C:\Users\user\AppData\Local\CapCut Drafts\0705\Timelines\project.json","437","2026-07-07 오전 1:30:31"
"C:\Users\user\AppData\Local\CapCut Drafts\0705\Timelines\project.json.bak","437","2026-07-07 오전 1:30:31"
"C:\Users\user\AppData\Local\CapCut Drafts\0705\Timelines\D554723E-3404-4b05-BBF8-FF301C82EF16\attachment",,"2026-07-05 오후 2:11:06"
"C:\Users\user\AppData\Local\CapCut Drafts\0705\Timelines\D554723E-3404-4b05-BBF8-FF301C82EF16\common_attachment",,"2026-07-07 오전 1:31:36"
"C:\Users\user\AppData\Local\CapCut Drafts\0705\Timelines\D554723E-3404-4b05-BBF8-FF301C82EF16\attachment_editing.json","1921","2026-07-07 오전 1:31:36"
"C:\Users\user\AppData\Local\CapCut Drafts\0705\Timelines\D554723E-3404-4b05-BBF8-FF301C82EF16\attachment_pc_common.json","698","2026-07-07 오전 1:31:34"
"C:\Users\user\AppData\Local\CapCut Drafts\0705\Timelines\D554723E-3404-4b05-BBF8-FF301C82EF16\draft.extra","13104","2026-07-07 오전 1:30:33"
"C:\Users\user\AppData\Local\CapCut Drafts\0705\Timelines\D554723E-3404-4b05-BBF8-FF301C82EF16\draft_content.json","526800","2026-07-07 오전 1:31:34"
"C:\Users\user\AppData\Local\CapCut Drafts\0705\Timelines\D554723E-3404-4b05-BBF8-FF301C82EF16\draft_content.json.bak","526800","2026-07-07 오전 1:31:05"
"C:\Users\user\AppData\Local\CapCut Drafts\0705\Timelines\D554723E-3404-4b05-BBF8-FF301C82EF16\draft_cover.jpg","65578","2026-07-07 오전 1:31:34"
"C:\Users\user\AppData\Local\CapCut Drafts\0705\Timelines\D554723E-3404-4b05-BBF8-FF301C82EF16\template-2.tmp","526800","2026-07-07 오전 1:31:34"
"C:\Users\user\AppData\Local\CapCut Drafts\0705\Timelines\D554723E-3404-4b05-BBF8-FF301C82EF16\template.tmp","3941","2026-07-07 오전 1:31:05"
"C:\Users\user\AppData\Local\CapCut Drafts\0705\Timelines\D554723E-3404-4b05-BBF8-FF301C82EF16\attachment\patch",,"2026-07-07 오전 1:31:06"
"C:\Users\user\AppData\Local\CapCut Drafts\0705\Timelines\D554723E-3404-4b05-BBF8-FF301C82EF16\attachment\patch\mini_draft.json","531554","2026-07-07 오전 1:31:05"
"C:\Users\user\AppData\Local\CapCut Drafts\0705\Timelines\D554723E-3404-4b05-BBF8-FF301C82EF16\attachment\patch\patch.json","19","2026-07-07 오전 1:31:06"
"C:\Users\user\AppData\Local\CapCut Drafts\0705\Timelines\D554723E-3404-4b05-BBF8-FF301C82EF16\common_attachment\attachment_action_scene.json","25560","2026-07-07 오전 1:31:36"
"C:\Users\user\AppData\Local\CapCut Drafts\0705\Timelines\D554723E-3404-4b05-BBF8-FF301C82EF16\common_attachment\attachment_gen_ai_info.json","453","2026-07-07 오전 1:31:36"
"C:\Users\user\AppData\Local\CapCut Drafts\0705\Timelines\D554723E-3404-4b05-BBF8-FF301C82EF16\common_attachment\attachment_pc_timeline.json","166","2026-07-07 오전 1:31:34"
"C:\Users\user\AppData\Local\CapCut Drafts\0705\Timelines\D554723E-3404-4b05-BBF8-FF301C82EF16\common_attachment\attachment_plugin_draft.json","59","2026-07-07 오전 1:31:36"
"C:\Users\user\AppData\Local\CapCut Drafts\0705\Timelines\D554723E-3404-4b05-BBF8-FF301C82EF16\common_attachment\attachment_script_video.json","201","2026-07-07 오전 1:31:36"
"C:\Users\user\AppData\Local\CapCut Drafts\0705\video_effect\aigc_artifact",,"2026-07-05 오후 2:11:05"
"C:\Users\user\AppData\Local\CapCut Drafts\0707\adjust_mask",,"2026-07-07 오전 1:31:38"
"C:\Users\user\AppData\Local\CapCut Drafts\0707\common_attachment",,"2026-07-07 오전 1:38:17"
"C:\Users\user\AppData\Local\CapCut Drafts\0707\matting",,"2026-07-07 오전 1:31:38"
"C:\Users\user\AppData\Local\CapCut Drafts\0707\qr_upload",,"2026-07-07 오전 1:31:39"
"C:\Users\user\AppData\Local\CapCut Drafts\0707\Resources",,"2026-07-07 오전 1:31:38"
"C:\Users\user\AppData\Local\CapCut Drafts\0707\smart_crop",,"2026-07-07 오전 1:31:38"
"C:\Users\user\AppData\Local\CapCut Drafts\0707\subdraft",,"2026-07-07 오전 1:31:38"
"C:\Users\user\AppData\Local\CapCut Drafts\0707\Timelines",,"2026-07-07 오전 1:31:38"
"C:\Users\user\AppData\Local\CapCut Drafts\0707\attachment_editing.json","1883","2026-07-07 오전 1:35:17"
"C:\Users\user\AppData\Local\CapCut Drafts\0707\attachment_pc_common.json","698","2026-07-07 오전 1:38:17"
"C:\Users\user\AppData\Local\CapCut Drafts\0707\draft_agency_config.json","302","2026-07-07 오전 1:32:54"
"C:\Users\user\AppData\Local\CapCut Drafts\0707\draft_biz_config.json","0","2026-07-07 오전 1:31:38"
"C:\Users\user\AppData\Local\CapCut Drafts\0707\draft_content.json","16509","2026-07-07 오전 1:38:17"
"C:\Users\user\AppData\Local\CapCut Drafts\0707\draft_content.json.bak","16267","2026-07-07 오전 1:35:15"
"C:\Users\user\AppData\Local\CapCut Drafts\0707\draft_cover.jpg","83856","2026-07-07 오전 1:38:17"
"C:\Users\user\AppData\Local\CapCut Drafts\0707\draft_meta_info.json","2275","2026-07-07 오전 1:38:19"
"C:\Users\user\AppData\Local\CapCut Drafts\0707\draft_settings","151","2026-07-07 오전 1:38:17"
"C:\Users\user\AppData\Local\CapCut Drafts\0707\draft_virtual_store.json","398","2026-07-07 오전 1:32:54"
"C:\Users\user\AppData\Local\CapCut Drafts\0707\key_value.json","1420","2026-07-07 오전 1:35:16"
"C:\Users\user\AppData\Local\CapCut Drafts\0707\performance_opt_info.json","71","2026-07-07 오전 1:38:17"
"C:\Users\user\AppData\Local\CapCut Drafts\0707\template-2.tmp","16509","2026-07-07 오전 1:38:17"
"C:\Users\user\AppData\Local\CapCut Drafts\0707\timeline_layout.json","154","2026-07-07 오전 1:37:52"
"C:\Users\user\AppData\Local\CapCut Drafts\0707\common_attachment\attachment_action_scene.json","61","2026-07-07 오전 1:35:17"
"C:\Users\user\AppData\Local\CapCut Drafts\0707\common_attachment\attachment_gen_ai_info.json","453","2026-07-07 오전 1:35:17"
"C:\Users\user\AppData\Local\CapCut Drafts\0707\common_attachment\attachment_pc_timeline.json","124","2026-07-07 오전 1:38:17"
"C:\Users\user\AppData\Local\CapCut Drafts\0707\common_attachment\attachment_plugin_draft.json","59","2026-07-07 오전 1:35:17"
"C:\Users\user\AppData\Local\CapCut Drafts\0707\common_attachment\attachment_script_video.json","201","2026-07-07 오전 1:35:17"
"C:\Users\user\AppData\Local\CapCut Drafts\0707\Resources\audioAlg",,"2026-07-07 오전 1:31:38"
"C:\Users\user\AppData\Local\CapCut Drafts\0707\Resources\digitalHuman",,"2026-07-07 오전 1:35:17"
"C:\Users\user\AppData\Local\CapCut Drafts\0707\Resources\videoAlg",,"2026-07-07 오전 1:31:38"
"C:\Users\user\AppData\Local\CapCut Drafts\0707\Resources\digitalHuman\audio",,"2026-07-07 오전 1:35:17"
"C:\Users\user\AppData\Local\CapCut Drafts\0707\Resources\digitalHuman\bsinfo",,"2026-07-07 오전 1:35:17"
"C:\Users\user\AppData\Local\CapCut Drafts\0707\Resources\digitalHuman\video",,"2026-07-07 오전 1:35:17"
"C:\Users\user\AppData\Local\CapCut Drafts\0707\Timelines\970676A8-D75C-4809-AA6B-37C01255822D",,"2026-07-07 오전 1:38:18"
"C:\Users\user\AppData\Local\CapCut Drafts\0707\Timelines\project.json","437","2026-07-07 오전 1:37:51"
"C:\Users\user\AppData\Local\CapCut Drafts\0707\Timelines\project.json.bak","437","2026-07-07 오전 1:37:51"
"C:\Users\user\AppData\Local\CapCut Drafts\0707\Timelines\970676A8-D75C-4809-AA6B-37C01255822D\attachment",,"2026-07-07 오전 1:31:38"
"C:\Users\user\AppData\Local\CapCut Drafts\0707\Timelines\970676A8-D75C-4809-AA6B-37C01255822D\common_attachment",,"2026-07-07 오전 1:38:18"
"C:\Users\user\AppData\Local\CapCut Drafts\0707\Timelines\970676A8-D75C-4809-AA6B-37C01255822D\attachment_editing.json","1883","2026-07-07 오전 1:38:18"
"C:\Users\user\AppData\Local\CapCut Drafts\0707\Timelines\970676A8-D75C-4809-AA6B-37C01255822D\attachment_pc_common.json","698","2026-07-07 오전 1:38:17"
"C:\Users\user\AppData\Local\CapCut Drafts\0707\Timelines\970676A8-D75C-4809-AA6B-37C01255822D\draft.extra","1336","2026-07-07 오전 1:37:53"
"C:\Users\user\AppData\Local\CapCut Drafts\0707\Timelines\970676A8-D75C-4809-AA6B-37C01255822D\draft_content.json","16509","2026-07-07 오전 1:38:17"
"C:\Users\user\AppData\Local\CapCut Drafts\0707\Timelines\970676A8-D75C-4809-AA6B-37C01255822D\draft_content.json.bak","16267","2026-07-07 오전 1:35:15"
"C:\Users\user\AppData\Local\CapCut Drafts\0707\Timelines\970676A8-D75C-4809-AA6B-37C01255822D\draft_cover.jpg","83856","2026-07-07 오전 1:38:17"
"C:\Users\user\AppData\Local\CapCut Drafts\0707\Timelines\970676A8-D75C-4809-AA6B-37C01255822D\template-2.tmp","16509","2026-07-07 오전 1:38:17"
"C:\Users\user\AppData\Local\CapCut Drafts\0707\Timelines\970676A8-D75C-4809-AA6B-37C01255822D\template.tmp","3941","2026-07-07 오전 1:38:17"
"C:\Users\user\AppData\Local\CapCut Drafts\0707\Timelines\970676A8-D75C-4809-AA6B-37C01255822D\attachment\patch",,"2026-07-07 오전 1:35:04"
"C:\Users\user\AppData\Local\CapCut Drafts\0707\Timelines\970676A8-D75C-4809-AA6B-37C01255822D\attachment\patch\mini_draft.json","14894","2026-07-07 오전 1:35:03"
"C:\Users\user\AppData\Local\CapCut Drafts\0707\Timelines\970676A8-D75C-4809-AA6B-37C01255822D\attachment\patch\patch.json","19","2026-07-07 오전 1:35:04"
"C:\Users\user\AppData\Local\CapCut Drafts\0707\Timelines\970676A8-D75C-4809-AA6B-37C01255822D\common_attachment\attachment_action_scene.json","61","2026-07-07 오전 1:38:18"
"C:\Users\user\AppData\Local\CapCut Drafts\0707\Timelines\970676A8-D75C-4809-AA6B-37C01255822D\common_attachment\attachment_gen_ai_info.json","453","2026-07-07 오전 1:38:18"
"C:\Users\user\AppData\Local\CapCut Drafts\0707\Timelines\970676A8-D75C-4809-AA6B-37C01255822D\common_attachment\attachment_pc_timeline.json","124","2026-07-07 오전 1:38:17"
"C:\Users\user\AppData\Local\CapCut Drafts\0707\Timelines\970676A8-D75C-4809-AA6B-37C01255822D\common_attachment\attachment_plugin_draft.json","59","2026-07-07 오전 1:38:18"
"C:\Users\user\AppData\Local\CapCut Drafts\0707\Timelines\970676A8-D75C-4809-AA6B-37C01255822D\common_attachment\attachment_script_video.json","201","2026-07-07 오전 1:38:18"
"C:\Users\user\AppData\Local\CapCut Drafts\0707 (1)\adjust_mask",,"2026-07-07 오후 9:11:48"
"C:\Users\user\AppData\Local\CapCut Drafts\0707 (1)\common_attachment",,"2026-07-07 오후 9:11:53"
"C:\Users\user\AppData\Local\CapCut Drafts\0707 (1)\matting",,"2026-07-07 오후 9:11:48"
"C:\Users\user\AppData\Local\CapCut Drafts\0707 (1)\qr_upload",,"2026-07-07 오후 9:11:53"
"C:\Users\user\AppData\Local\CapCut Drafts\0707 (1)\Resources",,"2026-07-07 오후 9:11:47"
"C:\Users\user\AppData\Local\CapCut Drafts\0707 (1)\smart_crop",,"2026-07-07 오후 9:11:48"
"C:\Users\user\AppData\Local\CapCut Drafts\0707 (1)\subdraft",,"2026-07-07 오후 9:11:53"
"C:\Users\user\AppData\Local\CapCut Drafts\0707 (1)\Timelines",,"2026-07-07 오후 9:11:52"
"C:\Users\user\AppData\Local\CapCut Drafts\0707 (1)\attachment_pc_common.json","698","2026-07-07 오후 9:13:00"
"C:\Users\user\AppData\Local\CapCut Drafts\0707 (1)\draft_agency_config.json","154","2026-07-07 오후 9:11:47"
"C:\Users\user\AppData\Local\CapCut Drafts\0707 (1)\draft_biz_config.json","0","2026-07-07 오후 9:11:47"
"C:\Users\user\AppData\Local\CapCut Drafts\0707 (1)\draft_content.json","4263","2026-07-07 오후 9:13:00"
"C:\Users\user\AppData\Local\CapCut Drafts\0707 (1)\draft_content.json.bak","4263","2026-07-07 오후 9:11:53"
"C:\Users\user\AppData\Local\CapCut Drafts\0707 (1)\draft_cover.jpg","33267","2026-07-07 오후 9:13:00"
"C:\Users\user\AppData\Local\CapCut Drafts\0707 (1)\draft_meta_info.json","1837","2026-07-07 오후 9:13:01"
"C:\Users\user\AppData\Local\CapCut Drafts\0707 (1)\draft_settings","114","2026-07-07 오후 9:13:00"
"C:\Users\user\AppData\Local\CapCut Drafts\0707 (1)\key_value.json","110","2026-07-07 오후 9:11:53"
"C:\Users\user\AppData\Local\CapCut Drafts\0707 (1)\performance_opt_info.json","71","2026-07-07 오후 9:13:00"
"C:\Users\user\AppData\Local\CapCut Drafts\0707 (1)\template-2.tmp","4263","2026-07-07 오후 9:13:00"
"C:\Users\user\AppData\Local\CapCut Drafts\0707 (1)\timeline_layout.json","154","2026-07-07 오후 9:11:53"
"C:\Users\user\AppData\Local\CapCut Drafts\0707 (1)\common_attachment\attachment_pc_timeline.json","124","2026-07-07 오후 9:13:00"
"C:\Users\user\AppData\Local\CapCut Drafts\0707 (1)\Resources\audioAlg",,"2026-07-07 오후 9:11:47"
"C:\Users\user\AppData\Local\CapCut Drafts\0707 (1)\Resources\digitalHuman",,"2026-07-07 오후 9:13:01"
"C:\Users\user\AppData\Local\CapCut Drafts\0707 (1)\Resources\videoAlg",,"2026-07-07 오후 9:11:47"
"C:\Users\user\AppData\Local\CapCut Drafts\0707 (1)\Resources\digitalHuman\audio",,"2026-07-07 오후 9:13:01"
"C:\Users\user\AppData\Local\CapCut Drafts\0707 (1)\Resources\digitalHuman\bsinfo",,"2026-07-07 오후 9:13:01"
"C:\Users\user\AppData\Local\CapCut Drafts\0707 (1)\Resources\digitalHuman\video",,"2026-07-07 오후 9:13:01"
"C:\Users\user\AppData\Local\CapCut Drafts\0707 (1)\Timelines\388491DB-DB7E-4097-B93B-948BE93F8DDE",,"2026-07-07 오후 9:13:01"
"C:\Users\user\AppData\Local\CapCut Drafts\0707 (1)\Timelines\project.json","437","2026-07-07 오후 9:11:57"
"C:\Users\user\AppData\Local\CapCut Drafts\0707 (1)\Timelines\project.json.bak","437","2026-07-07 오후 9:11:57"
"C:\Users\user\AppData\Local\CapCut Drafts\0707 (1)\Timelines\388491DB-DB7E-4097-B93B-948BE93F8DDE\attachment",,"2026-07-07 오후 9:11:53"
"C:\Users\user\AppData\Local\CapCut Drafts\0707 (1)\Timelines\388491DB-DB7E-4097-B93B-948BE93F8DDE\common_attachment",,"2026-07-07 오후 9:13:01"
"C:\Users\user\AppData\Local\CapCut Drafts\0707 (1)\Timelines\388491DB-DB7E-4097-B93B-948BE93F8DDE\attachment_editing.json","1883","2026-07-07 오후 9:13:01"
"C:\Users\user\AppData\Local\CapCut Drafts\0707 (1)\Timelines\388491DB-DB7E-4097-B93B-948BE93F8DDE\attachment_pc_common.json","698","2026-07-07 오후 9:13:00"
"C:\Users\user\AppData\Local\CapCut Drafts\0707 (1)\Timelines\388491DB-DB7E-4097-B93B-948BE93F8DDE\draft.extra","26","2026-07-07 오후 9:11:55"
"C:\Users\user\AppData\Local\CapCut Drafts\0707 (1)\Timelines\388491DB-DB7E-4097-B93B-948BE93F8DDE\draft_content.json","4263","2026-07-07 오후 9:13:00"
"C:\Users\user\AppData\Local\CapCut Drafts\0707 (1)\Timelines\388491DB-DB7E-4097-B93B-948BE93F8DDE\draft_content.json.bak","4263","2026-07-07 오후 9:11:53"
"C:\Users\user\AppData\Local\CapCut Drafts\0707 (1)\Timelines\388491DB-DB7E-4097-B93B-948BE93F8DDE\draft_cover.jpg","33267","2026-07-07 오후 9:13:00"
"C:\Users\user\AppData\Local\CapCut Drafts\0707 (1)\Timelines\388491DB-DB7E-4097-B93B-948BE93F8DDE\template-2.tmp","4263","2026-07-07 오후 9:13:00"
"C:\Users\user\AppData\Local\CapCut Drafts\0707 (1)\Timelines\388491DB-DB7E-4097-B93B-948BE93F8DDE\template.tmp","3941","2026-07-07 오후 9:11:53"
"C:\Users\user\AppData\Local\CapCut Drafts\0707 (1)\Timelines\388491DB-DB7E-4097-B93B-948BE93F8DDE\attachment\patch",,"2026-07-07 오후 9:11:55"
"C:\Users\user\AppData\Local\CapCut Drafts\0707 (1)\Timelines\388491DB-DB7E-4097-B93B-948BE93F8DDE\attachment\patch\mini_draft.json","652","2026-07-07 오후 9:11:55"
"C:\Users\user\AppData\Local\CapCut Drafts\0707 (1)\Timelines\388491DB-DB7E-4097-B93B-948BE93F8DDE\common_attachment\attachment_action_scene.json","61","2026-07-07 오후 9:13:01"
"C:\Users\user\AppData\Local\CapCut Drafts\0707 (1)\Timelines\388491DB-DB7E-4097-B93B-948BE93F8DDE\common_attachment\attachment_gen_ai_info.json","453","2026-07-07 오후 9:13:01"
"C:\Users\user\AppData\Local\CapCut Drafts\0707 (1)\Timelines\388491DB-DB7E-4097-B93B-948BE93F8DDE\common_attachment\attachment_pc_timeline.json","124","2026-07-07 오후 9:13:00"
"C:\Users\user\AppData\Local\CapCut Drafts\0707 (1)\Timelines\388491DB-DB7E-4097-B93B-948BE93F8DDE\common_attachment\attachment_script_video.json","201","2026-07-07 오후 9:13:01"
"C:\Users\user\AppData\Local\CapCut Drafts\0707 (2)\adjust_mask",,"2026-07-07 오후 10:03:52"
"C:\Users\user\AppData\Local\CapCut Drafts\0707 (2)\common_attachment",,"2026-07-07 오후 10:03:53"
"C:\Users\user\AppData\Local\CapCut Drafts\0707 (2)\matting",,"2026-07-07 오후 10:03:52"
"C:\Users\user\AppData\Local\CapCut Drafts\0707 (2)\qr_upload",,"2026-07-07 오후 10:03:53"
"C:\Users\user\AppData\Local\CapCut Drafts\0707 (2)\Resources",,"2026-07-07 오후 10:03:51"
"C:\Users\user\AppData\Local\CapCut Drafts\0707 (2)\smart_crop",,"2026-07-07 오후 10:03:52"
"C:\Users\user\AppData\Local\CapCut Drafts\0707 (2)\subdraft",,"2026-07-07 오후 10:03:53"
"C:\Users\user\AppData\Local\CapCut Drafts\0707 (2)\Timelines",,"2026-07-07 오후 10:03:53"
"C:\Users\user\AppData\Local\CapCut Drafts\0707 (2)\attachment_pc_common.json","698","2026-07-07 오후 10:28:00"
"C:\Users\user\AppData\Local\CapCut Drafts\0707 (2)\draft_agency_config.json","154","2026-07-07 오후 10:03:51"
"C:\Users\user\AppData\Local\CapCut Drafts\0707 (2)\draft_biz_config.json","0","2026-07-07 오후 10:03:51"
"C:\Users\user\AppData\Local\CapCut Drafts\0707 (2)\draft_content.json","4263","2026-07-07 오후 10:28:00"
"C:\Users\user\AppData\Local\CapCut Drafts\0707 (2)\draft_content.json.bak","4263","2026-07-07 오후 10:03:53"
"C:\Users\user\AppData\Local\CapCut Drafts\0707 (2)\draft_cover.jpg","33267","2026-07-07 오후 10:28:00"
"C:\Users\user\AppData\Local\CapCut Drafts\0707 (2)\draft_meta_info.json","1837","2026-07-07 오후 10:28:02"
"C:\Users\user\AppData\Local\CapCut Drafts\0707 (2)\draft_settings","116","2026-07-07 오후 10:28:00"
"C:\Users\user\AppData\Local\CapCut Drafts\0707 (2)\key_value.json","110","2026-07-07 오후 10:03:53"
"C:\Users\user\AppData\Local\CapCut Drafts\0707 (2)\performance_opt_info.json","71","2026-07-07 오후 10:28:00"
"C:\Users\user\AppData\Local\CapCut Drafts\0707 (2)\template-2.tmp","4263","2026-07-07 오후 10:28:00"
"C:\Users\user\AppData\Local\CapCut Drafts\0707 (2)\timeline_layout.json","154","2026-07-07 오후 10:03:53"
"C:\Users\user\AppData\Local\CapCut Drafts\0707 (2)\common_attachment\attachment_pc_timeline.json","124","2026-07-07 오후 10:28:00"
"C:\Users\user\AppData\Local\CapCut Drafts\0707 (2)\Resources\audioAlg",,"2026-07-07 오후 10:03:51"
"C:\Users\user\AppData\Local\CapCut Drafts\0707 (2)\Resources\digitalHuman",,"2026-07-07 오후 10:28:02"
"C:\Users\user\AppData\Local\CapCut Drafts\0707 (2)\Resources\videoAlg",,"2026-07-07 오후 10:03:51"
"C:\Users\user\AppData\Local\CapCut Drafts\0707 (2)\Resources\digitalHuman\audio",,"2026-07-07 오후 10:28:02"
"C:\Users\user\AppData\Local\CapCut Drafts\0707 (2)\Resources\digitalHuman\bsinfo",,"2026-07-07 오후 10:28:02"
"C:\Users\user\AppData\Local\CapCut Drafts\0707 (2)\Resources\digitalHuman\video",,"2026-07-07 오후 10:28:02"
"C:\Users\user\AppData\Local\CapCut Drafts\0707 (2)\Timelines\FB61AF7F-A125-4bbf-B78A-2CC51B3AE28A",,"2026-07-07 오후 10:28:01"
"C:\Users\user\AppData\Local\CapCut Drafts\0707 (2)\Timelines\project.json","437","2026-07-07 오후 10:04:04"
"C:\Users\user\AppData\Local\CapCut Drafts\0707 (2)\Timelines\project.json.bak","437","2026-07-07 오후 10:04:04"
"C:\Users\user\AppData\Local\CapCut Drafts\0707 (2)\Timelines\FB61AF7F-A125-4bbf-B78A-2CC51B3AE28A\attachment",,"2026-07-07 오후 10:03:53"
"C:\Users\user\AppData\Local\CapCut Drafts\0707 (2)\Timelines\FB61AF7F-A125-4bbf-B78A-2CC51B3AE28A\common_attachment",,"2026-07-07 오후 10:28:01"
"C:\Users\user\AppData\Local\CapCut Drafts\0707 (2)\Timelines\FB61AF7F-A125-4bbf-B78A-2CC51B3AE28A\attachment_editing.json","1883","2026-07-07 오후 10:28:01"
"C:\Users\user\AppData\Local\CapCut Drafts\0707 (2)\Timelines\FB61AF7F-A125-4bbf-B78A-2CC51B3AE28A\attachment_pc_common.json","698","2026-07-07 오후 10:28:00"
"C:\Users\user\AppData\Local\CapCut Drafts\0707 (2)\Timelines\FB61AF7F-A125-4bbf-B78A-2CC51B3AE28A\draft_content.json","4263","2026-07-07 오후 10:28:00"
"C:\Users\user\AppData\Local\CapCut Drafts\0707 (2)\Timelines\FB61AF7F-A125-4bbf-B78A-2CC51B3AE28A\draft_content.json.bak","4263","2026-07-07 오후 10:03:53"
"C:\Users\user\AppData\Local\CapCut Drafts\0707 (2)\Timelines\FB61AF7F-A125-4bbf-B78A-2CC51B3AE28A\draft_cover.jpg","33267","2026-07-07 오후 10:28:00"
"C:\Users\user\AppData\Local\CapCut Drafts\0707 (2)\Timelines\FB61AF7F-A125-4bbf-B78A-2CC51B3AE28A\template-2.tmp","4263","2026-07-07 오후 10:28:00"
"C:\Users\user\AppData\Local\CapCut Drafts\0707 (2)\Timelines\FB61AF7F-A125-4bbf-B78A-2CC51B3AE28A\template.tmp","3941","2026-07-07 오후 10:03:53"
"C:\Users\user\AppData\Local\CapCut Drafts\0707 (2)\Timelines\FB61AF7F-A125-4bbf-B78A-2CC51B3AE28A\attachment\patch",,"2026-07-07 오후 10:03:54"
"C:\Users\user\AppData\Local\CapCut Drafts\0707 (2)\Timelines\FB61AF7F-A125-4bbf-B78A-2CC51B3AE28A\attachment\patch\mini_draft.json","652","2026-07-07 오후 10:03:54"
"C:\Users\user\AppData\Local\CapCut Drafts\0707 (2)\Timelines\FB61AF7F-A125-4bbf-B78A-2CC51B3AE28A\common_attachment\attachment_action_scene.json","61","2026-07-07 오후 10:28:01"
"C:\Users\user\AppData\Local\CapCut Drafts\0707 (2)\Timelines\FB61AF7F-A125-4bbf-B78A-2CC51B3AE28A\common_attachment\attachment_gen_ai_info.json","453","2026-07-07 오후 10:28:01"
"C:\Users\user\AppData\Local\CapCut Drafts\0707 (2)\Timelines\FB61AF7F-A125-4bbf-B78A-2CC51B3AE28A\common_attachment\attachment_pc_timeline.json","124","2026-07-07 오후 10:28:00"
"C:\Users\user\AppData\Local\CapCut Drafts\0707 (2)\Timelines\FB61AF7F-A125-4bbf-B78A-2CC51B3AE28A\common_attachment\attachment_script_video.json","201","2026-07-07 오후 10:28:01"
"C:\Users\user\AppData\Local\CapCut Drafts\0707 (3)\adjust_mask",,"2026-07-07 오후 10:38:29"
"C:\Users\user\AppData\Local\CapCut Drafts\0707 (3)\common_attachment",,"2026-07-07 오후 10:43:16"
"C:\Users\user\AppData\Local\CapCut Drafts\0707 (3)\matting",,"2026-07-07 오후 10:38:29"
"C:\Users\user\AppData\Local\CapCut Drafts\0707 (3)\qr_upload",,"2026-07-07 오후 10:38:30"
"C:\Users\user\AppData\Local\CapCut Drafts\0707 (3)\Resources",,"2026-07-07 오후 10:38:29"
"C:\Users\user\AppData\Local\CapCut Drafts\0707 (3)\smart_crop",,"2026-07-07 오후 10:38:29"
"C:\Users\user\AppData\Local\CapCut Drafts\0707 (3)\subdraft",,"2026-07-07 오후 10:38:30"
"C:\Users\user\AppData\Local\CapCut Drafts\0707 (3)\Timelines",,"2026-07-07 오후 10:38:30"
"C:\Users\user\AppData\Local\CapCut Drafts\0707 (3)\attachment_editing.json","1883","2026-07-07 오후 10:42:41"
"C:\Users\user\AppData\Local\CapCut Drafts\0707 (3)\attachment_pc_common.json","698","2026-07-07 오후 10:43:16"
"C:\Users\user\AppData\Local\CapCut Drafts\0707 (3)\draft_agency_config.json","154","2026-07-07 오후 10:38:29"
"C:\Users\user\AppData\Local\CapCut Drafts\0707 (3)\draft_biz_config.json","0","2026-07-07 오후 10:38:29"
"C:\Users\user\AppData\Local\CapCut Drafts\0707 (3)\draft_content.json","4263","2026-07-07 오후 10:43:16"
"C:\Users\user\AppData\Local\CapCut Drafts\0707 (3)\draft_content.json.bak","4263","2026-07-07 오후 10:42:40"
"C:\Users\user\AppData\Local\CapCut Drafts\0707 (3)\draft_cover.jpg","33267","2026-07-07 오후 10:43:16"
"C:\Users\user\AppData\Local\CapCut Drafts\0707 (3)\draft_meta_info.json","1837","2026-07-07 오후 10:43:17"
"C:\Users\user\AppData\Local\CapCut Drafts\0707 (3)\draft_settings","151","2026-07-07 오후 10:43:16"
"C:\Users\user\AppData\Local\CapCut Drafts\0707 (3)\key_value.json","110","2026-07-07 오후 10:38:30"
"C:\Users\user\AppData\Local\CapCut Drafts\0707 (3)\performance_opt_info.json","71","2026-07-07 오후 10:43:16"
"C:\Users\user\AppData\Local\CapCut Drafts\0707 (3)\template-2.tmp","4263","2026-07-07 오후 10:43:16"
"C:\Users\user\AppData\Local\CapCut Drafts\0707 (3)\timeline_layout.json","154","2026-07-07 오후 10:43:03"
"C:\Users\user\AppData\Local\CapCut Drafts\0707 (3)\common_attachment\attachment_action_scene.json","61","2026-07-07 오후 10:42:41"
"C:\Users\user\AppData\Local\CapCut Drafts\0707 (3)\common_attachment\attachment_gen_ai_info.json","453","2026-07-07 오후 10:42:41"
"C:\Users\user\AppData\Local\CapCut Drafts\0707 (3)\common_attachment\attachment_pc_timeline.json","124","2026-07-07 오후 10:43:16"
"C:\Users\user\AppData\Local\CapCut Drafts\0707 (3)\common_attachment\attachment_script_video.json","201","2026-07-07 오후 10:42:41"
"C:\Users\user\AppData\Local\CapCut Drafts\0707 (3)\Resources\audioAlg",,"2026-07-07 오후 10:38:29"
"C:\Users\user\AppData\Local\CapCut Drafts\0707 (3)\Resources\digitalHuman",,"2026-07-07 오후 10:42:42"
"C:\Users\user\AppData\Local\CapCut Drafts\0707 (3)\Resources\videoAlg",,"2026-07-07 오후 10:38:29"
"C:\Users\user\AppData\Local\CapCut Drafts\0707 (3)\Resources\digitalHuman\audio",,"2026-07-07 오후 10:42:42"
"C:\Users\user\AppData\Local\CapCut Drafts\0707 (3)\Resources\digitalHuman\bsinfo",,"2026-07-07 오후 10:42:42"
"C:\Users\user\AppData\Local\CapCut Drafts\0707 (3)\Resources\digitalHuman\video",,"2026-07-07 오후 10:42:42"
"C:\Users\user\AppData\Local\CapCut Drafts\0707 (3)\Timelines\2D67034B-998C-4c3f-A756-7F6C70A3440B",,"2026-07-07 오후 10:43:17"
"C:\Users\user\AppData\Local\CapCut Drafts\0707 (3)\Timelines\project.json","437","2026-07-07 오후 10:43:03"
"C:\Users\user\AppData\Local\CapCut Drafts\0707 (3)\Timelines\project.json.bak","437","2026-07-07 오후 10:43:03"
"C:\Users\user\AppData\Local\CapCut Drafts\0707 (3)\Timelines\2D67034B-998C-4c3f-A756-7F6C70A3440B\attachment",,"2026-07-07 오후 10:38:30"
"C:\Users\user\AppData\Local\CapCut Drafts\0707 (3)\Timelines\2D67034B-998C-4c3f-A756-7F6C70A3440B\common_attachment",,"2026-07-07 오후 10:43:17"
"C:\Users\user\AppData\Local\CapCut Drafts\0707 (3)\Timelines\2D67034B-998C-4c3f-A756-7F6C70A3440B\attachment_editing.json","1883","2026-07-07 오후 10:43:17"
"C:\Users\user\AppData\Local\CapCut Drafts\0707 (3)\Timelines\2D67034B-998C-4c3f-A756-7F6C70A3440B\attachment_pc_common.json","698","2026-07-07 오후 10:43:16"
"C:\Users\user\AppData\Local\CapCut Drafts\0707 (3)\Timelines\2D67034B-998C-4c3f-A756-7F6C70A3440B\draft_content.json","4263","2026-07-07 오후 10:43:16"
"C:\Users\user\AppData\Local\CapCut Drafts\0707 (3)\Timelines\2D67034B-998C-4c3f-A756-7F6C70A3440B\draft_content.json.bak","4263","2026-07-07 오후 10:42:40"
"C:\Users\user\AppData\Local\CapCut Drafts\0707 (3)\Timelines\2D67034B-998C-4c3f-A756-7F6C70A3440B\draft_cover.jpg","33267","2026-07-07 오후 10:43:16"
"C:\Users\user\AppData\Local\CapCut Drafts\0707 (3)\Timelines\2D67034B-998C-4c3f-A756-7F6C70A3440B\template-2.tmp","4263","2026-07-07 오후 10:43:16"
"C:\Users\user\AppData\Local\CapCut Drafts\0707 (3)\Timelines\2D67034B-998C-4c3f-A756-7F6C70A3440B\template.tmp","3941","2026-07-07 오후 10:38:30"
"C:\Users\user\AppData\Local\CapCut Drafts\0707 (3)\Timelines\2D67034B-998C-4c3f-A756-7F6C70A3440B\attachment\patch",,"2026-07-07 오후 10:38:31"
"C:\Users\user\AppData\Local\CapCut Drafts\0707 (3)\Timelines\2D67034B-998C-4c3f-A756-7F6C70A3440B\attachment\patch\mini_draft.json","652","2026-07-07 오후 10:38:31"
"C:\Users\user\AppData\Local\CapCut Drafts\0707 (3)\Timelines\2D67034B-998C-4c3f-A756-7F6C70A3440B\common_attachment\attachment_action_scene.json","61","2026-07-07 오후 10:43:17"
"C:\Users\user\AppData\Local\CapCut Drafts\0707 (3)\Timelines\2D67034B-998C-4c3f-A756-7F6C70A3440B\common_attachment\attachment_gen_ai_info.json","453","2026-07-07 오후 10:43:17"
"C:\Users\user\AppData\Local\CapCut Drafts\0707 (3)\Timelines\2D67034B-998C-4c3f-A756-7F6C70A3440B\common_attachment\attachment_pc_timeline.json","124","2026-07-07 오후 10:43:16"
"C:\Users\user\AppData\Local\CapCut Drafts\0707 (3)\Timelines\2D67034B-998C-4c3f-A756-7F6C70A3440B\common_attachment\attachment_script_video.json","201","2026-07-07 오후 10:43:17"
"C:\Users\user\AppData\Local\CapCut Drafts\3_capcut_project_20260707_223642\adjust_mask",,"2026-07-05 오후 2:11:04"
"C:\Users\user\AppData\Local\CapCut Drafts\3_capcut_project_20260707_223642\common_attachment",,"2026-07-07 오전 1:31:05"
"C:\Users\user\AppData\Local\CapCut Drafts\3_capcut_project_20260707_223642\matting",,"2026-07-05 오후 2:11:04"
"C:\Users\user\AppData\Local\CapCut Drafts\3_capcut_project_20260707_223642\qr_upload",,"2026-07-05 오후 2:11:06"
"C:\Users\user\AppData\Local\CapCut Drafts\3_capcut_project_20260707_223642\Resources",,"2026-07-05 오후 2:11:04"
"C:\Users\user\AppData\Local\CapCut Drafts\3_capcut_project_20260707_223642\smart_crop",,"2026-07-05 오후 2:11:04"
"C:\Users\user\AppData\Local\CapCut Drafts\3_capcut_project_20260707_223642\subdraft",,"2026-07-05 오후 2:11:06"
"C:\Users\user\AppData\Local\CapCut Drafts\3_capcut_project_20260707_223642\Timelines",,"2026-07-05 오후 2:11:05"
"C:\Users\user\AppData\Local\CapCut Drafts\3_capcut_project_20260707_223642\video_effect",,"2026-07-05 오후 2:11:05"
"C:\Users\user\AppData\Local\CapCut Drafts\3_capcut_project_20260707_223642\attachment_editing.json","1876","2026-07-05 오후 4:40:13"
"C:\Users\user\AppData\Local\CapCut Drafts\3_capcut_project_20260707_223642\attachment_pc_common.json","698","2026-07-07 오전 1:31:34"
"C:\Users\user\AppData\Local\CapCut Drafts\3_capcut_project_20260707_223642\draft_agency_config.json","154","2026-07-05 오후 2:11:04"
"C:\Users\user\AppData\Local\CapCut Drafts\3_capcut_project_20260707_223642\draft_biz_config.json","159","2026-07-05 오후 2:12:31"
"C:\Users\user\AppData\Local\CapCut Drafts\3_capcut_project_20260707_223642\draft_content.json","67594","2026-07-07 오후 10:36:42"
"C:\Users\user\AppData\Local\CapCut Drafts\3_capcut_project_20260707_223642\draft_content.json.bak","526800","2026-07-07 오전 1:31:05"
"C:\Users\user\AppData\Local\CapCut Drafts\3_capcut_project_20260707_223642\draft_cover.jpg","65578","2026-07-07 오전 1:31:34"
"C:\Users\user\AppData\Local\CapCut Drafts\3_capcut_project_20260707_223642\draft_meta_info.json","15698","2026-07-07 오전 1:31:36"
"C:\Users\user\AppData\Local\CapCut Drafts\3_capcut_project_20260707_223642\draft_settings","181","2026-07-07 오전 1:31:34"
"C:\Users\user\AppData\Local\CapCut Drafts\3_capcut_project_20260707_223642\draft_virtual_store.json","1269","2026-07-05 오후 4:21:06"
"C:\Users\user\AppData\Local\CapCut Drafts\3_capcut_project_20260707_223642\key_value.json","38567","2026-07-07 오전 1:31:35"
"C:\Users\user\AppData\Local\CapCut Drafts\3_capcut_project_20260707_223642\performance_opt_info.json","71","2026-07-07 오전 1:31:35"
"C:\Users\user\AppData\Local\CapCut Drafts\3_capcut_project_20260707_223642\README.txt","394","2026-07-07 오후 10:36:42"
"C:\Users\user\AppData\Local\CapCut Drafts\3_capcut_project_20260707_223642\source_draft.json","11603","2026-07-07 오후 10:36:42"
"C:\Users\user\AppData\Local\CapCut Drafts\3_capcut_project_20260707_223642\template-2.tmp","526800","2026-07-07 오전 1:31:34"
"C:\Users\user\AppData\Local\CapCut Drafts\3_capcut_project_20260707_223642\timeline_layout.json","154","2026-07-07 오전 1:30:33"
"C:\Users\user\AppData\Local\CapCut Drafts\3_capcut_project_20260707_223642\common_attachment\attachment_action_scene.json","25560","2026-07-05 오후 4:40:13"
"C:\Users\user\AppData\Local\CapCut Drafts\3_capcut_project_20260707_223642\common_attachment\attachment_gen_ai_info.json","453","2026-07-05 오후 4:40:13"
"C:\Users\user\AppData\Local\CapCut Drafts\3_capcut_project_20260707_223642\common_attachment\attachment_pc_timeline.json","166","2026-07-07 오전 1:31:34"
"C:\Users\user\AppData\Local\CapCut Drafts\3_capcut_project_20260707_223642\common_attachment\attachment_plugin_draft.json","59","2026-07-05 오후 4:40:13"
"C:\Users\user\AppData\Local\CapCut Drafts\3_capcut_project_20260707_223642\common_attachment\attachment_script_video.json","201","2026-07-05 오후 4:40:13"
"C:\Users\user\AppData\Local\CapCut Drafts\3_capcut_project_20260707_223642\Resources\audioAlg",,"2026-07-05 오후 2:11:04"
"C:\Users\user\AppData\Local\CapCut Drafts\3_capcut_project_20260707_223642\Resources\digitalHuman",,"2026-07-05 오후 4:40:13"
"C:\Users\user\AppData\Local\CapCut Drafts\3_capcut_project_20260707_223642\Resources\videoAlg",,"2026-07-05 오후 2:11:04"
"C:\Users\user\AppData\Local\CapCut Drafts\3_capcut_project_20260707_223642\Resources\digitalHuman\audio",,"2026-07-05 오후 4:40:13"
"C:\Users\user\AppData\Local\CapCut Drafts\3_capcut_project_20260707_223642\Resources\digitalHuman\bsinfo",,"2026-07-05 오후 4:40:13"
"C:\Users\user\AppData\Local\CapCut Drafts\3_capcut_project_20260707_223642\Resources\digitalHuman\video",,"2026-07-05 오후 4:40:13"
"C:\Users\user\AppData\Local\CapCut Drafts\3_capcut_project_20260707_223642\Timelines\D554723E-3404-4b05-BBF8-FF301C82EF16",,"2026-07-07 오전 1:31:36"
"C:\Users\user\AppData\Local\CapCut Drafts\3_capcut_project_20260707_223642\Timelines\project.json","437","2026-07-07 오전 1:30:31"
"C:\Users\user\AppData\Local\CapCut Drafts\3_capcut_project_20260707_223642\Timelines\project.json.bak","437","2026-07-07 오전 1:30:31"
"C:\Users\user\AppData\Local\CapCut Drafts\3_capcut_project_20260707_223642\Timelines\D554723E-3404-4b05-BBF8-FF301C82EF16\attachment",,"2026-07-05 오후 2:11:06"
"C:\Users\user\AppData\Local\CapCut Drafts\3_capcut_project_20260707_223642\Timelines\D554723E-3404-4b05-BBF8-FF301C82EF16\common_attachment",,"2026-07-07 오전 1:31:36"
"C:\Users\user\AppData\Local\CapCut Drafts\3_capcut_project_20260707_223642\Timelines\D554723E-3404-4b05-BBF8-FF301C82EF16\attachment_editing.json","1921","2026-07-07 오전 1:31:36"
"C:\Users\user\AppData\Local\CapCut Drafts\3_capcut_project_20260707_223642\Timelines\D554723E-3404-4b05-BBF8-FF301C82EF16\attachment_pc_common.json","698","2026-07-07 오전 1:31:34"
"C:\Users\user\AppData\Local\CapCut Drafts\3_capcut_project_20260707_223642\Timelines\D554723E-3404-4b05-BBF8-FF301C82EF16\draft.extra","13104","2026-07-07 오전 1:30:33"
"C:\Users\user\AppData\Local\CapCut Drafts\3_capcut_project_20260707_223642\Timelines\D554723E-3404-4b05-BBF8-FF301C82EF16\draft_content.json","526800","2026-07-07 오전 1:31:34"
"C:\Users\user\AppData\Local\CapCut Drafts\3_capcut_project_20260707_223642\Timelines\D554723E-3404-4b05-BBF8-FF301C82EF16\draft_content.json.bak","526800","2026-07-07 오전 1:31:05"
"C:\Users\user\AppData\Local\CapCut Drafts\3_capcut_project_20260707_223642\Timelines\D554723E-3404-4b05-BBF8-FF301C82EF16\draft_cover.jpg","65578","2026-07-07 오전 1:31:34"
"C:\Users\user\AppData\Local\CapCut Drafts\3_capcut_project_20260707_223642\Timelines\D554723E-3404-4b05-BBF8-FF301C82EF16\template-2.tmp","526800","2026-07-07 오전 1:31:34"
"C:\Users\user\AppData\Local\CapCut Drafts\3_capcut_project_20260707_223642\Timelines\D554723E-3404-4b05-BBF8-FF301C82EF16\template.tmp","3941","2026-07-07 오전 1:31:05"
"C:\Users\user\AppData\Local\CapCut Drafts\3_capcut_project_20260707_223642\Timelines\D554723E-3404-4b05-BBF8-FF301C82EF16\attachment\patch",,"2026-07-07 오전 1:31:06"
"C:\Users\user\AppData\Local\CapCut Drafts\3_capcut_project_20260707_223642\Timelines\D554723E-3404-4b05-BBF8-FF301C82EF16\attachment\patch\mini_draft.json","531554","2026-07-07 오전 1:31:05"
"C:\Users\user\AppData\Local\CapCut Drafts\3_capcut_project_20260707_223642\Timelines\D554723E-3404-4b05-BBF8-FF301C82EF16\attachment\patch\patch.json","19","2026-07-07 오전 1:31:06"
"C:\Users\user\AppData\Local\CapCut Drafts\3_capcut_project_20260707_223642\Timelines\D554723E-3404-4b05-BBF8-FF301C82EF16\common_attachment\attachment_action_scene.json","25560","2026-07-07 오전 1:31:36"
"C:\Users\user\AppData\Local\CapCut Drafts\3_capcut_project_20260707_223642\Timelines\D554723E-3404-4b05-BBF8-FF301C82EF16\common_attachment\attachment_gen_ai_info.json","453","2026-07-07 오전 1:31:36"
"C:\Users\user\AppData\Local\CapCut Drafts\3_capcut_project_20260707_223642\Timelines\D554723E-3404-4b05-BBF8-FF301C82EF16\common_attachment\attachment_pc_timeline.json","166","2026-07-07 오전 1:31:34"
"C:\Users\user\AppData\Local\CapCut Drafts\3_capcut_project_20260707_223642\Timelines\D554723E-3404-4b05-BBF8-FF301C82EF16\common_attachment\attachment_plugin_draft.json","59","2026-07-07 오전 1:31:36"
"C:\Users\user\AppData\Local\CapCut Drafts\3_capcut_project_20260707_223642\Timelines\D554723E-3404-4b05-BBF8-FF301C82EF16\common_attachment\attachment_script_video.json","201","2026-07-07 오전 1:31:36"
"C:\Users\user\AppData\Local\CapCut Drafts\3_capcut_project_20260707_223642\video_effect\aigc_artifact",,"2026-07-05 오후 2:11:05"
"C:\Users\user\AppData\Local\CapCut Drafts\차량용(유튜브)\adjust_mask",,"2026-06-19 오후 11:50:35"
"C:\Users\user\AppData\Local\CapCut Drafts\차량용(유튜브)\common_attachment",,"2026-06-20 오후 12:19:16"
"C:\Users\user\AppData\Local\CapCut Drafts\차량용(유튜브)\matting",,"2026-06-19 오후 11:50:35"
"C:\Users\user\AppData\Local\CapCut Drafts\차량용(유튜브)\qr_upload",,"2026-06-19 오후 11:50:36"
"C:\Users\user\AppData\Local\CapCut Drafts\차량용(유튜브)\Resources",,"2026-06-20 오전 6:00:43"
"C:\Users\user\AppData\Local\CapCut Drafts\차량용(유튜브)\smart_crop",,"2026-06-19 오후 11:50:35"
"C:\Users\user\AppData\Local\CapCut Drafts\차량용(유튜브)\subdraft",,"2026-06-19 오후 11:50:36"
"C:\Users\user\AppData\Local\CapCut Drafts\차량용(유튜브)\Timelines",,"2026-06-20 오전 1:55:19"
"C:\Users\user\AppData\Local\CapCut Drafts\차량용(유튜브)\video_effect",,"2026-06-24 오전 2:59:30"
"C:\Users\user\AppData\Local\CapCut Drafts\차량용(유튜브)\attachment_editing.json","1796","2026-06-21 오전 5:57:45"
"C:\Users\user\AppData\Local\CapCut Drafts\차량용(유튜브)\attachment_pc_common.json","698","2026-06-24 오전 2:59:35"
"C:\Users\user\AppData\Local\CapCut Drafts\차량용(유튜브)\draft_agency_config.json","4139","2026-06-20 오후 5:31:31"
"C:\Users\user\AppData\Local\CapCut Drafts\차량용(유튜브)\draft_biz_config.json","0","2026-06-19 오후 11:50:35"
"C:\Users\user\AppData\Local\CapCut Drafts\차량용(유튜브)\draft_content.json","478509","2026-06-24 오전 2:59:35"
"C:\Users\user\AppData\Local\CapCut Drafts\차량용(유튜브)\draft_content.json.bak","476381","2026-06-21 오전 5:57:37"
"C:\Users\user\AppData\Local\CapCut Drafts\차량용(유튜브)\draft_cover.jpg","132539","2026-06-24 오전 2:59:35"
"C:\Users\user\AppData\Local\CapCut Drafts\차량용(유튜브)\draft_meta_info.json","8716","2026-06-24 오전 2:59:37"
"C:\Users\user\AppData\Local\CapCut Drafts\차량용(유튜브)\draft_settings","182","2026-06-24 오전 2:59:35"
"C:\Users\user\AppData\Local\CapCut Drafts\차량용(유튜브)\draft_virtual_store.json","1135","2026-06-21 오전 5:13:53"
"C:\Users\user\AppData\Local\CapCut Drafts\차량용(유튜브)\key_value.json","73579","2026-06-21 오전 5:57:42"
"C:\Users\user\AppData\Local\CapCut Drafts\차량용(유튜브)\performance_opt_info.json","71","2026-06-24 오전 2:59:36"
"C:\Users\user\AppData\Local\CapCut Drafts\차량용(유튜브)\template-2.tmp","478509","2026-06-24 오전 2:59:35"
"C:\Users\user\AppData\Local\CapCut Drafts\차량용(유튜브)\timeline_layout.json","211","2026-06-24 오전 2:59:30"
"C:\Users\user\AppData\Local\CapCut Drafts\차량용(유튜브)\common_attachment\attachment_action_scene.json","70189","2026-06-21 오전 5:57:44"
"C:\Users\user\AppData\Local\CapCut Drafts\차량용(유튜브)\common_attachment\attachment_gen_ai_info.json","418","2026-06-21 오전 5:57:45"
"C:\Users\user\AppData\Local\CapCut Drafts\차량용(유튜브)\common_attachment\attachment_pc_timeline.json","202","2026-06-24 오전 2:59:35"
"C:\Users\user\AppData\Local\CapCut Drafts\차량용(유튜브)\common_attachment\attachment_plugin_draft.json","59","2026-06-21 오전 5:57:45"
"C:\Users\user\AppData\Local\CapCut Drafts\차량용(유튜브)\common_attachment\attachment_script_video.json","201","2026-06-21 오전 5:57:45"
"C:\Users\user\AppData\Local\CapCut Drafts\차량용(유튜브)\Resources\audioAlg",,"2026-06-19 오후 11:50:35"
"C:\Users\user\AppData\Local\CapCut Drafts\차량용(유튜브)\Resources\digitalHuman",,"2026-06-20 오전 6:00:43"
"C:\Users\user\AppData\Local\CapCut Drafts\차량용(유튜브)\Resources\videoAlg",,"2026-06-19 오후 11:50:35"
"C:\Users\user\AppData\Local\CapCut Drafts\차량용(유튜브)\Resources\digitalHuman\audio",,"2026-06-20 오전 6:00:43"
"C:\Users\user\AppData\Local\CapCut Drafts\차량용(유튜브)\Resources\digitalHuman\bsinfo",,"2026-06-20 오전 6:00:43"
"C:\Users\user\AppData\Local\CapCut Drafts\차량용(유튜브)\Resources\digitalHuman\video",,"2026-06-20 오전 6:00:43"
"C:\Users\user\AppData\Local\CapCut Drafts\차량용(유튜브)\Timelines\C9D8315E-31DC-4ffa-8BC9-0C60F85DD868",,"2026-06-21 오전 5:57:44"
"C:\Users\user\AppData\Local\CapCut Drafts\차량용(유튜브)\Timelines\F256500F-4410-4f0b-B68D-F60B0CA6FAE4",,"2026-06-24 오전 2:59:36"
"C:\Users\user\AppData\Local\CapCut Drafts\차량용(유튜브)\Timelines\project.json","595","2026-06-24 오전 2:59:30"
"C:\Users\user\AppData\Local\CapCut Drafts\차량용(유튜브)\Timelines\project.json.bak","595","2026-06-24 오전 2:59:30"
"C:\Users\user\AppData\Local\CapCut Drafts\차량용(유튜브)\Timelines\C9D8315E-31DC-4ffa-8BC9-0C60F85DD868\common_attachment",,"2026-06-21 오전 5:57:44"
"C:\Users\user\AppData\Local\CapCut Drafts\차량용(유튜브)\Timelines\C9D8315E-31DC-4ffa-8BC9-0C60F85DD868\attachment_editing.json","1797","2026-06-21 오전 5:57:44"
"C:\Users\user\AppData\Local\CapCut Drafts\차량용(유튜브)\Timelines\C9D8315E-31DC-4ffa-8BC9-0C60F85DD868\attachment_pc_common.json","698","2026-06-24 오전 2:59:35"
"C:\Users\user\AppData\Local\CapCut Drafts\차량용(유튜브)\Timelines\C9D8315E-31DC-4ffa-8BC9-0C60F85DD868\draft_content.json","32320","2026-06-24 오전 2:59:35"
"C:\Users\user\AppData\Local\CapCut Drafts\차량용(유튜브)\Timelines\C9D8315E-31DC-4ffa-8BC9-0C60F85DD868\draft_content.json.bak","32292","2026-06-21 오전 5:57:37"
"C:\Users\user\AppData\Local\CapCut Drafts\차량용(유튜브)\Timelines\C9D8315E-31DC-4ffa-8BC9-0C60F85DD868\template-2.tmp","32320","2026-06-24 오전 2:59:35"
"C:\Users\user\AppData\Local\CapCut Drafts\차량용(유튜브)\Timelines\C9D8315E-31DC-4ffa-8BC9-0C60F85DD868\template.tmp","3892","2026-06-21 오전 4:15:31"
"C:\Users\user\AppData\Local\CapCut Drafts\차량용(유튜브)\Timelines\C9D8315E-31DC-4ffa-8BC9-0C60F85DD868\common_attachment\attachment_action_scene.json","61","2026-06-21 오전 5:57:44"
"C:\Users\user\AppData\Local\CapCut Drafts\차량용(유튜브)\Timelines\C9D8315E-31DC-4ffa-8BC9-0C60F85DD868\common_attachment\attachment_gen_ai_info.json","418","2026-06-20 오전 6:00:41"
"C:\Users\user\AppData\Local\CapCut Drafts\차량용(유튜브)\Timelines\C9D8315E-31DC-4ffa-8BC9-0C60F85DD868\common_attachment\attachment_pc_timeline.json","124","2026-06-21 오전 5:57:37"
"C:\Users\user\AppData\Local\CapCut Drafts\차량용(유튜브)\Timelines\C9D8315E-31DC-4ffa-8BC9-0C60F85DD868\common_attachment\attachment_script_video.json","201","2026-06-21 오전 5:57:44"
"C:\Users\user\AppData\Local\CapCut Drafts\차량용(유튜브)\Timelines\F256500F-4410-4f0b-B68D-F60B0CA6FAE4\attachment",,"2026-06-19 오후 11:50:36"
"C:\Users\user\AppData\Local\CapCut Drafts\차량용(유튜브)\Timelines\F256500F-4410-4f0b-B68D-F60B0CA6FAE4\common_attachment",,"2026-06-24 오전 2:59:36"
"C:\Users\user\AppData\Local\CapCut Drafts\차량용(유튜브)\Timelines\F256500F-4410-4f0b-B68D-F60B0CA6FAE4\attachment_editing.json","1837","2026-06-24 오전 2:59:36"
"C:\Users\user\AppData\Local\CapCut Drafts\차량용(유튜브)\Timelines\F256500F-4410-4f0b-B68D-F60B0CA6FAE4\attachment_pc_common.json","698","2026-06-24 오전 2:59:35"
"C:\Users\user\AppData\Local\CapCut Drafts\차량용(유튜브)\Timelines\F256500F-4410-4f0b-B68D-F60B0CA6FAE4\draft.extra","21780","2026-06-24 오전 2:59:30"
"C:\Users\user\AppData\Local\CapCut Drafts\차량용(유튜브)\Timelines\F256500F-4410-4f0b-B68D-F60B0CA6FAE4\draft_content.json","478509","2026-06-24 오전 2:59:35"
"C:\Users\user\AppData\Local\CapCut Drafts\차량용(유튜브)\Timelines\F256500F-4410-4f0b-B68D-F60B0CA6FAE4\draft_content.json.bak","476381","2026-06-21 오전 5:57:37"
"C:\Users\user\AppData\Local\CapCut Drafts\차량용(유튜브)\Timelines\F256500F-4410-4f0b-B68D-F60B0CA6FAE4\draft_cover.jpg","132539","2026-06-24 오전 2:59:35"
"C:\Users\user\AppData\Local\CapCut Drafts\차량용(유튜브)\Timelines\F256500F-4410-4f0b-B68D-F60B0CA6FAE4\template-2.tmp","478509","2026-06-24 오전 2:59:35"
"C:\Users\user\AppData\Local\CapCut Drafts\차량용(유튜브)\Timelines\F256500F-4410-4f0b-B68D-F60B0CA6FAE4\template.tmp","3920","2026-06-24 오전 2:59:35"
"C:\Users\user\AppData\Local\CapCut Drafts\차량용(유튜브)\Timelines\F256500F-4410-4f0b-B68D-F60B0CA6FAE4\attachment\patch",,"2026-06-21 오전 5:25:30"
"C:\Users\user\AppData\Local\CapCut Drafts\차량용(유튜브)\Timelines\F256500F-4410-4f0b-B68D-F60B0CA6FAE4\attachment\patch\mini_draft.json","522834","2026-06-21 오전 5:25:29"
"C:\Users\user\AppData\Local\CapCut Drafts\차량용(유튜브)\Timelines\F256500F-4410-4f0b-B68D-F60B0CA6FAE4\attachment\patch\patch.json","19","2026-06-21 오전 5:25:30"
"C:\Users\user\AppData\Local\CapCut Drafts\차량용(유튜브)\Timelines\F256500F-4410-4f0b-B68D-F60B0CA6FAE4\common_attachment\attachment_action_scene.json","70189","2026-06-24 오전 2:59:36"
"C:\Users\user\AppData\Local\CapCut Drafts\차량용(유튜브)\Timelines\F256500F-4410-4f0b-B68D-F60B0CA6FAE4\common_attachment\attachment_gen_ai_info.json","453","2026-06-24 오전 2:59:36"
"C:\Users\user\AppData\Local\CapCut Drafts\차량용(유튜브)\Timelines\F256500F-4410-4f0b-B68D-F60B0CA6FAE4\common_attachment\attachment_pc_timeline.json","202","2026-06-24 오전 2:59:35"
"C:\Users\user\AppData\Local\CapCut Drafts\차량용(유튜브)\Timelines\F256500F-4410-4f0b-B68D-F60B0CA6FAE4\common_attachment\attachment_plugin_draft.json","59","2026-06-21 오전 5:57:45"
"C:\Users\user\AppData\Local\CapCut Drafts\차량용(유튜브)\Timelines\F256500F-4410-4f0b-B68D-F60B0CA6FAE4\common_attachment\attachment_script_video.json","201","2026-06-24 오전 2:59:36"
"C:\Users\user\AppData\Local\CapCut Drafts\차량용(유튜브)\video_effect\aigc_artifact",,"2026-06-24 오전 2:59:30"
"C:\Users\user\AppData\Local\CapCut Drafts\휴대용선풍기\adjust_mask",,"2026-06-18 오후 11:59:24"
"C:\Users\user\AppData\Local\CapCut Drafts\휴대용선풍기\common_attachment",,"2026-06-19 오전 4:26:24"
"C:\Users\user\AppData\Local\CapCut Drafts\휴대용선풍기\matting",,"2026-06-18 오후 11:59:24"
"C:\Users\user\AppData\Local\CapCut Drafts\휴대용선풍기\qr_upload",,"2026-06-18 오후 11:59:25"
"C:\Users\user\AppData\Local\CapCut Drafts\휴대용선풍기\Resources",,"2026-06-19 오전 4:26:32"
"C:\Users\user\AppData\Local\CapCut Drafts\휴대용선풍기\smart_crop",,"2026-06-18 오후 11:59:24"
"C:\Users\user\AppData\Local\CapCut Drafts\휴대용선풍기\subdraft",,"2026-06-18 오후 11:59:25"
"C:\Users\user\AppData\Local\CapCut Drafts\휴대용선풍기\Timelines",,"2026-06-18 오후 11:59:24"
"C:\Users\user\AppData\Local\CapCut Drafts\휴대용선풍기\attachment_editing.json","1796","2026-06-19 오전 12:31:58"
"C:\Users\user\AppData\Local\CapCut Drafts\휴대용선풍기\attachment_pc_common.json","698","2026-06-19 오전 4:26:24"
"C:\Users\user\AppData\Local\CapCut Drafts\휴대용선풍기\draft_agency_config.json","1320","2026-06-19 오전 12:58:30"
"C:\Users\user\AppData\Local\CapCut Drafts\휴대용선풍기\draft_biz_config.json","0","2026-06-18 오후 11:59:24"
"C:\Users\user\AppData\Local\CapCut Drafts\휴대용선풍기\draft_content.json","566103","2026-06-19 오전 4:26:24"
"C:\Users\user\AppData\Local\CapCut Drafts\휴대용선풍기\draft_content.json.bak","566103","2026-06-19 오전 4:26:22"
"C:\Users\user\AppData\Local\CapCut Drafts\휴대용선풍기\draft_cover.jpg","131292","2026-06-19 오전 4:26:24"
"C:\Users\user\AppData\Local\CapCut Drafts\휴대용선풍기\draft_meta_info.json","16360","2026-06-19 오전 4:26:32"
"C:\Users\user\AppData\Local\CapCut Drafts\휴대용선풍기\draft_settings","146","2026-06-19 오전 4:26:24"
"C:\Users\user\AppData\Local\CapCut Drafts\휴대용선풍기\draft_virtual_store.json","1001","2026-06-19 오전 4:23:42"
"C:\Users\user\AppData\Local\CapCut Drafts\휴대용선풍기\key_value.json","45290","2026-06-19 오전 4:26:28"
"C:\Users\user\AppData\Local\CapCut Drafts\휴대용선풍기\performance_opt_info.json","71","2026-06-19 오전 4:26:28"
"C:\Users\user\AppData\Local\CapCut Drafts\휴대용선풍기\template-2.tmp","566103","2026-06-19 오전 4:26:24"
"C:\Users\user\AppData\Local\CapCut Drafts\휴대용선풍기\timeline_layout.json","154","2026-06-18 오후 11:59:25"
"C:\Users\user\AppData\Local\CapCut Drafts\휴대용선풍기\common_attachment\attachment_pc_timeline.json","123","2026-06-19 오전 4:26:24"
"C:\Users\user\AppData\Local\CapCut Drafts\휴대용선풍기\Resources\audioAlg",,"2026-06-18 오후 11:59:24"
"C:\Users\user\AppData\Local\CapCut Drafts\휴대용선풍기\Resources\digitalHuman",,"2026-06-19 오전 4:26:32"
"C:\Users\user\AppData\Local\CapCut Drafts\휴대용선풍기\Resources\local",,"2026-06-19 오전 4:23:42"
"C:\Users\user\AppData\Local\CapCut Drafts\휴대용선풍기\Resources\videoAlg",,"2026-06-18 오후 11:59:24"
"C:\Users\user\AppData\Local\CapCut Drafts\휴대용선풍기\Resources\digitalHuman\audio",,"2026-06-19 오전 4:26:32"
"C:\Users\user\AppData\Local\CapCut Drafts\휴대용선풍기\Resources\digitalHuman\bsinfo",,"2026-06-19 오전 4:26:32"
"C:\Users\user\AppData\Local\CapCut Drafts\휴대용선풍기\Resources\digitalHuman\video",,"2026-06-19 오전 4:26:32"
"C:\Users\user\AppData\Local\CapCut Drafts\휴대용선풍기\Resources\local\054dcefc6f0a045e3728e2ab893b58d2.mp4","5929200","2026-06-19 오전 12:58:30"
"C:\Users\user\AppData\Local\CapCut Drafts\휴대용선풍기\Resources\local\26b0d7478a0fa455cbcf153610ba0029.mp4","3425512","2026-06-19 오전 12:58:30"
"C:\Users\user\AppData\Local\CapCut Drafts\휴대용선풍기\Resources\local\3317f86fa4510f148ab64f7fd36521b8.png","1941048","2026-06-19 오전 2:13:06"
"C:\Users\user\AppData\Local\CapCut Drafts\휴대용선풍기\Resources\local\4e89a3ab9fcc63924026b32c72ed9469.mp4","7523014","2026-06-19 오전 12:58:30"
"C:\Users\user\AppData\Local\CapCut Drafts\휴대용선풍기\Resources\local\55acfc787a97d11aee73466e7085a23c.png","6081","2026-06-14 오후 11:08:35"
"C:\Users\user\AppData\Local\CapCut Drafts\휴대용선풍기\Resources\local\7a27bec85bcf25693d23cd7856c21b49.mp4","4741030","2026-06-19 오전 12:58:30"
"C:\Users\user\AppData\Local\CapCut Drafts\휴대용선풍기\Resources\local\7bb2b65cb1c1f47e3b0d658a2dd1d115.mp3","189170","2026-06-19 오전 2:33:44"
"C:\Users\user\AppData\Local\CapCut Drafts\휴대용선풍기\Resources\local\8ff99b72b1e11756c3795706a1dfb6cd.mp4","2657250","2026-06-19 오전 12:58:30"
"C:\Users\user\AppData\Local\CapCut Drafts\휴대용선풍기\Resources\local\b0c1501671dbbf927aa21cbd25f442f3.mp3","1686509","2026-06-19 오전 2:32:14"
"C:\Users\user\AppData\Local\CapCut Drafts\휴대용선풍기\Resources\local\b104753f2d9fed6f050ce4faef06274d.mp3","170362","2026-06-19 오전 1:25:35"
"C:\Users\user\AppData\Local\CapCut Drafts\휴대용선풍기\Resources\local\e5668adc6402ca5234564a88423f9387.mp3","2610199","2026-06-19 오전 1:23:50"
"C:\Users\user\AppData\Local\CapCut Drafts\휴대용선풍기\Timelines\3603F0DC-5A9F-49c6-9B5A-E8C4D5E4D8FF",,"2026-06-19 오전 4:26:32"
"C:\Users\user\AppData\Local\CapCut Drafts\휴대용선풍기\Timelines\project.json","437","2026-06-18 오후 11:59:53"
"C:\Users\user\AppData\Local\CapCut Drafts\휴대용선풍기\Timelines\project.json.bak","437","2026-06-18 오후 11:59:53"
"C:\Users\user\AppData\Local\CapCut Drafts\휴대용선풍기\Timelines\3603F0DC-5A9F-49c6-9B5A-E8C4D5E4D8FF\attachment",,"2026-06-18 오후 11:59:25"
"C:\Users\user\AppData\Local\CapCut Drafts\휴대용선풍기\Timelines\3603F0DC-5A9F-49c6-9B5A-E8C4D5E4D8FF\common_attachment",,"2026-06-19 오전 4:26:32"
"C:\Users\user\AppData\Local\CapCut Drafts\휴대용선풍기\Timelines\3603F0DC-5A9F-49c6-9B5A-E8C4D5E4D8FF\attachment_editing.json","1796","2026-06-19 오전 4:26:32"
"C:\Users\user\AppData\Local\CapCut Drafts\휴대용선풍기\Timelines\3603F0DC-5A9F-49c6-9B5A-E8C4D5E4D8FF\attachment_pc_common.json","698","2026-06-19 오전 4:26:24"
"C:\Users\user\AppData\Local\CapCut Drafts\휴대용선풍기\Timelines\3603F0DC-5A9F-49c6-9B5A-E8C4D5E4D8FF\draft.extra","20460","2026-06-19 오전 4:25:30"
"C:\Users\user\AppData\Local\CapCut Drafts\휴대용선풍기\Timelines\3603F0DC-5A9F-49c6-9B5A-E8C4D5E4D8FF\draft_content.json","566103","2026-06-19 오전 4:26:24"
"C:\Users\user\AppData\Local\CapCut Drafts\휴대용선풍기\Timelines\3603F0DC-5A9F-49c6-9B5A-E8C4D5E4D8FF\draft_content.json.bak","566103","2026-06-19 오전 4:26:22"
"C:\Users\user\AppData\Local\CapCut Drafts\휴대용선풍기\Timelines\3603F0DC-5A9F-49c6-9B5A-E8C4D5E4D8FF\draft_cover.jpg","131292","2026-06-19 오전 4:26:24"
"C:\Users\user\AppData\Local\CapCut Drafts\휴대용선풍기\Timelines\3603F0DC-5A9F-49c6-9B5A-E8C4D5E4D8FF\template-2.tmp","566103","2026-06-19 오전 4:26:24"
"C:\Users\user\AppData\Local\CapCut Drafts\휴대용선풍기\Timelines\3603F0DC-5A9F-49c6-9B5A-E8C4D5E4D8FF\template.tmp","3892","2026-06-18 오후 11:59:24"
"C:\Users\user\AppData\Local\CapCut Drafts\휴대용선풍기\Timelines\3603F0DC-5A9F-49c6-9B5A-E8C4D5E4D8FF\attachment\patch",,"2026-06-19 오전 4:26:23"
"C:\Users\user\AppData\Local\CapCut Drafts\휴대용선풍기\Timelines\3603F0DC-5A9F-49c6-9B5A-E8C4D5E4D8FF\attachment\patch\mini_draft.json","609403","2026-06-19 오전 4:26:22"
"C:\Users\user\AppData\Local\CapCut Drafts\휴대용선풍기\Timelines\3603F0DC-5A9F-49c6-9B5A-E8C4D5E4D8FF\attachment\patch\patch.json","19","2026-06-19 오전 4:26:23"
"C:\Users\user\AppData\Local\CapCut Drafts\휴대용선풍기\Timelines\3603F0DC-5A9F-49c6-9B5A-E8C4D5E4D8FF\common_attachment\attachment_action_scene.json","23799","2026-06-19 오전 4:26:32"
"C:\Users\user\AppData\Local\CapCut Drafts\휴대용선풍기\Timelines\3603F0DC-5A9F-49c6-9B5A-E8C4D5E4D8FF\common_attachment\attachment_gen_ai_info.json","418","2026-06-19 오전 4:26:32"
"C:\Users\user\AppData\Local\CapCut Drafts\휴대용선풍기\Timelines\3603F0DC-5A9F-49c6-9B5A-E8C4D5E4D8FF\common_attachment\attachment_pc_timeline.json","123","2026-06-19 오전 4:26:24"
"C:\Users\user\AppData\Local\CapCut Drafts\휴대용선풍기\Timelines\3603F0DC-5A9F-49c6-9B5A-E8C4D5E4D8FF\common_attachment\attachment_plugin_draft.json","59","2026-06-19 오전 4:26:32"
"C:\Users\user\AppData\Local\CapCut Drafts\휴대용선풍기\Timelines\3603F0DC-5A9F-49c6-9B5A-E8C4D5E4D8FF\common_attachment\attachment_script_video.json","201","2026-06-19 오전 4:26:32"
